{"type": "FeatureCollection", "features": [{"type": "Feature", "geometry": {"type": "Point", "coordinates": [77.59474, 13.00541]}, "properties": {"id": "BLR-SCH-001", "kind": "school", "name": "PU College, Bengaluru Zone 1", "city": "Bengaluru", "state": "Karnataka", "lat": 13.00541, "lon": 77.59474, "capacity": 2371, "contact": "blr-sch-001@example.org", "data_source": "synthetic_demo"}}, {"type": "Feature", "geometry": {"type": "Point", "coordinates": [77.49116, 12.92014]}, "properties": {"id": "BLR-SCH-002", "kind": "school", "name": "Govt. High School, Bengaluru Zone 2", "city": "Bengaluru", "state": "Karnataka", "lat": 12.92014, "lon": 77.49116, "capacity": 2645, "contact": "blr-sch-002@example.org", "data_source": "synthetic_demo"}}, {"type": "Feature", "geometry": {"type": "Point", "coordinates": [77.60159, 13.1233]}, "properties": {"id": "BLR-SCH-003", "kind": "school", "name": "Govt. Primary School, Bengaluru Zone 3", "city": "Bengaluru", "state": "Karnataka", "lat": 13.1233, "lon": 77.60159, "capacity": 2431, "contact": "blr-sch-003@example.org", "data_source": "synthetic_demo"}}, {"type": "Feature", "geometry": {"type": "Point", "coordinates": [77.52253, 13.02704]}, "properties": {"id": "BLR-SCH-004", "kind": "school", "name": "Public School, Bengaluru Zone 4", "city": "Bengaluru", "state": "Karnataka", "lat": 13.02704, "lon": 77.52253, "capacity": 979, "contact": "blr-sch-004@example.org", "data_source": "synthetic_demo"}}, {"type": "Feature", "geometry": {"type": "Point", "coordinates": [77.60684, 12.86628]}, "properties": {"id": "BLR-SCH-005", "kind": "school", "name": "Public School, Bengaluru Zone 5", "city": "Bengaluru", "state": "Karnataka", "lat": 12.86628, "lon": 77.60684, "capacity": 1612, "contact": "blr-sch-005@example.org", "data_source": "synthetic_demo"}}, {"type": "Feature", "geometry": {"type": "Point", "coordinates": [77.67536, 12.81945]}, "properties": {"id": "BLR-SCH-006", "kind": "school", "name": "Engineering College, Bengaluru Zone 6", "city": "Bengaluru", "state": "Karnataka", "lat": 12.81945, "lon": 77.67536, "capacity": 2419, "contact": "blr-sch-006@example.org", "data_source": "synthetic_demo"}}, {"type": "Feature", "geometry": {"type": "Point", "coordinates": [77.37377, 12.82564]}, "properties": {"id": "BLR-SCH-007", "kind": "school", "name": "Public School, Bengaluru Zone 7", "city": "Bengaluru", "state": "Karnataka", "lat": 12.82564, "lon": 77.37377, "capacity": 802, "contact": "blr-sch-007@example.org", "data_source": "synthetic_demo"}}, {"type": "Feature", "geometry": {"type": "Point", "coordinates": [77.56729, 12.82814]}, "properties": {"id": "BLR-SCH-008", "kind": "school", "name": "Govt. Primary School, Bengaluru Zone 8", "city": "Bengaluru", "state": "Karnataka", "lat": 12.82814, "lon": 77.56729, "capacity": 323, "contact": "blr-sch-008@example.org", "data_source": "synthetic_demo"}}, {"type": "Feature", "geometry": {"type": "Point", "coordinates": [77.61281, 12.95044]}, "properties": {"id": "BLR-SCH-009", "kind": "school", "name": "Degree College, Bengaluru Zone 1", "city": "Bengaluru", "state": "Karnataka", "lat": 12.95044, "lon": 77.61281, "capacity": 1505, "contact": "blr-sch-009@example.org", "data_source": "synthetic_demo"}}, {"type": "Feature", "geometry": {"type": "Point", "coordinates": [77.53203, 12.96611]}, "properties": {"id": "BLR-SCH-010", "kind": "school", "name": "Public School, Bengaluru Zone 2", "city": "Bengaluru", "state": "Karnataka", "lat": 12.96611, "lon": 77.53203, "capacity": 1639, "contact": "blr-sch-010@example.org", "data_source": "synthetic_demo"}}, {"type": "Feature", "geometry": {"type": "Point", "coordinates": [77.41687, 12.91752]}, "properties": {"id": "BLR-SCH-011", "kind": "school", "name": "Govt. Primary School, Bengaluru Zone 3", "city": "Bengaluru", "state": "Karnataka", "lat": 12.91752, "lon": 77.41687, "capacity": 738, "contact": "blr-sch-011@example.org", "data_source": "synthetic_demo"}}, {"type": "Feature", "geometry": {"type": "Point", "coordinates": [77.50065, 13.09168]}, "properties": {"id": "BLR-SCH-012", "kind": "school", "name": "Engineering College, Bengaluru Zone 4", "city": "Bengaluru", "state": "Karnataka", "lat": 13.09168, "lon": 77.50065, "capacity": 1234, "contact": "blr-sch-012@example.org", "data_source": "synthetic_demo"}}, {"type": "Feature", "geometry": {"type": "Point", "coordinates": [77.59082, 13.0717]}, "properties": {"id": "BLR-SCH-013", "kind": "school", "name": "PU College, Bengaluru Zone 5", "city": "Bengaluru", "state": "Karnataka", "lat": 13.0717, "lon": 77.59082, "capacity": 632, "contact": "blr-sch-013@example.org", "data_source": "synthetic_demo"}}, {"type": "Feature", "geometry": {"type": "Point", "coordinates": [77.58163, 12.9841]}, "properties": {"id": "BLR-SCH-014", "kind": "school", "name": "Govt. High School, Bengaluru Zone 6", "city": "Bengaluru", "state": "Karnataka", "lat": 12.9841, "lon": 77.58163, "capacity": 1627, "contact": "blr-sch-014@example.org", "data_source": "synthetic_demo"}}, {"type": "Feature", "geometry": {"type": "Point", "coordinates": [77.45231, 12.98022]}, "properties": {"id": "BLR-SCH-015", "kind": "school", "name": "Govt. Primary School, Bengaluru Zone 7", "city": "Bengaluru", "state": "Karnataka", "lat": 12.98022, "lon": 77.45231, "capacity": 2276, "contact": "blr-sch-015@example.org", "data_source": "synthetic_demo"}}, {"type": "Feature", "geometry": {"type": "Point", "coordinates": [77.4149, 13.06887]}, "properties": {"id": "BLR-SCH-016", "kind": "school", "name": "Engineering College, Bengaluru Zone 8", "city": "Bengaluru", "state": "Karnataka", "lat": 13.06887, "lon": 77.4149, "capacity": 1621, "contact": "blr-sch-016@example.org", "data_source": "synthetic_demo"}}, {"type": "Feature", "geometry": {"type": "Point", "coordinates": [77.52009, 13.19802]}, "properties": {"id": "BLR-SCH-017", "kind": "school", "name": "PU College, Bengaluru Zone 1", "city": "Bengaluru", "state": "Karnataka", "lat": 13.19802, "lon": 77.52009, "capacity": 1874, "contact": "blr-sch-017@example.org", "data_source": "synthetic_demo"}}, {"type": "Feature", "geometry": {"type": "Point", "coordinates": [77.4553, 12.98003]}, "properties": {"id": "BLR-SCH-018", "kind": "school", "name": "PU College, Bengaluru Zone 2", "city": "Bengaluru", "state": "Karnataka", "lat": 12.98003, "lon": 77.4553, "capacity": 1104, "contact": "blr-sch-018@example.org", "data_source": "synthetic_demo"}}, {"type": "Feature", "geometry": {"type": "Point", "coordinates": [77.57267, 13.0489]}, "properties": {"id": "BLR-SCH-019", "kind": "school", "name": "Public School, Bengaluru Zone 3", "city": "Bengaluru", "state": "Karnataka", "lat": 13.0489, "lon": 77.57267, "capacity": 1262, "contact": "blr-sch-019@example.org", "data_source": "synthetic_demo"}}, {"type": "Feature", "geometry": {"type": "Point", "coordinates": [77.6721, 13.13442]}, "properties": {"id": "BLR-SCH-020", "kind": "school", "name": "Public School, Bengaluru Zone 4", "city": "Bengaluru", "state": "Karnataka", "lat": 13.13442, "lon": 77.6721, "capacity": 1894, "contact": "blr-sch-020@example.org", "data_source": "synthetic_demo"}}, {"type": "Feature", "geometry": {"type": "Point", "coordinates": [77.61819, 12.91916]}, "properties": {"id": "BLR-SCH-021", "kind": "school", "name": "Degree College, Bengaluru Zone 5", "city": "Bengaluru", "state": "Karnataka", "lat": 12.91916, "lon": 77.61819, "capacity": 622, "contact": "blr-sch-021@example.org", "data_source": "synthetic_demo"}}, {"type": "Feature", "geometry": {"type": "Point", "coordinates": [77.45671, 12.90603]}, "properties": {"id": "BLR-SCH-022", "kind": "school", "name": "Govt. Primary School, Bengaluru Zone 6", "city": "Bengaluru", "state": "Karnataka", "lat": 12.90603, "lon": 77.45671, "capacity": 1326, "contact": "blr-sch-022@example.org", "data_source": "synthetic_demo"}}, {"type": "Feature", "geometry": {"type": "Point", "coordinates": [77.69899, 13.10122]}, "properties": {"id": "BLR-SCH-023", "kind": "school", "name": "Degree College, Bengaluru Zone 7", "city": "Bengaluru", "state": "Karnataka", "lat": 13.10122, "lon": 77.69899, "capacity": 802, "contact": "blr-sch-023@example.org", "data_source": "synthetic_demo"}}, {"type": "Feature", "geometry": {"type": "Point", "coordinates": [77.5023, 13.04482]}, "properties": {"id": "BLR-SCH-024", "kind": "school", "name": "Public School, Bengaluru Zone 8", "city": "Bengaluru", "state": "Karnataka", "lat": 13.04482, "lon": 77.5023, "capacity": 2647, "contact": "blr-sch-024@example.org", "data_source": "synthetic_demo"}}, {"type": "Feature", "geometry": {"type": "Point", "coordinates": [77.5408, 12.96059]}, "properties": {"id": "BLR-SCH-025", "kind": "school", "name": "Degree College, Bengaluru Zone 1", "city": "Bengaluru", "state": "Karnataka", "lat": 12.96059, "lon": 77.5408, "capacity": 2566, "contact": "blr-sch-025@example.org", "data_source": "synthetic_demo"}}, {"type": "Feature", "geometry": {"type": "Point", "coordinates": [77.67468, 12.93456]}, "properties": {"id": "BLR-SCH-026", "kind": "school", "name": "Degree College, Bengaluru Zone 2", "city": "Bengaluru", "state": "Karnataka", "lat": 12.93456, "lon": 77.67468, "capacity": 1795, "contact": "blr-sch-026@example.org", "data_source": "synthetic_demo"}}, {"type": "Feature", "geometry": {"type": "Point", "coordinates": [77.56554, 13.14404]}, "properties": {"id": "BLR-SCH-027", "kind": "school", "name": "Engineering College, Bengaluru Zone 3", "city": "Bengaluru", "state": "Karnataka", "lat": 13.14404, "lon": 77.56554, "capacity": 2798, "contact": "blr-sch-027@example.org", "data_source": "synthetic_demo"}}, {"type": "Feature", "geometry": {"type": "Point", "coordinates": [77.55933, 13.01151]}, "properties": {"id": "BLR-SCH-028", "kind": "school", "name": "Public School, Bengaluru Zone 4", "city": "Bengaluru", "state": "Karnataka", "lat": 13.01151, "lon": 77.55933, "capacity": 2675, "contact": "blr-sch-028@example.org", "data_source": "synthetic_demo"}}, {"type": "Feature", "geometry": {"type": "Point", "coordinates": [77.57169, 12.8455]}, "properties": {"id": "BLR-SCH-029", "kind": "school", "name": "Govt. Primary School, Bengaluru Zone 5", "city": "Bengaluru", "state": "Karnataka", "lat": 12.8455, "lon": 77.57169, "capacity": 1253, "contact": "blr-sch-029@example.org", "data_source": "synthetic_demo"}}, {"type": "Feature", "geometry": {"type": "Point", "coordinates": [77.54308, 13.10359]}, "properties": {"id": "BLR-SCH-030", "kind": "school", "name": "Engineering College, Bengaluru Zone 6", "city": "Bengaluru", "state": "Karnataka", "lat": 13.10359, "lon": 77.54308, "capacity": 306, "contact": "blr-sch-030@example.org", "data_source": "synthetic_demo"}}, {"type": "Feature", "geometry": {"type": "Point", "coordinates": [77.5918, 13.04725]}, "properties": {"id": "BLR-SCH-031", "kind": "school", "name": "Engineering College, Bengaluru Zone 7", "city": "Bengaluru", "state": "Karnataka", "lat": 13.04725, "lon": 77.5918, "capacity": 1733, "contact": "blr-sch-031@example.org", "data_source": "synthetic_demo"}}, {"type": "Feature", "geometry": {"type": "Point", "coordinates": [77.71681, 12.97099]}, "properties": {"id": "BLR-SCH-032", "kind": "school", "name": "Govt. Primary School, Bengaluru Zone 8", "city": "Bengaluru", "state": "Karnataka", "lat": 12.97099, "lon": 77.71681, "capacity": 270, "contact": "blr-sch-032@example.org", "data_source": "synthetic_demo"}}, {"type": "Feature", "geometry": {"type": "Point", "coordinates": [77.44466, 13.01084]}, "properties": {"id": "BLR-SCH-033", "kind": "school", "name": "Degree College, Bengaluru Zone 1", "city": "Bengaluru", "state": "Karnataka", "lat": 13.01084, "lon": 77.44466, "capacity": 544, "contact": "blr-sch-033@example.org", "data_source": "synthetic_demo"}}, {"type": "Feature", "geometry": {"type": "Point", "coordinates": [77.35819, 12.93714]}, "properties": {"id": "BLR-SCH-034", "kind": "school", "name": "Engineering College, Bengaluru Zone 2", "city": "Bengaluru", "state": "Karnataka", "lat": 12.93714, "lon": 77.35819, "capacity": 1399, "contact": "blr-sch-034@example.org", "data_source": "synthetic_demo"}}, {"type": "Feature", "geometry": {"type": "Point", "coordinates": [77.61365, 13.22568]}, "properties": {"id": "BLR-SCH-035", "kind": "school", "name": "Engineering College, Bengaluru Zone 3", "city": "Bengaluru", "state": "Karnataka", "lat": 13.22568, "lon": 77.61365, "capacity": 1163, "contact": "blr-sch-035@example.org", "data_source": "synthetic_demo"}}, {"type": "Feature", "geometry": {"type": "Point", "coordinates": [77.52213, 12.99485]}, "properties": {"id": "BLR-SCH-036", "kind": "school", "name": "Degree College, Bengaluru Zone 4", "city": "Bengaluru", "state": "Karnataka", "lat": 12.99485, "lon": 77.52213, "capacity": 1195, "contact": "blr-sch-036@example.org", "data_source": "synthetic_demo"}}, {"type": "Feature", "geometry": {"type": "Point", "coordinates": [77.57411, 12.94829]}, "properties": {"id": "BLR-SCH-037", "kind": "school", "name": "Engineering College, Bengaluru Zone 5", "city": "Bengaluru", "state": "Karnataka", "lat": 12.94829, "lon": 77.57411, "capacity": 2745, "contact": "blr-sch-037@example.org", "data_source": "synthetic_demo"}}, {"type": "Feature", "geometry": {"type": "Point", "coordinates": [77.65499, 12.8546]}, "properties": {"id": "BLR-SCH-038", "kind": "school", "name": "Govt. High School, Bengaluru Zone 6", "city": "Bengaluru", "state": "Karnataka", "lat": 12.8546, "lon": 77.65499, "capacity": 214, "contact": "blr-sch-038@example.org", "data_source": "synthetic_demo"}}, {"type": "Feature", "geometry": {"type": "Point", "coordinates": [77.5987, 12.85225]}, "properties": {"id": "BLR-SCH-039", "kind": "school", "name": "PU College, Bengaluru Zone 7", "city": "Bengaluru", "state": "Karnataka", "lat": 12.85225, "lon": 77.5987, "capacity": 582, "contact": "blr-sch-039@example.org", "data_source": "synthetic_demo"}}, {"type": "Feature", "geometry": {"type": "Point", "coordinates": [77.49495, 13.08163]}, "properties": {"id": "BLR-SCH-040", "kind": "school", "name": "Degree College, Bengaluru Zone 8", "city": "Bengaluru", "state": "Karnataka", "lat": 13.08163, "lon": 77.49495, "capacity": 239, "contact": "blr-sch-040@example.org", "data_source": "synthetic_demo"}}, {"type": "Feature", "geometry": {"type": "Point", "coordinates": [77.60497, 12.9047]}, "properties": {"id": "BLR-SCH-041", "kind": "school", "name": "Degree College, Bengaluru Zone 1", "city": "Bengaluru", "state": "Karnataka", "lat": 12.9047, "lon": 77.60497, "capacity": 1636, "contact": "blr-sch-041@example.org", "data_source": "synthetic_demo"}}, {"type": "Feature", "geometry": {"type": "Point", "coordinates": [77.36256, 12.84354]}, "properties": {"id": "BLR-SCH-042", "kind": "school", "name": "Govt. High School, Bengaluru Zone 2", "city": "Bengaluru", "state": "Karnataka", "lat": 12.84354, "lon": 77.36256, "capacity": 755, "contact": "blr-sch-042@example.org", "data_source": "synthetic_demo"}}, {"type": "Feature", "geometry": {"type": "Point", "coordinates": [77.37483, 13.05678]}, "properties": {"id": "BLR-HOS-001", "kind": "hospital", "name": "Community Health Centre, Bengaluru Zone 1", "city": "Bengaluru", "state": "Karnataka", "lat": 13.05678, "lon": 77.37483, "capacity": 289, "contact": "blr-hos-001@example.org", "data_source": "synthetic_demo"}}, {"type": "Feature", "geometry": {"type": "Point", "coordinates": [77.67273, 12.88653]}, "properties": {"id": "BLR-HOS-002", "kind": "hospital", "name": "Multispeciality Hospital, Bengaluru Zone 2", "city": "Bengaluru", "state": "Karnataka", "lat": 12.88653, "lon": 77.67273, "capacity": 285, "contact": "blr-hos-002@example.org", "data_source": "synthetic_demo"}}, {"type": "Feature", "geometry": {"type": "Point", "coordinates": [77.60812, 12.81698]}, "properties": {"id": "BLR-HOS-003", "kind": "hospital", "name": "Primary Health Centre, Bengaluru Zone 3", "city": "Bengaluru", "state": "Karnataka", "lat": 12.81698, "lon": 77.60812, "capacity": 366, "contact": "blr-hos-003@example.org", "data_source": "synthetic_demo"}}, {"type": "Feature", "geometry": {"type": "Point", "coordinates": [77.74345, 12.96498]}, "properties": {"id": "BLR-HOS-004", "kind": "hospital", "name": "Multispeciality Hospital, Bengaluru Zone 4", "city": "Bengaluru", "state": "Karnataka", "lat": 12.96498, "lon": 77.74345, "capacity": 426, "contact": "blr-hos-004@example.org", "data_source": "synthetic_demo"}}, {"type": "Feature", "geometry": {"type": "Point", "coordinates": [77.57809, 12.87349]}, "properties": {"id": "BLR-HOS-005", "kind": "hospital", "name": "District Hospital, Bengaluru Zone 5", "city": "Bengaluru", "state": "Karnataka", "lat": 12.87349, "lon": 77.57809, "capacity": 472, "contact": "blr-hos-005@example.org", "data_source": "synthetic_demo"}}, {"type": "Feature", "geometry": {"type": "Point", "coordinates": [77.53855, 12.96645]}, "properties": {"id": "BLR-HOS-006", "kind": "hospital", "name": "Community Health Centre, Bengaluru Zone 6", "city": "Bengaluru", "state": "Karnataka", "lat": 12.96645, "lon": 77.53855, "capacity": 341, "contact": "blr-hos-006@example.org", "data_source": "synthetic_demo"}}, {"type": "Feature", "geometry": {"type": "Point", "coordinates": [77.52996, 12.84305]}, "properties": {"id": "BLR-HOS-007", "kind": "hospital", "name": "Primary Health Centre, Bengaluru Zone 7", "city": "Bengaluru", "state": "Karnataka", "lat": 12.84305, "lon": 77.52996, "capacity": 355, "contact": "blr-hos-007@example.org", "data_source": "synthetic_demo"}}, {"type": "Feature", "geometry": {"type": "Point", "coordinates": [77.57869, 13.06878]}, "properties": {"id": "BLR-HOS-008", "kind": "hospital", "name": "District Hospital, Bengaluru Zone 8", "city": "Bengaluru", "state": "Karnataka", "lat": 13.06878, "lon": 77.57869, "capacity": 215, "contact": "blr-hos-008@example.org", "data_source": "synthetic_demo"}}, {"type": "Feature", "geometry": {"type": "Point", "coordinates": [77.52291, 12.93873]}, "properties": {"id": "BLR-HOS-009", "kind": "hospital", "name": "Community Health Centre, Bengaluru Zone 1", "city": "Bengaluru", "state": "Karnataka", "lat": 12.93873, "lon": 77.52291, "capacity": 579, "contact": "blr-hos-009@example.org", "data_source": "synthetic_demo"}}, {"type": "Feature", "geometry": {"type": "Point", "coordinates": [77.59542, 12.93384]}, "properties": {"id": "BLR-HOS-010", "kind": "hospital", "name": "District Hospital, Bengaluru Zone 2", "city": "Bengaluru", "state": "Karnataka", "lat": 12.93384, "lon": 77.59542, "capacity": 330, "contact": "blr-hos-010@example.org", "data_source": "synthetic_demo"}}, {"type": "Feature", "geometry": {"type": "Point", "coordinates": [77.45227, 12.89042]}, "properties": {"id": "BLR-HOS-011", "kind": "hospital", "name": "Community Health Centre, Bengaluru Zone 3", "city": "Bengaluru", "state": "Karnataka", "lat": 12.89042, "lon": 77.45227, "capacity": 186, "contact": "blr-hos-011@example.org", "data_source": "synthetic_demo"}}, {"type": "Feature", "geometry": {"type": "Point", "coordinates": [77.5253, 12.86555]}, "properties": {"id": "BLR-HOS-012", "kind": "hospital", "name": "District Hospital, Bengaluru Zone 4", "city": "Bengaluru", "state": "Karnataka", "lat": 12.86555, "lon": 77.5253, "capacity": 107, "contact": "blr-hos-012@example.org", "data_source": "synthetic_demo"}}, {"type": "Feature", "geometry": {"type": "Point", "coordinates": [77.51583, 13.11319]}, "properties": {"id": "BLR-HOS-013", "kind": "hospital", "name": "Primary Health Centre, Bengaluru Zone 5", "city": "Bengaluru", "state": "Karnataka", "lat": 13.11319, "lon": 77.51583, "capacity": 483, "contact": "blr-hos-013@example.org", "data_source": "synthetic_demo"}}, {"type": "Feature", "geometry": {"type": "Point", "coordinates": [77.57307, 12.90801]}, "properties": {"id": "BLR-HOS-014", "kind": "hospital", "name": "Primary Health Centre, Bengaluru Zone 6", "city": "Bengaluru", "state": "Karnataka", "lat": 12.90801, "lon": 77.57307, "capacity": 769, "contact": "blr-hos-014@example.org", "data_source": "synthetic_demo"}}, {"type": "Feature", "geometry": {"type": "Point", "coordinates": [77.67048, 12.96924]}, "properties": {"id": "BLR-HOS-015", "kind": "hospital", "name": "Community Health Centre, Bengaluru Zone 7", "city": "Bengaluru", "state": "Karnataka", "lat": 12.96924, "lon": 77.67048, "capacity": 515, "contact": "blr-hos-015@example.org", "data_source": "synthetic_demo"}}, {"type": "Feature", "geometry": {"type": "Point", "coordinates": [77.51693, 13.01736]}, "properties": {"id": "BLR-HOS-016", "kind": "hospital", "name": "District Hospital, Bengaluru Zone 8", "city": "Bengaluru", "state": "Karnataka", "lat": 13.01736, "lon": 77.51693, "capacity": 340, "contact": "blr-hos-016@example.org", "data_source": "synthetic_demo"}}, {"type": "Feature", "geometry": {"type": "Point", "coordinates": [77.57985, 12.8601]}, "properties": {"id": "BLR-HOS-017", "kind": "hospital", "name": "Multispeciality Hospital, Bengaluru Zone 1", "city": "Bengaluru", "state": "Karnataka", "lat": 12.8601, "lon": 77.57985, "capacity": 589, "contact": "blr-hos-017@example.org", "data_source": "synthetic_demo"}}, {"type": "Feature", "geometry": {"type": "Point", "coordinates": [77.73249, 12.92058]}, "properties": {"id": "BLR-HOS-018", "kind": "hospital", "name": "District Hospital, Bengaluru Zone 2", "city": "Bengaluru", "state": "Karnataka", "lat": 12.92058, "lon": 77.73249, "capacity": 645, "contact": "blr-hos-018@example.org", "data_source": "synthetic_demo"}}, {"type": "Feature", "geometry": {"type": "Point", "coordinates": [77.59111, 12.92722]}, "properties": {"id": "BLR-HOS-019", "kind": "hospital", "name": "Multispeciality Hospital, Bengaluru Zone 3", "city": "Bengaluru", "state": "Karnataka", "lat": 12.92722, "lon": 77.59111, "capacity": 734, "contact": "blr-hos-019@example.org", "data_source": "synthetic_demo"}}, {"type": "Feature", "geometry": {"type": "Point", "coordinates": [77.65965, 12.94123]}, "properties": {"id": "BLR-HOS-020", "kind": "hospital", "name": "Community Health Centre, Bengaluru Zone 4", "city": "Bengaluru", "state": "Karnataka", "lat": 12.94123, "lon": 77.65965, "capacity": 35, "contact": "blr-hos-020@example.org", "data_source": "synthetic_demo"}}, {"type": "Feature", "geometry": {"type": "Point", "coordinates": [77.59689, 13.08997]}, "properties": {"id": "BLR-HOS-021", "kind": "hospital", "name": "Multispeciality Hospital, Bengaluru Zone 5", "city": "Bengaluru", "state": "Karnataka", "lat": 13.08997, "lon": 77.59689, "capacity": 166, "contact": "blr-hos-021@example.org", "data_source": "synthetic_demo"}}, {"type": "Feature", "geometry": {"type": "Point", "coordinates": [77.64398, 12.90072]}, "properties": {"id": "BLR-RES-001", "kind": "rescue_team", "name": "SDRF Unit, Bengaluru Zone 1", "city": "Bengaluru", "state": "Karnataka", "lat": 12.90072, "lon": 77.64398, "capacity": 41, "contact": "blr-res-001@example.org", "data_source": "synthetic_demo"}}, {"type": "Feature", "geometry": {"type": "Point", "coordinates": [77.71714, 13.09314]}, "properties": {"id": "BLR-RES-002", "kind": "rescue_team", "name": "NDRF Team, Bengaluru Zone 2", "city": "Bengaluru", "state": "Karnataka", "lat": 13.09314, "lon": 77.71714, "capacity": 15, "contact": "blr-res-002@example.org", "data_source": "synthetic_demo"}}, {"type": "Feature", "geometry": {"type": "Point", "coordinates": [77.66453, 13.06988]}, "properties": {"id": "BLR-RES-003", "kind": "rescue_team", "name": "Civil Defence Unit, Bengaluru Zone 3", "city": "Bengaluru", "state": "Karnataka", "lat": 13.06988, "lon": 77.66453, "capacity": 39, "contact": "blr-res-003@example.org", "data_source": "synthetic_demo"}}, {"type": "Feature", "geometry": {"type": "Point", "coordinates": [77.71351, 12.9143]}, "properties": {"id": "BLR-RES-004", "kind": "rescue_team", "name": "NDRF Team, Bengaluru Zone 4", "city": "Bengaluru", "state": "Karnataka", "lat": 12.9143, "lon": 77.71351, "capacity": 42, "contact": "blr-res-004@example.org", "data_source": "synthetic_demo"}}, {"type": "Feature", "geometry": {"type": "Point", "coordinates": [77.43372, 13.07997]}, "properties": {"id": "BLR-RES-005", "kind": "rescue_team", "name": "SDRF Unit, Bengaluru Zone 5", "city": "Bengaluru", "state": "Karnataka", "lat": 13.07997, "lon": 77.43372, "capacity": 16, "contact": "blr-res-005@example.org", "data_source": "synthetic_demo"}}, {"type": "Feature", "geometry": {"type": "Point", "coordinates": [72.97485, 19.27349]}, "properties": {"id": "MUM-SCH-001", "kind": "school", "name": "Degree College, Mumbai Zone 1", "city": "Mumbai", "state": "Maharashtra", "lat": 19.27349, "lon": 72.97485, "capacity": 2591, "contact": "mum-sch-001@example.org", "data_source": "synthetic_demo"}}, {"type": "Feature", "geometry": {"type": "Point", "coordinates": [72.75035, 18.89852]}, "properties": {"id": "MUM-SCH-002", "kind": "school", "name": "Degree College, Mumbai Zone 2", "city": "Mumbai", "state": "Maharashtra", "lat": 18.89852, "lon": 72.75035, "capacity": 1090, "contact": "mum-sch-002@example.org", "data_source": "synthetic_demo"}}, {"type": "Feature", "geometry": {"type": "Point", "coordinates": [72.76482, 19.0747]}, "properties": {"id": "MUM-SCH-003", "kind": "school", "name": "Govt. Primary School, Mumbai Zone 3", "city": "Mumbai", "state": "Maharashtra", "lat": 19.0747, "lon": 72.76482, "capacity": 2432, "contact": "mum-sch-003@example.org", "data_source": "synthetic_demo"}}, {"type": "Feature", "geometry": {"type": "Point", "coordinates": [72.69489, 18.85424]}, "properties": {"id": "MUM-SCH-004", "kind": "school", "name": "Public School, Mumbai Zone 4", "city": "Mumbai", "state": "Maharashtra", "lat": 18.85424, "lon": 72.69489, "capacity": 2431, "contact": "mum-sch-004@example.org", "data_source": "synthetic_demo"}}, {"type": "Feature", "geometry": {"type": "Point", "coordinates": [72.88264, 19.05017]}, "properties": {"id": "MUM-SCH-005", "kind": "school", "name": "Engineering College, Mumbai Zone 5", "city": "Mumbai", "state": "Maharashtra", "lat": 19.05017, "lon": 72.88264, "capacity": 2671, "contact": "mum-sch-005@example.org", "data_source": "synthetic_demo"}}, {"type": "Feature", "geometry": {"type": "Point", "coordinates": [72.782, 18.91693]}, "properties": {"id": "MUM-SCH-006", "kind": "school", "name": "Public School, Mumbai Zone 6", "city": "Mumbai", "state": "Maharashtra", "lat": 18.91693, "lon": 72.782, "capacity": 1988, "contact": "mum-sch-006@example.org", "data_source": "synthetic_demo"}}, {"type": "Feature", "geometry": {"type": "Point", "coordinates": [72.76964, 18.90327]}, "properties": {"id": "MUM-SCH-007", "kind": "school", "name": "Public School, Mumbai Zone 7", "city": "Mumbai", "state": "Maharashtra", "lat": 18.90327, "lon": 72.76964, "capacity": 2051, "contact": "mum-sch-007@example.org", "data_source": "synthetic_demo"}}, {"type": "Feature", "geometry": {"type": "Point", "coordinates": [72.87087, 19.11873]}, "properties": {"id": "MUM-SCH-008", "kind": "school", "name": "Engineering College, Mumbai Zone 8", "city": "Mumbai", "state": "Maharashtra", "lat": 19.11873, "lon": 72.87087, "capacity": 2449, "contact": "mum-sch-008@example.org", "data_source": "synthetic_demo"}}, {"type": "Feature", "geometry": {"type": "Point", "coordinates": [72.80452, 18.971]}, "properties": {"id": "MUM-SCH-009", "kind": "school", "name": "Govt. High School, Mumbai Zone 1", "city": "Mumbai", "state": "Maharashtra", "lat": 18.971, "lon": 72.80452, "capacity": 2628, "contact": "mum-sch-009@example.org", "data_source": "synthetic_demo"}}, {"type": "Feature", "geometry": {"type": "Point", "coordinates": [72.89943, 18.99371]}, "properties": {"id": "MUM-SCH-010", "kind": "school", "name": "Public School, Mumbai Zone 2", "city": "Mumbai", "state": "Maharashtra", "lat": 18.99371, "lon": 72.89943, "capacity": 274, "contact": "mum-sch-010@example.org", "data_source": "synthetic_demo"}}, {"type": "Feature", "geometry": {"type": "Point", "coordinates": [72.91548, 19.28885]}, "properties": {"id": "MUM-SCH-011", "kind": "school", "name": "Govt. Primary School, Mumbai Zone 3", "city": "Mumbai", "state": "Maharashtra", "lat": 19.28885, "lon": 72.91548, "capacity": 1778, "contact": "mum-sch-011@example.org", "data_source": "synthetic_demo"}}, {"type": "Feature", "geometry": {"type": "Point", "coordinates": [72.97644, 19.06659]}, "properties": {"id": "MUM-SCH-012", "kind": "school", "name": "Govt. Primary School, Mumbai Zone 4", "city": "Mumbai", "state": "Maharashtra", "lat": 19.06659, "lon": 72.97644, "capacity": 907, "contact": "mum-sch-012@example.org", "data_source": "synthetic_demo"}}, {"type": "Feature", "geometry": {"type": "Point", "coordinates": [72.71646, 19.02763]}, "properties": {"id": "MUM-SCH-013", "kind": "school", "name": "PU College, Mumbai Zone 5", "city": "Mumbai", "state": "Maharashtra", "lat": 19.02763, "lon": 72.71646, "capacity": 483, "contact": "mum-sch-013@example.org", "data_source": "synthetic_demo"}}, {"type": "Feature", "geometry": {"type": "Point", "coordinates": [72.86853, 19.08452]}, "properties": {"id": "MUM-SCH-014", "kind": "school", "name": "Govt. High School, Mumbai Zone 6", "city": "Mumbai", "state": "Maharashtra", "lat": 19.08452, "lon": 72.86853, "capacity": 2054, "contact": "mum-sch-014@example.org", "data_source": "synthetic_demo"}}, {"type": "Feature", "geometry": {"type": "Point", "coordinates": [73.0061, 19.07374]}, "properties": {"id": "MUM-SCH-015", "kind": "school", "name": "Govt. High School, Mumbai Zone 7", "city": "Mumbai", "state": "Maharashtra", "lat": 19.07374, "lon": 73.0061, "capacity": 1240, "contact": "mum-sch-015@example.org", "data_source": "synthetic_demo"}}, {"type": "Feature", "geometry": {"type": "Point", "coordinates": [72.80074, 18.86907]}, "properties": {"id": "MUM-SCH-016", "kind": "school", "name": "Engineering College, Mumbai Zone 8", "city": "Mumbai", "state": "Maharashtra", "lat": 18.86907, "lon": 72.80074, "capacity": 892, "contact": "mum-sch-016@example.org", "data_source": "synthetic_demo"}}, {"type": "Feature", "geometry": {"type": "Point", "coordinates": [72.80143, 19.02028]}, "properties": {"id": "MUM-SCH-017", "kind": "school", "name": "PU College, Mumbai Zone 1", "city": "Mumbai", "state": "Maharashtra", "lat": 19.02028, "lon": 72.80143, "capacity": 428, "contact": "mum-sch-017@example.org", "data_source": "synthetic_demo"}}, {"type": "Feature", "geometry": {"type": "Point", "coordinates": [72.88294, 18.95276]}, "properties": {"id": "MUM-SCH-018", "kind": "school", "name": "Degree College, Mumbai Zone 2", "city": "Mumbai", "state": "Maharashtra", "lat": 18.95276, "lon": 72.88294, "capacity": 1039, "contact": "mum-sch-018@example.org", "data_source": "synthetic_demo"}}, {"type": "Feature", "geometry": {"type": "Point", "coordinates": [73.00343, 19.09257]}, "properties": {"id": "MUM-SCH-019", "kind": "school", "name": "Degree College, Mumbai Zone 3", "city": "Mumbai", "state": "Maharashtra", "lat": 19.09257, "lon": 73.00343, "capacity": 567, "contact": "mum-sch-019@example.org", "data_source": "synthetic_demo"}}, {"type": "Feature", "geometry": {"type": "Point", "coordinates": [72.87175, 19.08004]}, "properties": {"id": "MUM-SCH-020", "kind": "school", "name": "PU College, Mumbai Zone 4", "city": "Mumbai", "state": "Maharashtra", "lat": 19.08004, "lon": 72.87175, "capacity": 427, "contact": "mum-sch-020@example.org", "data_source": "synthetic_demo"}}, {"type": "Feature", "geometry": {"type": "Point", "coordinates": [72.93915, 19.09867]}, "properties": {"id": "MUM-SCH-021", "kind": "school", "name": "Degree College, Mumbai Zone 5", "city": "Mumbai", "state": "Maharashtra", "lat": 19.09867, "lon": 72.93915, "capacity": 1057, "contact": "mum-sch-021@example.org", "data_source": "synthetic_demo"}}, {"type": "Feature", "geometry": {"type": "Point", "coordinates": [72.93454, 19.00408]}, "properties": {"id": "MUM-SCH-022", "kind": "school", "name": "Degree College, Mumbai Zone 6", "city": "Mumbai", "state": "Maharashtra", "lat": 19.00408, "lon": 72.93454, "capacity": 724, "contact": "mum-sch-022@example.org", "data_source": "synthetic_demo"}}, {"type": "Feature", "geometry": {"type": "Point", "coordinates": [72.73635, 19.06154]}, "properties": {"id": "MUM-SCH-023", "kind": "school", "name": "Degree College, Mumbai Zone 7", "city": "Mumbai", "state": "Maharashtra", "lat": 19.06154, "lon": 72.73635, "capacity": 1251, "contact": "mum-sch-023@example.org", "data_source": "synthetic_demo"}}, {"type": "Feature", "geometry": {"type": "Point", "coordinates": [72.73039, 19.25698]}, "properties": {"id": "MUM-SCH-024", "kind": "school", "name": "PU College, Mumbai Zone 8", "city": "Mumbai", "state": "Maharashtra", "lat": 19.25698, "lon": 72.73039, "capacity": 2236, "contact": "mum-sch-024@example.org", "data_source": "synthetic_demo"}}, {"type": "Feature", "geometry": {"type": "Point", "coordinates": [72.82615, 19.15711]}, "properties": {"id": "MUM-SCH-025", "kind": "school", "name": "Degree College, Mumbai Zone 1", "city": "Mumbai", "state": "Maharashtra", "lat": 19.15711, "lon": 72.82615, "capacity": 2087, "contact": "mum-sch-025@example.org", "data_source": "synthetic_demo"}}, {"type": "Feature", "geometry": {"type": "Point", "coordinates": [72.58705, 19.10232]}, "properties": {"id": "MUM-SCH-026", "kind": "school", "name": "Govt. High School, Mumbai Zone 2", "city": "Mumbai", "state": "Maharashtra", "lat": 19.10232, "lon": 72.58705, "capacity": 1652, "contact": "mum-sch-026@example.org", "data_source": "synthetic_demo"}}, {"type": "Feature", "geometry": {"type": "Point", "coordinates": [72.88695, 18.96282]}, "properties": {"id": "MUM-SCH-027", "kind": "school", "name": "Govt. High School, Mumbai Zone 3", "city": "Mumbai", "state": "Maharashtra", "lat": 18.96282, "lon": 72.88695, "capacity": 945, "contact": "mum-sch-027@example.org", "data_source": "synthetic_demo"}}, {"type": "Feature", "geometry": {"type": "Point", "coordinates": [72.85788, 19.20087]}, "properties": {"id": "MUM-SCH-028", "kind": "school", "name": "PU College, Mumbai Zone 4", "city": "Mumbai", "state": "Maharashtra", "lat": 19.20087, "lon": 72.85788, "capacity": 2710, "contact": "mum-sch-028@example.org", "data_source": "synthetic_demo"}}, {"type": "Feature", "geometry": {"type": "Point", "coordinates": [72.87708, 19.2367]}, "properties": {"id": "MUM-SCH-029", "kind": "school", "name": "Govt. Primary School, Mumbai Zone 5", "city": "Mumbai", "state": "Maharashtra", "lat": 19.2367, "lon": 72.87708, "capacity": 2438, "contact": "mum-sch-029@example.org", "data_source": "synthetic_demo"}}, {"type": "Feature", "geometry": {"type": "Point", "coordinates": [72.83439, 18.88505]}, "properties": {"id": "MUM-SCH-030", "kind": "school", "name": "Public School, Mumbai Zone 6", "city": "Mumbai", "state": "Maharashtra", "lat": 18.88505, "lon": 72.83439, "capacity": 2990, "contact": "mum-sch-030@example.org", "data_source": "synthetic_demo"}}, {"type": "Feature", "geometry": {"type": "Point", "coordinates": [72.98494, 19.17236]}, "properties": {"id": "MUM-SCH-031", "kind": "school", "name": "Govt. Primary School, Mumbai Zone 7", "city": "Mumbai", "state": "Maharashtra", "lat": 19.17236, "lon": 72.98494, "capacity": 2375, "contact": "mum-sch-031@example.org", "data_source": "synthetic_demo"}}, {"type": "Feature", "geometry": {"type": "Point", "coordinates": [72.88995, 19.09865]}, "properties": {"id": "MUM-SCH-032", "kind": "school", "name": "Govt. High School, Mumbai Zone 8", "city": "Mumbai", "state": "Maharashtra", "lat": 19.09865, "lon": 72.88995, "capacity": 716, "contact": "mum-sch-032@example.org", "data_source": "synthetic_demo"}}, {"type": "Feature", "geometry": {"type": "Point", "coordinates": [72.85506, 19.08171]}, "properties": {"id": "MUM-SCH-033", "kind": "school", "name": "Govt. High School, Mumbai Zone 1", "city": "Mumbai", "state": "Maharashtra", "lat": 19.08171, "lon": 72.85506, "capacity": 2219, "contact": "mum-sch-033@example.org", "data_source": "synthetic_demo"}}, {"type": "Feature", "geometry": {"type": "Point", "coordinates": [72.9395, 19.06986]}, "properties": {"id": "MUM-SCH-034", "kind": "school", "name": "Public School, Mumbai Zone 2", "city": "Mumbai", "state": "Maharashtra", "lat": 19.06986, "lon": 72.9395, "capacity": 1375, "contact": "mum-sch-034@example.org", "data_source": "synthetic_demo"}}, {"type": "Feature", "geometry": {"type": "Point", "coordinates": [72.80708, 19.24445]}, "properties": {"id": "MUM-SCH-035", "kind": "school", "name": "Public School, Mumbai Zone 3", "city": "Mumbai", "state": "Maharashtra", "lat": 19.24445, "lon": 72.80708, "capacity": 1718, "contact": "mum-sch-035@example.org", "data_source": "synthetic_demo"}}, {"type": "Feature", "geometry": {"type": "Point", "coordinates": [72.88521, 19.03962]}, "properties": {"id": "MUM-SCH-036", "kind": "school", "name": "Govt. Primary School, Mumbai Zone 4", "city": "Mumbai", "state": "Maharashtra", "lat": 19.03962, "lon": 72.88521, "capacity": 2220, "contact": "mum-sch-036@example.org", "data_source": "synthetic_demo"}}, {"type": "Feature", "geometry": {"type": "Point", "coordinates": [72.87026, 19.16782]}, "properties": {"id": "MUM-SCH-037", "kind": "school", "name": "Govt. High School, Mumbai Zone 5", "city": "Mumbai", "state": "Maharashtra", "lat": 19.16782, "lon": 72.87026, "capacity": 2774, "contact": "mum-sch-037@example.org", "data_source": "synthetic_demo"}}, {"type": "Feature", "geometry": {"type": "Point", "coordinates": [72.85243, 19.05277]}, "properties": {"id": "MUM-SCH-038", "kind": "school", "name": "Govt. Primary School, Mumbai Zone 6", "city": "Mumbai", "state": "Maharashtra", "lat": 19.05277, "lon": 72.85243, "capacity": 2329, "contact": "mum-sch-038@example.org", "data_source": "synthetic_demo"}}, {"type": "Feature", "geometry": {"type": "Point", "coordinates": [72.70054, 19.05126]}, "properties": {"id": "MUM-SCH-039", "kind": "school", "name": "Public School, Mumbai Zone 7", "city": "Mumbai", "state": "Maharashtra", "lat": 19.05126, "lon": 72.70054, "capacity": 2195, "contact": "mum-sch-039@example.org", "data_source": "synthetic_demo"}}, {"type": "Feature", "geometry": {"type": "Point", "coordinates": [72.97607, 18.99501]}, "properties": {"id": "MUM-SCH-040", "kind": "school", "name": "Govt. High School, Mumbai Zone 8", "city": "Mumbai", "state": "Maharashtra", "lat": 18.99501, "lon": 72.97607, "capacity": 545, "contact": "mum-sch-040@example.org", "data_source": "synthetic_demo"}}, {"type": "Feature", "geometry": {"type": "Point", "coordinates": [72.72495, 19.23622]}, "properties": {"id": "MUM-SCH-041", "kind": "school", "name": "Govt. Primary School, Mumbai Zone 1", "city": "Mumbai", "state": "Maharashtra", "lat": 19.23622, "lon": 72.72495, "capacity": 526, "contact": "mum-sch-041@example.org", "data_source": "synthetic_demo"}}, {"type": "Feature", "geometry": {"type": "Point", "coordinates": [72.94474, 19.01277]}, "properties": {"id": "MUM-SCH-042", "kind": "school", "name": "Degree College, Mumbai Zone 2", "city": "Mumbai", "state": "Maharashtra", "lat": 19.01277, "lon": 72.94474, "capacity": 1449, "contact": "mum-sch-042@example.org", "data_source": "synthetic_demo"}}, {"type": "Feature", "geometry": {"type": "Point", "coordinates": [72.87747, 18.97157]}, "properties": {"id": "MUM-SCH-043", "kind": "school", "name": "Public School, Mumbai Zone 3", "city": "Mumbai", "state": "Maharashtra", "lat": 18.97157, "lon": 72.87747, "capacity": 2760, "contact": "mum-sch-043@example.org", "data_source": "synthetic_demo"}}, {"type": "Feature", "geometry": {"type": "Point", "coordinates": [73.10184, 19.04887]}, "properties": {"id": "MUM-SCH-044", "kind": "school", "name": "Govt. Primary School, Mumbai Zone 4", "city": "Mumbai", "state": "Maharashtra", "lat": 19.04887, "lon": 73.10184, "capacity": 389, "contact": "mum-sch-044@example.org", "data_source": "synthetic_demo"}}, {"type": "Feature", "geometry": {"type": "Point", "coordinates": [72.76149, 19.10954]}, "properties": {"id": "MUM-SCH-045", "kind": "school", "name": "Govt. Primary School, Mumbai Zone 5", "city": "Mumbai", "state": "Maharashtra", "lat": 19.10954, "lon": 72.76149, "capacity": 1078, "contact": "mum-sch-045@example.org", "data_source": "synthetic_demo"}}, {"type": "Feature", "geometry": {"type": "Point", "coordinates": [72.7546, 19.2105]}, "properties": {"id": "MUM-SCH-046", "kind": "school", "name": "Govt. High School, Mumbai Zone 6", "city": "Mumbai", "state": "Maharashtra", "lat": 19.2105, "lon": 72.7546, "capacity": 1474, "contact": "mum-sch-046@example.org", "data_source": "synthetic_demo"}}, {"type": "Feature", "geometry": {"type": "Point", "coordinates": [72.99796, 19.23621]}, "properties": {"id": "MUM-SCH-047", "kind": "school", "name": "Govt. High School, Mumbai Zone 7", "city": "Mumbai", "state": "Maharashtra", "lat": 19.23621, "lon": 72.99796, "capacity": 2688, "contact": "mum-sch-047@example.org", "data_source": "synthetic_demo"}}, {"type": "Feature", "geometry": {"type": "Point", "coordinates": [72.93924, 19.28119]}, "properties": {"id": "MUM-SCH-048", "kind": "school", "name": "Govt. Primary School, Mumbai Zone 8", "city": "Mumbai", "state": "Maharashtra", "lat": 19.28119, "lon": 72.93924, "capacity": 1303, "contact": "mum-sch-048@example.org", "data_source": "synthetic_demo"}}, {"type": "Feature", "geometry": {"type": "Point", "coordinates": [72.81175, 18.93377]}, "properties": {"id": "MUM-SCH-049", "kind": "school", "name": "Degree College, Mumbai Zone 1", "city": "Mumbai", "state": "Maharashtra", "lat": 18.93377, "lon": 72.81175, "capacity": 1609, "contact": "mum-sch-049@example.org", "data_source": "synthetic_demo"}}, {"type": "Feature", "geometry": {"type": "Point", "coordinates": [73.04219, 19.17686]}, "properties": {"id": "MUM-SCH-050", "kind": "school", "name": "PU College, Mumbai Zone 2", "city": "Mumbai", "state": "Maharashtra", "lat": 19.17686, "lon": 73.04219, "capacity": 2609, "contact": "mum-sch-050@example.org", "data_source": "synthetic_demo"}}, {"type": "Feature", "geometry": {"type": "Point", "coordinates": [72.78257, 19.02301]}, "properties": {"id": "MUM-SCH-051", "kind": "school", "name": "Govt. Primary School, Mumbai Zone 3", "city": "Mumbai", "state": "Maharashtra", "lat": 19.02301, "lon": 72.78257, "capacity": 2075, "contact": "mum-sch-051@example.org", "data_source": "synthetic_demo"}}, {"type": "Feature", "geometry": {"type": "Point", "coordinates": [72.85487, 19.09854]}, "properties": {"id": "MUM-SCH-052", "kind": "school", "name": "Engineering College, Mumbai Zone 4", "city": "Mumbai", "state": "Maharashtra", "lat": 19.09854, "lon": 72.85487, "capacity": 992, "contact": "mum-sch-052@example.org", "data_source": "synthetic_demo"}}, {"type": "Feature", "geometry": {"type": "Point", "coordinates": [72.84447, 19.07178]}, "properties": {"id": "MUM-SCH-053", "kind": "school", "name": "Public School, Mumbai Zone 5", "city": "Mumbai", "state": "Maharashtra", "lat": 19.07178, "lon": 72.84447, "capacity": 1701, "contact": "mum-sch-053@example.org", "data_source": "synthetic_demo"}}, {"type": "Feature", "geometry": {"type": "Point", "coordinates": [72.86836, 19.12892]}, "properties": {"id": "MUM-SCH-054", "kind": "school", "name": "Govt. High School, Mumbai Zone 6", "city": "Mumbai", "state": "Maharashtra", "lat": 19.12892, "lon": 72.86836, "capacity": 2645, "contact": "mum-sch-054@example.org", "data_source": "synthetic_demo"}}, {"type": "Feature", "geometry": {"type": "Point", "coordinates": [72.93622, 19.08121]}, "properties": {"id": "MUM-HOS-001", "kind": "hospital", "name": "Community Health Centre, Mumbai Zone 1", "city": "Mumbai", "state": "Maharashtra", "lat": 19.08121, "lon": 72.93622, "capacity": 108, "contact": "mum-hos-001@example.org", "data_source": "synthetic_demo"}}, {"type": "Feature", "geometry": {"type": "Point", "coordinates": [72.91605, 18.89413]}, "properties": {"id": "MUM-HOS-002", "kind": "hospital", "name": "Primary Health Centre, Mumbai Zone 2", "city": "Mumbai", "state": "Maharashtra", "lat": 18.89413, "lon": 72.91605, "capacity": 199, "contact": "mum-hos-002@example.org", "data_source": "synthetic_demo"}}, {"type": "Feature", "geometry": {"type": "Point", "coordinates": [72.96218, 19.14198]}, "properties": {"id": "MUM-HOS-003", "kind": "hospital", "name": "District Hospital, Mumbai Zone 3", "city": "Mumbai", "state": "Maharashtra", "lat": 19.14198, "lon": 72.96218, "capacity": 415, "contact": "mum-hos-003@example.org", "data_source": "synthetic_demo"}}, {"type": "Feature", "geometry": {"type": "Point", "coordinates": [72.70866, 19.04131]}, "properties": {"id": "MUM-HOS-004", "kind": "hospital", "name": "Multispeciality Hospital, Mumbai Zone 4", "city": "Mumbai", "state": "Maharashtra", "lat": 19.04131, "lon": 72.70866, "capacity": 51, "contact": "mum-hos-004@example.org", "data_source": "synthetic_demo"}}, {"type": "Feature", "geometry": {"type": "Point", "coordinates": [72.94065, 19.28693]}, "properties": {"id": "MUM-HOS-005", "kind": "hospital", "name": "Multispeciality Hospital, Mumbai Zone 5", "city": "Mumbai", "state": "Maharashtra", "lat": 19.28693, "lon": 72.94065, "capacity": 71, "contact": "mum-hos-005@example.org", "data_source": "synthetic_demo"}}, {"type": "Feature", "geometry": {"type": "Point", "coordinates": [72.80066, 18.96664]}, "properties": {"id": "MUM-HOS-006", "kind": "hospital", "name": "Multispeciality Hospital, Mumbai Zone 6", "city": "Mumbai", "state": "Maharashtra", "lat": 18.96664, "lon": 72.80066, "capacity": 707, "contact": "mum-hos-006@example.org", "data_source": "synthetic_demo"}}, {"type": "Feature", "geometry": {"type": "Point", "coordinates": [72.86022, 18.96842]}, "properties": {"id": "MUM-HOS-007", "kind": "hospital", "name": "Multispeciality Hospital, Mumbai Zone 7", "city": "Mumbai", "state": "Maharashtra", "lat": 18.96842, "lon": 72.86022, "capacity": 613, "contact": "mum-hos-007@example.org", "data_source": "synthetic_demo"}}, {"type": "Feature", "geometry": {"type": "Point", "coordinates": [72.76393, 19.1799]}, "properties": {"id": "MUM-HOS-008", "kind": "hospital", "name": "District Hospital, Mumbai Zone 8", "city": "Mumbai", "state": "Maharashtra", "lat": 19.1799, "lon": 72.76393, "capacity": 551, "contact": "mum-hos-008@example.org", "data_source": "synthetic_demo"}}, {"type": "Feature", "geometry": {"type": "Point", "coordinates": [72.98493, 19.03171]}, "properties": {"id": "MUM-HOS-009", "kind": "hospital", "name": "Community Health Centre, Mumbai Zone 1", "city": "Mumbai", "state": "Maharashtra", "lat": 19.03171, "lon": 72.98493, "capacity": 150, "contact": "mum-hos-009@example.org", "data_source": "synthetic_demo"}}, {"type": "Feature", "geometry": {"type": "Point", "coordinates": [72.86464, 19.03968]}, "properties": {"id": "MUM-HOS-010", "kind": "hospital", "name": "Community Health Centre, Mumbai Zone 2", "city": "Mumbai", "state": "Maharashtra", "lat": 19.03968, "lon": 72.86464, "capacity": 737, "contact": "mum-hos-010@example.org", "data_source": "synthetic_demo"}}, {"type": "Feature", "geometry": {"type": "Point", "coordinates": [72.74922, 18.94111]}, "properties": {"id": "MUM-HOS-011", "kind": "hospital", "name": "Multispeciality Hospital, Mumbai Zone 3", "city": "Mumbai", "state": "Maharashtra", "lat": 18.94111, "lon": 72.74922, "capacity": 750, "contact": "mum-hos-011@example.org", "data_source": "synthetic_demo"}}, {"type": "Feature", "geometry": {"type": "Point", "coordinates": [72.8588, 19.09622]}, "properties": {"id": "MUM-HOS-012", "kind": "hospital", "name": "Community Health Centre, Mumbai Zone 4", "city": "Mumbai", "state": "Maharashtra", "lat": 19.09622, "lon": 72.8588, "capacity": 91, "contact": "mum-hos-012@example.org", "data_source": "synthetic_demo"}}, {"type": "Feature", "geometry": {"type": "Point", "coordinates": [72.70638, 19.00274]}, "properties": {"id": "MUM-HOS-013", "kind": "hospital", "name": "Community Health Centre, Mumbai Zone 5", "city": "Mumbai", "state": "Maharashtra", "lat": 19.00274, "lon": 72.70638, "capacity": 646, "contact": "mum-hos-013@example.org", "data_source": "synthetic_demo"}}, {"type": "Feature", "geometry": {"type": "Point", "coordinates": [72.91646, 19.04077]}, "properties": {"id": "MUM-HOS-014", "kind": "hospital", "name": "Community Health Centre, Mumbai Zone 6", "city": "Mumbai", "state": "Maharashtra", "lat": 19.04077, "lon": 72.91646, "capacity": 568, "contact": "mum-hos-014@example.org", "data_source": "synthetic_demo"}}, {"type": "Feature", "geometry": {"type": "Point", "coordinates": [72.8985, 18.96264]}, "properties": {"id": "MUM-HOS-015", "kind": "hospital", "name": "Primary Health Centre, Mumbai Zone 7", "city": "Mumbai", "state": "Maharashtra", "lat": 18.96264, "lon": 72.8985, "capacity": 358, "contact": "mum-hos-015@example.org", "data_source": "synthetic_demo"}}, {"type": "Feature", "geometry": {"type": "Point", "coordinates": [72.95732, 19.11933]}, "properties": {"id": "MUM-HOS-016", "kind": "hospital", "name": "Primary Health Centre, Mumbai Zone 8", "city": "Mumbai", "state": "Maharashtra", "lat": 19.11933, "lon": 72.95732, "capacity": 671, "contact": "mum-hos-016@example.org", "data_source": "synthetic_demo"}}, {"type": "Feature", "geometry": {"type": "Point", "coordinates": [73.01093, 19.13187]}, "properties": {"id": "MUM-HOS-017", "kind": "hospital", "name": "Community Health Centre, Mumbai Zone 1", "city": "Mumbai", "state": "Maharashtra", "lat": 19.13187, "lon": 73.01093, "capacity": 183, "contact": "mum-hos-017@example.org", "data_source": "synthetic_demo"}}, {"type": "Feature", "geometry": {"type": "Point", "coordinates": [72.83977, 19.04837]}, "properties": {"id": "MUM-HOS-018", "kind": "hospital", "name": "Primary Health Centre, Mumbai Zone 2", "city": "Mumbai", "state": "Maharashtra", "lat": 19.04837, "lon": 72.83977, "capacity": 70, "contact": "mum-hos-018@example.org", "data_source": "synthetic_demo"}}, {"type": "Feature", "geometry": {"type": "Point", "coordinates": [73.12848, 19.05961]}, "properties": {"id": "MUM-HOS-019", "kind": "hospital", "name": "District Hospital, Mumbai Zone 3", "city": "Mumbai", "state": "Maharashtra", "lat": 19.05961, "lon": 73.12848, "capacity": 767, "contact": "mum-hos-019@example.org", "data_source": "synthetic_demo"}}, {"type": "Feature", "geometry": {"type": "Point", "coordinates": [72.81371, 19.09131]}, "properties": {"id": "MUM-HOS-020", "kind": "hospital", "name": "Primary Health Centre, Mumbai Zone 4", "city": "Mumbai", "state": "Maharashtra", "lat": 19.09131, "lon": 72.81371, "capacity": 581, "contact": "mum-hos-020@example.org", "data_source": "synthetic_demo"}}, {"type": "Feature", "geometry": {"type": "Point", "coordinates": [72.83985, 19.16791]}, "properties": {"id": "MUM-HOS-021", "kind": "hospital", "name": "Multispeciality Hospital, Mumbai Zone 5", "city": "Mumbai", "state": "Maharashtra", "lat": 19.16791, "lon": 72.83985, "capacity": 86, "contact": "mum-hos-021@example.org", "data_source": "synthetic_demo"}}, {"type": "Feature", "geometry": {"type": "Point", "coordinates": [72.98369, 19.10751]}, "properties": {"id": "MUM-HOS-022", "kind": "hospital", "name": "Primary Health Centre, Mumbai Zone 6", "city": "Mumbai", "state": "Maharashtra", "lat": 19.10751, "lon": 72.98369, "capacity": 747, "contact": "mum-hos-022@example.org", "data_source": "synthetic_demo"}}, {"type": "Feature", "geometry": {"type": "Point", "coordinates": [72.82812, 19.03311]}, "properties": {"id": "MUM-HOS-023", "kind": "hospital", "name": "Primary Health Centre, Mumbai Zone 7", "city": "Mumbai", "state": "Maharashtra", "lat": 19.03311, "lon": 72.82812, "capacity": 512, "contact": "mum-hos-023@example.org", "data_source": "synthetic_demo"}}, {"type": "Feature", "geometry": {"type": "Point", "coordinates": [72.8247, 18.99871]}, "properties": {"id": "MUM-HOS-024", "kind": "hospital", "name": "Multispeciality Hospital, Mumbai Zone 8", "city": "Mumbai", "state": "Maharashtra", "lat": 18.99871, "lon": 72.8247, "capacity": 482, "contact": "mum-hos-024@example.org", "data_source": "synthetic_demo"}}, {"type": "Feature", "geometry": {"type": "Point", "coordinates": [72.77619, 18.95553]}, "properties": {"id": "MUM-HOS-025", "kind": "hospital", "name": "Community Health Centre, Mumbai Zone 1", "city": "Mumbai", "state": "Maharashtra", "lat": 18.95553, "lon": 72.77619, "capacity": 705, "contact": "mum-hos-025@example.org", "data_source": "synthetic_demo"}}, {"type": "Feature", "geometry": {"type": "Point", "coordinates": [72.96497, 18.93312]}, "properties": {"id": "MUM-HOS-026", "kind": "hospital", "name": "Multispeciality Hospital, Mumbai Zone 2", "city": "Mumbai", "state": "Maharashtra", "lat": 18.93312, "lon": 72.96497, "capacity": 605, "contact": "mum-hos-026@example.org", "data_source": "synthetic_demo"}}, {"type": "Feature", "geometry": {"type": "Point", "coordinates": [72.81345, 18.98471]}, "properties": {"id": "MUM-HOS-027", "kind": "hospital", "name": "Community Health Centre, Mumbai Zone 3", "city": "Mumbai", "state": "Maharashtra", "lat": 18.98471, "lon": 72.81345, "capacity": 649, "contact": "mum-hos-027@example.org", "data_source": "synthetic_demo"}}, {"type": "Feature", "geometry": {"type": "Point", "coordinates": [72.81367, 19.25097]}, "properties": {"id": "MUM-RES-001", "kind": "rescue_team", "name": "NDRF Team, Mumbai Zone 1", "city": "Mumbai", "state": "Maharashtra", "lat": 19.25097, "lon": 72.81367, "capacity": 51, "contact": "mum-res-001@example.org", "data_source": "synthetic_demo"}}, {"type": "Feature", "geometry": {"type": "Point", "coordinates": [72.92546, 19.04946]}, "properties": {"id": "MUM-RES-002", "kind": "rescue_team", "name": "SDRF Unit, Mumbai Zone 2", "city": "Mumbai", "state": "Maharashtra", "lat": 19.04946, "lon": 72.92546, "capacity": 33, "contact": "mum-res-002@example.org", "data_source": "synthetic_demo"}}, {"type": "Feature", "geometry": {"type": "Point", "coordinates": [72.95032, 19.0579]}, "properties": {"id": "MUM-RES-003", "kind": "rescue_team", "name": "NDRF Team, Mumbai Zone 3", "city": "Mumbai", "state": "Maharashtra", "lat": 19.0579, "lon": 72.95032, "capacity": 48, "contact": "mum-res-003@example.org", "data_source": "synthetic_demo"}}, {"type": "Feature", "geometry": {"type": "Point", "coordinates": [72.87186, 18.9492]}, "properties": {"id": "MUM-RES-004", "kind": "rescue_team", "name": "NDRF Team, Mumbai Zone 4", "city": "Mumbai", "state": "Maharashtra", "lat": 18.9492, "lon": 72.87186, "capacity": 48, "contact": "mum-res-004@example.org", "data_source": "synthetic_demo"}}, {"type": "Feature", "geometry": {"type": "Point", "coordinates": [72.88412, 19.18793]}, "properties": {"id": "MUM-RES-005", "kind": "rescue_team", "name": "NDRF Team, Mumbai Zone 5", "city": "Mumbai", "state": "Maharashtra", "lat": 19.18793, "lon": 72.88412, "capacity": 52, "contact": "mum-res-005@example.org", "data_source": "synthetic_demo"}}, {"type": "Feature", "geometry": {"type": "Point", "coordinates": [72.87284, 18.87492]}, "properties": {"id": "MUM-RES-006", "kind": "rescue_team", "name": "NDRF Team, Mumbai Zone 6", "city": "Mumbai", "state": "Maharashtra", "lat": 18.87492, "lon": 72.87284, "capacity": 50, "contact": "mum-res-006@example.org", "data_source": "synthetic_demo"}}, {"type": "Feature", "geometry": {"type": "Point", "coordinates": [77.02972, 28.35103]}, "properties": {"id": "DEL-SCH-001", "kind": "school", "name": "Degree College, Delhi Zone 1", "city": "Delhi", "state": "Delhi", "lat": 28.35103, "lon": 77.02972, "capacity": 296, "contact": "del-sch-001@example.org", "data_source": "synthetic_demo"}}, {"type": "Feature", "geometry": {"type": "Point", "coordinates": [77.223, 28.77481]}, "properties": {"id": "DEL-SCH-002", "kind": "school", "name": "Govt. High School, Delhi Zone 2", "city": "Delhi", "state": "Delhi", "lat": 28.77481, "lon": 77.223, "capacity": 1822, "contact": "del-sch-002@example.org", "data_source": "synthetic_demo"}}, {"type": "Feature", "geometry": {"type": "Point", "coordinates": [77.02863, 28.50573]}, "properties": {"id": "DEL-SCH-003", "kind": "school", "name": "Engineering College, Delhi Zone 3", "city": "Delhi", "state": "Delhi", "lat": 28.50573, "lon": 77.02863, "capacity": 2097, "contact": "del-sch-003@example.org", "data_source": "synthetic_demo"}}, {"type": "Feature", "geometry": {"type": "Point", "coordinates": [77.2719, 28.49641]}, "properties": {"id": "DEL-SCH-004", "kind": "school", "name": "Govt. Primary School, Delhi Zone 4", "city": "Delhi", "state": "Delhi", "lat": 28.49641, "lon": 77.2719, "capacity": 713, "contact": "del-sch-004@example.org", "data_source": "synthetic_demo"}}, {"type": "Feature", "geometry": {"type": "Point", "coordinates": [77.3057, 28.50395]}, "properties": {"id": "DEL-SCH-005", "kind": "school", "name": "Govt. High School, Delhi Zone 5", "city": "Delhi", "state": "Delhi", "lat": 28.50395, "lon": 77.3057, "capacity": 1406, "contact": "del-sch-005@example.org", "data_source": "synthetic_demo"}}, {"type": "Feature", "geometry": {"type": "Point", "coordinates": [77.04797, 28.4375]}, "properties": {"id": "DEL-SCH-006", "kind": "school", "name": "Degree College, Delhi Zone 6", "city": "Delhi", "state": "Delhi", "lat": 28.4375, "lon": 77.04797, "capacity": 1240, "contact": "del-sch-006@example.org", "data_source": "synthetic_demo"}}, {"type": "Feature", "geometry": {"type": "Point", "coordinates": [77.51754, 28.56729]}, "properties": {"id": "DEL-SCH-007", "kind": "school", "name": "Govt. High School, Delhi Zone 7", "city": "Delhi", "state": "Delhi", "lat": 28.56729, "lon": 77.51754, "capacity": 2689, "contact": "del-sch-007@example.org", "data_source": "synthetic_demo"}}, {"type": "Feature", "geometry": {"type": "Point", "coordinates": [77.20385, 28.63718]}, "properties": {"id": "DEL-SCH-008", "kind": "school", "name": "Govt. High School, Delhi Zone 8", "city": "Delhi", "state": "Delhi", "lat": 28.63718, "lon": 77.20385, "capacity": 2676, "contact": "del-sch-008@example.org", "data_source": "synthetic_demo"}}, {"type": "Feature", "geometry": {"type": "Point", "coordinates": [77.52533, 28.46271]}, "properties": {"id": "DEL-SCH-009", "kind": "school", "name": "Govt. Primary School, Delhi Zone 1", "city": "Delhi", "state": "Delhi", "lat": 28.46271, "lon": 77.52533, "capacity": 405, "contact": "del-sch-009@example.org", "data_source": "synthetic_demo"}}, {"type": "Feature", "geometry": {"type": "Point", "coordinates": [77.04124, 28.41966]}, "properties": {"id": "DEL-SCH-010", "kind": "school", "name": "Degree College, Delhi Zone 2", "city": "Delhi", "state": "Delhi", "lat": 28.41966, "lon": 77.04124, "capacity": 1376, "contact": "del-sch-010@example.org", "data_source": "synthetic_demo"}}, {"type": "Feature", "geometry": {"type": "Point", "coordinates": [77.345, 28.474]}, "properties": {"id": "DEL-SCH-011", "kind": "school", "name": "Govt. Primary School, Delhi Zone 3", "city": "Delhi", "state": "Delhi", "lat": 28.474, "lon": 77.345, "capacity": 1526, "contact": "del-sch-011@example.org", "data_source": "synthetic_demo"}}, {"type": "Feature", "geometry": {"type": "Point", "coordinates": [77.15018, 28.81635]}, "properties": {"id": "DEL-SCH-012", "kind": "school", "name": "Engineering College, Delhi Zone 4", "city": "Delhi", "state": "Delhi", "lat": 28.81635, "lon": 77.15018, "capacity": 1245, "contact": "del-sch-012@example.org", "data_source": "synthetic_demo"}}, {"type": "Feature", "geometry": {"type": "Point", "coordinates": [77.2963, 28.45735]}, "properties": {"id": "DEL-SCH-013", "kind": "school", "name": "PU College, Delhi Zone 5", "city": "Delhi", "state": "Delhi", "lat": 28.45735, "lon": 77.2963, "capacity": 1086, "contact": "del-sch-013@example.org", "data_source": "synthetic_demo"}}, {"type": "Feature", "geometry": {"type": "Point", "coordinates": [77.03031, 28.57236]}, "properties": {"id": "DEL-SCH-014", "kind": "school", "name": "PU College, Delhi Zone 6", "city": "Delhi", "state": "Delhi", "lat": 28.57236, "lon": 77.03031, "capacity": 358, "contact": "del-sch-014@example.org", "data_source": "synthetic_demo"}}, {"type": "Feature", "geometry": {"type": "Point", "coordinates": [77.047, 28.81558]}, "properties": {"id": "DEL-SCH-015", "kind": "school", "name": "Public School, Delhi Zone 7", "city": "Delhi", "state": "Delhi", "lat": 28.81558, "lon": 77.047, "capacity": 1446, "contact": "del-sch-015@example.org", "data_source": "synthetic_demo"}}, {"type": "Feature", "geometry": {"type": "Point", "coordinates": [77.14241, 28.48727]}, "properties": {"id": "DEL-SCH-016", "kind": "school", "name": "PU College, Delhi Zone 8", "city": "Delhi", "state": "Delhi", "lat": 28.48727, "lon": 77.14241, "capacity": 889, "contact": "del-sch-016@example.org", "data_source": "synthetic_demo"}}, {"type": "Feature", "geometry": {"type": "Point", "coordinates": [77.14374, 28.6094]}, "properties": {"id": "DEL-SCH-017", "kind": "school", "name": "Govt. High School, Delhi Zone 1", "city": "Delhi", "state": "Delhi", "lat": 28.6094, "lon": 77.14374, "capacity": 1984, "contact": "del-sch-017@example.org", "data_source": "synthetic_demo"}}, {"type": "Feature", "geometry": {"type": "Point", "coordinates": [77.19345, 28.45065]}, "properties": {"id": "DEL-SCH-018", "kind": "school", "name": "Govt. High School, Delhi Zone 2", "city": "Delhi", "state": "Delhi", "lat": 28.45065, "lon": 77.19345, "capacity": 1669, "contact": "del-sch-018@example.org", "data_source": "synthetic_demo"}}, {"type": "Feature", "geometry": {"type": "Point", "coordinates": [77.20259, 28.80171]}, "properties": {"id": "DEL-SCH-019", "kind": "school", "name": "Govt. Primary School, Delhi Zone 3", "city": "Delhi", "state": "Delhi", "lat": 28.80171, "lon": 77.20259, "capacity": 2893, "contact": "del-sch-019@example.org", "data_source": "synthetic_demo"}}, {"type": "Feature", "geometry": {"type": "Point", "coordinates": [77.18629, 28.50238]}, "properties": {"id": "DEL-SCH-020", "kind": "school", "name": "Govt. High School, Delhi Zone 4", "city": "Delhi", "state": "Delhi", "lat": 28.50238, "lon": 77.18629, "capacity": 917, "contact": "del-sch-020@example.org", "data_source": "synthetic_demo"}}, {"type": "Feature", "geometry": {"type": "Point", "coordinates": [77.10827, 28.50586]}, "properties": {"id": "DEL-SCH-021", "kind": "school", "name": "Degree College, Delhi Zone 5", "city": "Delhi", "state": "Delhi", "lat": 28.50586, "lon": 77.10827, "capacity": 2361, "contact": "del-sch-021@example.org", "data_source": "synthetic_demo"}}, {"type": "Feature", "geometry": {"type": "Point", "coordinates": [77.03605, 28.7021]}, "properties": {"id": "DEL-SCH-022", "kind": "school", "name": "Govt. Primary School, Delhi Zone 6", "city": "Delhi", "state": "Delhi", "lat": 28.7021, "lon": 77.03605, "capacity": 583, "contact": "del-sch-022@example.org", "data_source": "synthetic_demo"}}, {"type": "Feature", "geometry": {"type": "Point", "coordinates": [77.25044, 28.58728]}, "properties": {"id": "DEL-SCH-023", "kind": "school", "name": "Public School, Delhi Zone 7", "city": "Delhi", "state": "Delhi", "lat": 28.58728, "lon": 77.25044, "capacity": 1566, "contact": "del-sch-023@example.org", "data_source": "synthetic_demo"}}, {"type": "Feature", "geometry": {"type": "Point", "coordinates": [77.05185, 28.57937]}, "properties": {"id": "DEL-SCH-024", "kind": "school", "name": "PU College, Delhi Zone 8", "city": "Delhi", "state": "Delhi", "lat": 28.57937, "lon": 77.05185, "capacity": 1938, "contact": "del-sch-024@example.org", "data_source": "synthetic_demo"}}, {"type": "Feature", "geometry": {"type": "Point", "coordinates": [77.24777, 28.61326]}, "properties": {"id": "DEL-SCH-025", "kind": "school", "name": "Govt. Primary School, Delhi Zone 1", "city": "Delhi", "state": "Delhi", "lat": 28.61326, "lon": 77.24777, "capacity": 1162, "contact": "del-sch-025@example.org", "data_source": "synthetic_demo"}}, {"type": "Feature", "geometry": {"type": "Point", "coordinates": [77.22013, 28.41848]}, "properties": {"id": "DEL-SCH-026", "kind": "school", "name": "Govt. Primary School, Delhi Zone 2", "city": "Delhi", "state": "Delhi", "lat": 28.41848, "lon": 77.22013, "capacity": 1569, "contact": "del-sch-026@example.org", "data_source": "synthetic_demo"}}, {"type": "Feature", "geometry": {"type": "Point", "coordinates": [77.1602, 28.31189]}, "properties": {"id": "DEL-SCH-027", "kind": "school", "name": "Govt. High School, Delhi Zone 3", "city": "Delhi", "state": "Delhi", "lat": 28.31189, "lon": 77.1602, "capacity": 1991, "contact": "del-sch-027@example.org", "data_source": "synthetic_demo"}}, {"type": "Feature", "geometry": {"type": "Point", "coordinates": [77.23403, 28.5909]}, "properties": {"id": "DEL-SCH-028", "kind": "school", "name": "Public School, Delhi Zone 4", "city": "Delhi", "state": "Delhi", "lat": 28.5909, "lon": 77.23403, "capacity": 686, "contact": "del-sch-028@example.org", "data_source": "synthetic_demo"}}, {"type": "Feature", "geometry": {"type": "Point", "coordinates": [77.14707, 28.47179]}, "properties": {"id": "DEL-SCH-029", "kind": "school", "name": "Govt. High School, Delhi Zone 5", "city": "Delhi", "state": "Delhi", "lat": 28.47179, "lon": 77.14707, "capacity": 272, "contact": "del-sch-029@example.org", "data_source": "synthetic_demo"}}, {"type": "Feature", "geometry": {"type": "Point", "coordinates": [77.11739, 28.62724]}, "properties": {"id": "DEL-SCH-030", "kind": "school", "name": "Degree College, Delhi Zone 6", "city": "Delhi", "state": "Delhi", "lat": 28.62724, "lon": 77.11739, "capacity": 1528, "contact": "del-sch-030@example.org", "data_source": "synthetic_demo"}}, {"type": "Feature", "geometry": {"type": "Point", "coordinates": [77.24805, 28.63474]}, "properties": {"id": "DEL-SCH-031", "kind": "school", "name": "Govt. Primary School, Delhi Zone 7", "city": "Delhi", "state": "Delhi", "lat": 28.63474, "lon": 77.24805, "capacity": 954, "contact": "del-sch-031@example.org", "data_source": "synthetic_demo"}}, {"type": "Feature", "geometry": {"type": "Point", "coordinates": [77.13619, 28.69428]}, "properties": {"id": "DEL-SCH-032", "kind": "school", "name": "Public School, Delhi Zone 8", "city": "Delhi", "state": "Delhi", "lat": 28.69428, "lon": 77.13619, "capacity": 1927, "contact": "del-sch-032@example.org", "data_source": "synthetic_demo"}}, {"type": "Feature", "geometry": {"type": "Point", "coordinates": [77.28533, 28.64927]}, "properties": {"id": "DEL-SCH-033", "kind": "school", "name": "Public School, Delhi Zone 1", "city": "Delhi", "state": "Delhi", "lat": 28.64927, "lon": 77.28533, "capacity": 2487, "contact": "del-sch-033@example.org", "data_source": "synthetic_demo"}}, {"type": "Feature", "geometry": {"type": "Point", "coordinates": [77.27254, 28.51878]}, "properties": {"id": "DEL-SCH-034", "kind": "school", "name": "Govt. High School, Delhi Zone 2", "city": "Delhi", "state": "Delhi", "lat": 28.51878, "lon": 77.27254, "capacity": 2701, "contact": "del-sch-034@example.org", "data_source": "synthetic_demo"}}, {"type": "Feature", "geometry": {"type": "Point", "coordinates": [77.31461, 28.67657]}, "properties": {"id": "DEL-SCH-035", "kind": "school", "name": "Govt. Primary School, Delhi Zone 3", "city": "Delhi", "state": "Delhi", "lat": 28.67657, "lon": 77.31461, "capacity": 2057, "contact": "del-sch-035@example.org", "data_source": "synthetic_demo"}}, {"type": "Feature", "geometry": {"type": "Point", "coordinates": [76.95797, 28.69218]}, "properties": {"id": "DEL-SCH-036", "kind": "school", "name": "Degree College, Delhi Zone 4", "city": "Delhi", "state": "Delhi", "lat": 28.69218, "lon": 76.95797, "capacity": 798, "contact": "del-sch-036@example.org", "data_source": "synthetic_demo"}}, {"type": "Feature", "geometry": {"type": "Point", "coordinates": [77.37638, 28.64794]}, "properties": {"id": "DEL-SCH-037", "kind": "school", "name": "Govt. Primary School, Delhi Zone 5", "city": "Delhi", "state": "Delhi", "lat": 28.64794, "lon": 77.37638, "capacity": 520, "contact": "del-sch-037@example.org", "data_source": "synthetic_demo"}}, {"type": "Feature", "geometry": {"type": "Point", "coordinates": [77.36525, 28.59247]}, "properties": {"id": "DEL-SCH-038", "kind": "school", "name": "Degree College, Delhi Zone 6", "city": "Delhi", "state": "Delhi", "lat": 28.59247, "lon": 77.36525, "capacity": 2526, "contact": "del-sch-038@example.org", "data_source": "synthetic_demo"}}, {"type": "Feature", "geometry": {"type": "Point", "coordinates": [77.27153, 28.39675]}, "properties": {"id": "DEL-SCH-039", "kind": "school", "name": "Public School, Delhi Zone 7", "city": "Delhi", "state": "Delhi", "lat": 28.39675, "lon": 77.27153, "capacity": 1913, "contact": "del-sch-039@example.org", "data_source": "synthetic_demo"}}, {"type": "Feature", "geometry": {"type": "Point", "coordinates": [77.10374, 28.7991]}, "properties": {"id": "DEL-SCH-040", "kind": "school", "name": "Public School, Delhi Zone 8", "city": "Delhi", "state": "Delhi", "lat": 28.7991, "lon": 77.10374, "capacity": 1796, "contact": "del-sch-040@example.org", "data_source": "synthetic_demo"}}, {"type": "Feature", "geometry": {"type": "Point", "coordinates": [77.25392, 28.86828]}, "properties": {"id": "DEL-SCH-041", "kind": "school", "name": "Engineering College, Delhi Zone 1", "city": "Delhi", "state": "Delhi", "lat": 28.86828, "lon": 77.25392, "capacity": 1140, "contact": "del-sch-041@example.org", "data_source": "synthetic_demo"}}, {"type": "Feature", "geometry": {"type": "Point", "coordinates": [77.19187, 28.57875]}, "properties": {"id": "DEL-SCH-042", "kind": "school", "name": "Public School, Delhi Zone 2", "city": "Delhi", "state": "Delhi", "lat": 28.57875, "lon": 77.19187, "capacity": 2227, "contact": "del-sch-042@example.org", "data_source": "synthetic_demo"}}, {"type": "Feature", "geometry": {"type": "Point", "coordinates": [77.09388, 28.6758]}, "properties": {"id": "DEL-SCH-043", "kind": "school", "name": "Engineering College, Delhi Zone 3", "city": "Delhi", "state": "Delhi", "lat": 28.6758, "lon": 77.09388, "capacity": 2584, "contact": "del-sch-043@example.org", "data_source": "synthetic_demo"}}, {"type": "Feature", "geometry": {"type": "Point", "coordinates": [77.22727, 28.75867]}, "properties": {"id": "DEL-SCH-044", "kind": "school", "name": "PU College, Delhi Zone 4", "city": "Delhi", "state": "Delhi", "lat": 28.75867, "lon": 77.22727, "capacity": 416, "contact": "del-sch-044@example.org", "data_source": "synthetic_demo"}}, {"type": "Feature", "geometry": {"type": "Point", "coordinates": [77.1997, 28.72032]}, "properties": {"id": "DEL-SCH-045", "kind": "school", "name": "Govt. High School, Delhi Zone 5", "city": "Delhi", "state": "Delhi", "lat": 28.72032, "lon": 77.1997, "capacity": 1050, "contact": "del-sch-045@example.org", "data_source": "synthetic_demo"}}, {"type": "Feature", "geometry": {"type": "Point", "coordinates": [77.38653, 28.67168]}, "properties": {"id": "DEL-SCH-046", "kind": "school", "name": "Govt. Primary School, Delhi Zone 6", "city": "Delhi", "state": "Delhi", "lat": 28.67168, "lon": 77.38653, "capacity": 979, "contact": "del-sch-046@example.org", "data_source": "synthetic_demo"}}, {"type": "Feature", "geometry": {"type": "Point", "coordinates": [77.26904, 28.468]}, "properties": {"id": "DEL-SCH-047", "kind": "school", "name": "Public School, Delhi Zone 7", "city": "Delhi", "state": "Delhi", "lat": 28.468, "lon": 77.26904, "capacity": 2589, "contact": "del-sch-047@example.org", "data_source": "synthetic_demo"}}, {"type": "Feature", "geometry": {"type": "Point", "coordinates": [77.30526, 28.60588]}, "properties": {"id": "DEL-SCH-048", "kind": "school", "name": "Govt. Primary School, Delhi Zone 8", "city": "Delhi", "state": "Delhi", "lat": 28.60588, "lon": 77.30526, "capacity": 2403, "contact": "del-sch-048@example.org", "data_source": "synthetic_demo"}}, {"type": "Feature", "geometry": {"type": "Point", "coordinates": [76.92757, 28.56077]}, "properties": {"id": "DEL-SCH-049", "kind": "school", "name": "Govt. Primary School, Delhi Zone 1", "city": "Delhi", "state": "Delhi", "lat": 28.56077, "lon": 76.92757, "capacity": 2438, "contact": "del-sch-049@example.org", "data_source": "synthetic_demo"}}, {"type": "Feature", "geometry": {"type": "Point", "coordinates": [77.06574, 28.28574]}, "properties": {"id": "DEL-SCH-050", "kind": "school", "name": "Govt. High School, Delhi Zone 2", "city": "Delhi", "state": "Delhi", "lat": 28.28574, "lon": 77.06574, "capacity": 949, "contact": "del-sch-050@example.org", "data_source": "synthetic_demo"}}, {"type": "Feature", "geometry": {"type": "Point", "coordinates": [77.35775, 28.66935]}, "properties": {"id": "DEL-SCH-051", "kind": "school", "name": "Engineering College, Delhi Zone 3", "city": "Delhi", "state": "Delhi", "lat": 28.66935, "lon": 77.35775, "capacity": 2166, "contact": "del-sch-051@example.org", "data_source": "synthetic_demo"}}, {"type": "Feature", "geometry": {"type": "Point", "coordinates": [77.20653, 28.72403]}, "properties": {"id": "DEL-SCH-052", "kind": "school", "name": "PU College, Delhi Zone 4", "city": "Delhi", "state": "Delhi", "lat": 28.72403, "lon": 77.20653, "capacity": 529, "contact": "del-sch-052@example.org", "data_source": "synthetic_demo"}}, {"type": "Feature", "geometry": {"type": "Point", "coordinates": [77.18836, 28.69295]}, "properties": {"id": "DEL-SCH-053", "kind": "school", "name": "PU College, Delhi Zone 5", "city": "Delhi", "state": "Delhi", "lat": 28.69295, "lon": 77.18836, "capacity": 1740, "contact": "del-sch-053@example.org", "data_source": "synthetic_demo"}}, {"type": "Feature", "geometry": {"type": "Point", "coordinates": [77.49093, 28.77908]}, "properties": {"id": "DEL-SCH-054", "kind": "school", "name": "Govt. High School, Delhi Zone 6", "city": "Delhi", "state": "Delhi", "lat": 28.77908, "lon": 77.49093, "capacity": 967, "contact": "del-sch-054@example.org", "data_source": "synthetic_demo"}}, {"type": "Feature", "geometry": {"type": "Point", "coordinates": [77.25906, 28.72842]}, "properties": {"id": "DEL-SCH-055", "kind": "school", "name": "Degree College, Delhi Zone 7", "city": "Delhi", "state": "Delhi", "lat": 28.72842, "lon": 77.25906, "capacity": 1075, "contact": "del-sch-055@example.org", "data_source": "synthetic_demo"}}, {"type": "Feature", "geometry": {"type": "Point", "coordinates": [77.20234, 28.74578]}, "properties": {"id": "DEL-SCH-056", "kind": "school", "name": "Engineering College, Delhi Zone 8", "city": "Delhi", "state": "Delhi", "lat": 28.74578, "lon": 77.20234, "capacity": 2614, "contact": "del-sch-056@example.org", "data_source": "synthetic_demo"}}, {"type": "Feature", "geometry": {"type": "Point", "coordinates": [77.1826, 28.60686]}, "properties": {"id": "DEL-SCH-057", "kind": "school", "name": "Degree College, Delhi Zone 1", "city": "Delhi", "state": "Delhi", "lat": 28.60686, "lon": 77.1826, "capacity": 1979, "contact": "del-sch-057@example.org", "data_source": "synthetic_demo"}}, {"type": "Feature", "geometry": {"type": "Point", "coordinates": [77.43167, 28.60949]}, "properties": {"id": "DEL-SCH-058", "kind": "school", "name": "Public School, Delhi Zone 2", "city": "Delhi", "state": "Delhi", "lat": 28.60949, "lon": 77.43167, "capacity": 2229, "contact": "del-sch-058@example.org", "data_source": "synthetic_demo"}}, {"type": "Feature", "geometry": {"type": "Point", "coordinates": [77.04875, 28.58683]}, "properties": {"id": "DEL-SCH-059", "kind": "school", "name": "Govt. Primary School, Delhi Zone 3", "city": "Delhi", "state": "Delhi", "lat": 28.58683, "lon": 77.04875, "capacity": 274, "contact": "del-sch-059@example.org", "data_source": "synthetic_demo"}}, {"type": "Feature", "geometry": {"type": "Point", "coordinates": [77.33938, 28.76601]}, "properties": {"id": "DEL-SCH-060", "kind": "school", "name": "Govt. High School, Delhi Zone 4", "city": "Delhi", "state": "Delhi", "lat": 28.76601, "lon": 77.33938, "capacity": 773, "contact": "del-sch-060@example.org", "data_source": "synthetic_demo"}}, {"type": "Feature", "geometry": {"type": "Point", "coordinates": [77.0573, 28.66292]}, "properties": {"id": "DEL-SCH-061", "kind": "school", "name": "Degree College, Delhi Zone 5", "city": "Delhi", "state": "Delhi", "lat": 28.66292, "lon": 77.0573, "capacity": 1513, "contact": "del-sch-061@example.org", "data_source": "synthetic_demo"}}, {"type": "Feature", "geometry": {"type": "Point", "coordinates": [76.95662, 28.76503]}, "properties": {"id": "DEL-SCH-062", "kind": "school", "name": "Public School, Delhi Zone 6", "city": "Delhi", "state": "Delhi", "lat": 28.76503, "lon": 76.95662, "capacity": 1006, "contact": "del-sch-062@example.org", "data_source": "synthetic_demo"}}, {"type": "Feature", "geometry": {"type": "Point", "coordinates": [77.29076, 28.54471]}, "properties": {"id": "DEL-SCH-063", "kind": "school", "name": "Degree College, Delhi Zone 7", "city": "Delhi", "state": "Delhi", "lat": 28.54471, "lon": 77.29076, "capacity": 814, "contact": "del-sch-063@example.org", "data_source": "synthetic_demo"}}, {"type": "Feature", "geometry": {"type": "Point", "coordinates": [77.16922, 28.77346]}, "properties": {"id": "DEL-SCH-064", "kind": "school", "name": "Engineering College, Delhi Zone 8", "city": "Delhi", "state": "Delhi", "lat": 28.77346, "lon": 77.16922, "capacity": 376, "contact": "del-sch-064@example.org", "data_source": "synthetic_demo"}}, {"type": "Feature", "geometry": {"type": "Point", "coordinates": [77.08314, 28.64037]}, "properties": {"id": "DEL-HOS-001", "kind": "hospital", "name": "Community Health Centre, Delhi Zone 1", "city": "Delhi", "state": "Delhi", "lat": 28.64037, "lon": 77.08314, "capacity": 596, "contact": "del-hos-001@example.org", "data_source": "synthetic_demo"}}, {"type": "Feature", "geometry": {"type": "Point", "coordinates": [77.30853, 28.64754]}, "properties": {"id": "DEL-HOS-002", "kind": "hospital", "name": "Primary Health Centre, Delhi Zone 2", "city": "Delhi", "state": "Delhi", "lat": 28.64754, "lon": 77.30853, "capacity": 466, "contact": "del-hos-002@example.org", "data_source": "synthetic_demo"}}, {"type": "Feature", "geometry": {"type": "Point", "coordinates": [77.21974, 28.56846]}, "properties": {"id": "DEL-HOS-003", "kind": "hospital", "name": "Community Health Centre, Delhi Zone 3", "city": "Delhi", "state": "Delhi", "lat": 28.56846, "lon": 77.21974, "capacity": 117, "contact": "del-hos-003@example.org", "data_source": "synthetic_demo"}}, {"type": "Feature", "geometry": {"type": "Point", "coordinates": [77.2405, 28.73237]}, "properties": {"id": "DEL-HOS-004", "kind": "hospital", "name": "Multispeciality Hospital, Delhi Zone 4", "city": "Delhi", "state": "Delhi", "lat": 28.73237, "lon": 77.2405, "capacity": 647, "contact": "del-hos-004@example.org", "data_source": "synthetic_demo"}}, {"type": "Feature", "geometry": {"type": "Point", "coordinates": [77.14429, 28.77058]}, "properties": {"id": "DEL-HOS-005", "kind": "hospital", "name": "Community Health Centre, Delhi Zone 5", "city": "Delhi", "state": "Delhi", "lat": 28.77058, "lon": 77.14429, "capacity": 694, "contact": "del-hos-005@example.org", "data_source": "synthetic_demo"}}, {"type": "Feature", "geometry": {"type": "Point", "coordinates": [77.50356, 28.62208]}, "properties": {"id": "DEL-HOS-006", "kind": "hospital", "name": "Community Health Centre, Delhi Zone 6", "city": "Delhi", "state": "Delhi", "lat": 28.62208, "lon": 77.50356, "capacity": 426, "contact": "del-hos-006@example.org", "data_source": "synthetic_demo"}}, {"type": "Feature", "geometry": {"type": "Point", "coordinates": [77.43496, 28.5978]}, "properties": {"id": "DEL-HOS-007", "kind": "hospital", "name": "Multispeciality Hospital, Delhi Zone 7", "city": "Delhi", "state": "Delhi", "lat": 28.5978, "lon": 77.43496, "capacity": 77, "contact": "del-hos-007@example.org", "data_source": "synthetic_demo"}}, {"type": "Feature", "geometry": {"type": "Point", "coordinates": [77.22622, 28.67231]}, "properties": {"id": "DEL-HOS-008", "kind": "hospital", "name": "Community Health Centre, Delhi Zone 8", "city": "Delhi", "state": "Delhi", "lat": 28.67231, "lon": 77.22622, "capacity": 386, "contact": "del-hos-008@example.org", "data_source": "synthetic_demo"}}, {"type": "Feature", "geometry": {"type": "Point", "coordinates": [76.96642, 28.42805]}, "properties": {"id": "DEL-HOS-009", "kind": "hospital", "name": "Multispeciality Hospital, Delhi Zone 1", "city": "Delhi", "state": "Delhi", "lat": 28.42805, "lon": 76.96642, "capacity": 269, "contact": "del-hos-009@example.org", "data_source": "synthetic_demo"}}, {"type": "Feature", "geometry": {"type": "Point", "coordinates": [77.09725, 28.59562]}, "properties": {"id": "DEL-HOS-010", "kind": "hospital", "name": "Primary Health Centre, Delhi Zone 2", "city": "Delhi", "state": "Delhi", "lat": 28.59562, "lon": 77.09725, "capacity": 139, "contact": "del-hos-010@example.org", "data_source": "synthetic_demo"}}, {"type": "Feature", "geometry": {"type": "Point", "coordinates": [77.30023, 28.57058]}, "properties": {"id": "DEL-HOS-011", "kind": "hospital", "name": "Primary Health Centre, Delhi Zone 3", "city": "Delhi", "state": "Delhi", "lat": 28.57058, "lon": 77.30023, "capacity": 763, "contact": "del-hos-011@example.org", "data_source": "synthetic_demo"}}, {"type": "Feature", "geometry": {"type": "Point", "coordinates": [77.07785, 28.56711]}, "properties": {"id": "DEL-HOS-012", "kind": "hospital", "name": "Multispeciality Hospital, Delhi Zone 4", "city": "Delhi", "state": "Delhi", "lat": 28.56711, "lon": 77.07785, "capacity": 272, "contact": "del-hos-012@example.org", "data_source": "synthetic_demo"}}, {"type": "Feature", "geometry": {"type": "Point", "coordinates": [77.37577, 28.6104]}, "properties": {"id": "DEL-HOS-013", "kind": "hospital", "name": "Multispeciality Hospital, Delhi Zone 5", "city": "Delhi", "state": "Delhi", "lat": 28.6104, "lon": 77.37577, "capacity": 479, "contact": "del-hos-013@example.org", "data_source": "synthetic_demo"}}, {"type": "Feature", "geometry": {"type": "Point", "coordinates": [77.15708, 28.58522]}, "properties": {"id": "DEL-HOS-014", "kind": "hospital", "name": "Community Health Centre, Delhi Zone 6", "city": "Delhi", "state": "Delhi", "lat": 28.58522, "lon": 77.15708, "capacity": 174, "contact": "del-hos-014@example.org", "data_source": "synthetic_demo"}}, {"type": "Feature", "geometry": {"type": "Point", "coordinates": [76.97388, 28.47973]}, "properties": {"id": "DEL-HOS-015", "kind": "hospital", "name": "Primary Health Centre, Delhi Zone 7", "city": "Delhi", "state": "Delhi", "lat": 28.47973, "lon": 76.97388, "capacity": 149, "contact": "del-hos-015@example.org", "data_source": "synthetic_demo"}}, {"type": "Feature", "geometry": {"type": "Point", "coordinates": [77.58214, 28.73752]}, "properties": {"id": "DEL-HOS-016", "kind": "hospital", "name": "District Hospital, Delhi Zone 8", "city": "Delhi", "state": "Delhi", "lat": 28.73752, "lon": 77.58214, "capacity": 125, "contact": "del-hos-016@example.org", "data_source": "synthetic_demo"}}, {"type": "Feature", "geometry": {"type": "Point", "coordinates": [77.31392, 28.88004]}, "properties": {"id": "DEL-HOS-017", "kind": "hospital", "name": "Community Health Centre, Delhi Zone 1", "city": "Delhi", "state": "Delhi", "lat": 28.88004, "lon": 77.31392, "capacity": 334, "contact": "del-hos-017@example.org", "data_source": "synthetic_demo"}}, {"type": "Feature", "geometry": {"type": "Point", "coordinates": [77.15501, 28.77067]}, "properties": {"id": "DEL-HOS-018", "kind": "hospital", "name": "District Hospital, Delhi Zone 2", "city": "Delhi", "state": "Delhi", "lat": 28.77067, "lon": 77.15501, "capacity": 442, "contact": "del-hos-018@example.org", "data_source": "synthetic_demo"}}, {"type": "Feature", "geometry": {"type": "Point", "coordinates": [77.30792, 28.54816]}, "properties": {"id": "DEL-HOS-019", "kind": "hospital", "name": "Primary Health Centre, Delhi Zone 3", "city": "Delhi", "state": "Delhi", "lat": 28.54816, "lon": 77.30792, "capacity": 103, "contact": "del-hos-019@example.org", "data_source": "synthetic_demo"}}, {"type": "Feature", "geometry": {"type": "Point", "coordinates": [77.46091, 28.68711]}, "properties": {"id": "DEL-HOS-020", "kind": "hospital", "name": "District Hospital, Delhi Zone 4", "city": "Delhi", "state": "Delhi", "lat": 28.68711, "lon": 77.46091, "capacity": 99, "contact": "del-hos-020@example.org", "data_source": "synthetic_demo"}}, {"type": "Feature", "geometry": {"type": "Point", "coordinates": [76.91028, 28.69639]}, "properties": {"id": "DEL-HOS-021", "kind": "hospital", "name": "Primary Health Centre, Delhi Zone 5", "city": "Delhi", "state": "Delhi", "lat": 28.69639, "lon": 76.91028, "capacity": 730, "contact": "del-hos-021@example.org", "data_source": "synthetic_demo"}}, {"type": "Feature", "geometry": {"type": "Point", "coordinates": [77.27294, 28.70218]}, "properties": {"id": "DEL-HOS-022", "kind": "hospital", "name": "District Hospital, Delhi Zone 6", "city": "Delhi", "state": "Delhi", "lat": 28.70218, "lon": 77.27294, "capacity": 170, "contact": "del-hos-022@example.org", "data_source": "synthetic_demo"}}, {"type": "Feature", "geometry": {"type": "Point", "coordinates": [76.9599, 28.66149]}, "properties": {"id": "DEL-HOS-023", "kind": "hospital", "name": "Multispeciality Hospital, Delhi Zone 7", "city": "Delhi", "state": "Delhi", "lat": 28.66149, "lon": 76.9599, "capacity": 74, "contact": "del-hos-023@example.org", "data_source": "synthetic_demo"}}, {"type": "Feature", "geometry": {"type": "Point", "coordinates": [77.16034, 28.5357]}, "properties": {"id": "DEL-HOS-024", "kind": "hospital", "name": "Multispeciality Hospital, Delhi Zone 8", "city": "Delhi", "state": "Delhi", "lat": 28.5357, "lon": 77.16034, "capacity": 428, "contact": "del-hos-024@example.org", "data_source": "synthetic_demo"}}, {"type": "Feature", "geometry": {"type": "Point", "coordinates": [76.86868, 28.77132]}, "properties": {"id": "DEL-HOS-025", "kind": "hospital", "name": "District Hospital, Delhi Zone 1", "city": "Delhi", "state": "Delhi", "lat": 28.77132, "lon": 76.86868, "capacity": 130, "contact": "del-hos-025@example.org", "data_source": "synthetic_demo"}}, {"type": "Feature", "geometry": {"type": "Point", "coordinates": [77.37277, 28.87001]}, "properties": {"id": "DEL-HOS-026", "kind": "hospital", "name": "Multispeciality Hospital, Delhi Zone 2", "city": "Delhi", "state": "Delhi", "lat": 28.87001, "lon": 77.37277, "capacity": 605, "contact": "del-hos-026@example.org", "data_source": "synthetic_demo"}}, {"type": "Feature", "geometry": {"type": "Point", "coordinates": [76.9434, 28.49827]}, "properties": {"id": "DEL-HOS-027", "kind": "hospital", "name": "Community Health Centre, Delhi Zone 3", "city": "Delhi", "state": "Delhi", "lat": 28.49827, "lon": 76.9434, "capacity": 262, "contact": "del-hos-027@example.org", "data_source": "synthetic_demo"}}, {"type": "Feature", "geometry": {"type": "Point", "coordinates": [77.13505, 28.6242]}, "properties": {"id": "DEL-HOS-028", "kind": "hospital", "name": "Community Health Centre, Delhi Zone 4", "city": "Delhi", "state": "Delhi", "lat": 28.6242, "lon": 77.13505, "capacity": 699, "contact": "del-hos-028@example.org", "data_source": "synthetic_demo"}}, {"type": "Feature", "geometry": {"type": "Point", "coordinates": [77.25946, 28.41853]}, "properties": {"id": "DEL-HOS-029", "kind": "hospital", "name": "District Hospital, Delhi Zone 5", "city": "Delhi", "state": "Delhi", "lat": 28.41853, "lon": 77.25946, "capacity": 536, "contact": "del-hos-029@example.org", "data_source": "synthetic_demo"}}, {"type": "Feature", "geometry": {"type": "Point", "coordinates": [77.19287, 28.57333]}, "properties": {"id": "DEL-HOS-030", "kind": "hospital", "name": "Community Health Centre, Delhi Zone 6", "city": "Delhi", "state": "Delhi", "lat": 28.57333, "lon": 77.19287, "capacity": 128, "contact": "del-hos-030@example.org", "data_source": "synthetic_demo"}}, {"type": "Feature", "geometry": {"type": "Point", "coordinates": [77.12946, 28.53467]}, "properties": {"id": "DEL-HOS-031", "kind": "hospital", "name": "Multispeciality Hospital, Delhi Zone 7", "city": "Delhi", "state": "Delhi", "lat": 28.53467, "lon": 77.12946, "capacity": 188, "contact": "del-hos-031@example.org", "data_source": "synthetic_demo"}}, {"type": "Feature", "geometry": {"type": "Point", "coordinates": [77.20463, 28.85263]}, "properties": {"id": "DEL-HOS-032", "kind": "hospital", "name": "Primary Health Centre, Delhi Zone 8", "city": "Delhi", "state": "Delhi", "lat": 28.85263, "lon": 77.20463, "capacity": 298, "contact": "del-hos-032@example.org", "data_source": "synthetic_demo"}}, {"type": "Feature", "geometry": {"type": "Point", "coordinates": [77.45247, 28.72803]}, "properties": {"id": "DEL-RES-001", "kind": "rescue_team", "name": "SDRF Unit, Delhi Zone 1", "city": "Delhi", "state": "Delhi", "lat": 28.72803, "lon": 77.45247, "capacity": 16, "contact": "del-res-001@example.org", "data_source": "synthetic_demo"}}, {"type": "Feature", "geometry": {"type": "Point", "coordinates": [77.47474, 28.60482]}, "properties": {"id": "DEL-RES-002", "kind": "rescue_team", "name": "Civil Defence Unit, Delhi Zone 2", "city": "Delhi", "state": "Delhi", "lat": 28.60482, "lon": 77.47474, "capacity": 26, "contact": "del-res-002@example.org", "data_source": "synthetic_demo"}}, {"type": "Feature", "geometry": {"type": "Point", "coordinates": [77.15536, 28.62877]}, "properties": {"id": "DEL-RES-003", "kind": "rescue_team", "name": "Civil Defence Unit, Delhi Zone 3", "city": "Delhi", "state": "Delhi", "lat": 28.62877, "lon": 77.15536, "capacity": 33, "contact": "del-res-003@example.org", "data_source": "synthetic_demo"}}, {"type": "Feature", "geometry": {"type": "Point", "coordinates": [77.19357, 28.43852]}, "properties": {"id": "DEL-RES-004", "kind": "rescue_team", "name": "SDRF Unit, Delhi Zone 4", "city": "Delhi", "state": "Delhi", "lat": 28.43852, "lon": 77.19357, "capacity": 28, "contact": "del-res-004@example.org", "data_source": "synthetic_demo"}}, {"type": "Feature", "geometry": {"type": "Point", "coordinates": [77.62906, 28.60265]}, "properties": {"id": "DEL-RES-005", "kind": "rescue_team", "name": "SDRF Unit, Delhi Zone 5", "city": "Delhi", "state": "Delhi", "lat": 28.60265, "lon": 77.62906, "capacity": 21, "contact": "del-res-005@example.org", "data_source": "synthetic_demo"}}, {"type": "Feature", "geometry": {"type": "Point", "coordinates": [77.30706, 28.7284]}, "properties": {"id": "DEL-RES-006", "kind": "rescue_team", "name": "Civil Defence Unit, Delhi Zone 6", "city": "Delhi", "state": "Delhi", "lat": 28.7284, "lon": 77.30706, "capacity": 57, "contact": "del-res-006@example.org", "data_source": "synthetic_demo"}}, {"type": "Feature", "geometry": {"type": "Point", "coordinates": [77.17084, 28.76238]}, "properties": {"id": "DEL-RES-007", "kind": "rescue_team", "name": "Civil Defence Unit, Delhi Zone 7", "city": "Delhi", "state": "Delhi", "lat": 28.76238, "lon": 77.17084, "capacity": 36, "contact": "del-res-007@example.org", "data_source": "synthetic_demo"}}, {"type": "Feature", "geometry": {"type": "Point", "coordinates": [77.23146, 28.86518]}, "properties": {"id": "DEL-RES-008", "kind": "rescue_team", "name": "NDRF Team, Delhi Zone 8", "city": "Delhi", "state": "Delhi", "lat": 28.86518, "lon": 77.23146, "capacity": 46, "contact": "del-res-008@example.org", "data_source": "synthetic_demo"}}, {"type": "Feature", "geometry": {"type": "Point", "coordinates": [80.27963, 13.02804]}, "properties": {"id": "CHN-SCH-001", "kind": "school", "name": "Degree College, Chennai Zone 1", "city": "Chennai", "state": "Tamil Nadu", "lat": 13.02804, "lon": 80.27963, "capacity": 488, "contact": "chn-sch-001@example.org", "data_source": "synthetic_demo"}}, {"type": "Feature", "geometry": {"type": "Point", "coordinates": [80.06009, 13.01227]}, "properties": {"id": "CHN-SCH-002", "kind": "school", "name": "Govt. Primary School, Chennai Zone 2", "city": "Chennai", "state": "Tamil Nadu", "lat": 13.01227, "lon": 80.06009, "capacity": 2826, "contact": "chn-sch-002@example.org", "data_source": "synthetic_demo"}}, {"type": "Feature", "geometry": {"type": "Point", "coordinates": [80.3423, 13.14642]}, "properties": {"id": "CHN-SCH-003", "kind": "school", "name": "Public School, Chennai Zone 3", "city": "Chennai", "state": "Tamil Nadu", "lat": 13.14642, "lon": 80.3423, "capacity": 1912, "contact": "chn-sch-003@example.org", "data_source": "synthetic_demo"}}, {"type": "Feature", "geometry": {"type": "Point", "coordinates": [80.10086, 13.16158]}, "properties": {"id": "CHN-SCH-004", "kind": "school", "name": "Degree College, Chennai Zone 4", "city": "Chennai", "state": "Tamil Nadu", "lat": 13.16158, "lon": 80.10086, "capacity": 1484, "contact": "chn-sch-004@example.org", "data_source": "synthetic_demo"}}, {"type": "Feature", "geometry": {"type": "Point", "coordinates": [80.19888, 13.13941]}, "properties": {"id": "CHN-SCH-005", "kind": "school", "name": "Degree College, Chennai Zone 5", "city": "Chennai", "state": "Tamil Nadu", "lat": 13.13941, "lon": 80.19888, "capacity": 2100, "contact": "chn-sch-005@example.org", "data_source": "synthetic_demo"}}, {"type": "Feature", "geometry": {"type": "Point", "coordinates": [80.04659, 13.04379]}, "properties": {"id": "CHN-SCH-006", "kind": "school", "name": "Degree College, Chennai Zone 6", "city": "Chennai", "state": "Tamil Nadu", "lat": 13.04379, "lon": 80.04659, "capacity": 2475, "contact": "chn-sch-006@example.org", "data_source": "synthetic_demo"}}, {"type": "Feature", "geometry": {"type": "Point", "coordinates": [80.20068, 13.12175]}, "properties": {"id": "CHN-SCH-007", "kind": "school", "name": "Engineering College, Chennai Zone 7", "city": "Chennai", "state": "Tamil Nadu", "lat": 13.12175, "lon": 80.20068, "capacity": 2696, "contact": "chn-sch-007@example.org", "data_source": "synthetic_demo"}}, {"type": "Feature", "geometry": {"type": "Point", "coordinates": [80.44193, 13.06172]}, "properties": {"id": "CHN-SCH-008", "kind": "school", "name": "Govt. High School, Chennai Zone 8", "city": "Chennai", "state": "Tamil Nadu", "lat": 13.06172, "lon": 80.44193, "capacity": 1468, "contact": "chn-sch-008@example.org", "data_source": "synthetic_demo"}}, {"type": "Feature", "geometry": {"type": "Point", "coordinates": [80.18911, 12.98607]}, "properties": {"id": "CHN-SCH-009", "kind": "school", "name": "Engineering College, Chennai Zone 1", "city": "Chennai", "state": "Tamil Nadu", "lat": 12.98607, "lon": 80.18911, "capacity": 1244, "contact": "chn-sch-009@example.org", "data_source": "synthetic_demo"}}, {"type": "Feature", "geometry": {"type": "Point", "coordinates": [80.31768, 13.01488]}, "properties": {"id": "CHN-SCH-010", "kind": "school", "name": "Engineering College, Chennai Zone 2", "city": "Chennai", "state": "Tamil Nadu", "lat": 13.01488, "lon": 80.31768, "capacity": 1249, "contact": "chn-sch-010@example.org", "data_source": "synthetic_demo"}}, {"type": "Feature", "geometry": {"type": "Point", "coordinates": [80.26511, 12.87487]}, "properties": {"id": "CHN-SCH-011", "kind": "school", "name": "Public School, Chennai Zone 3", "city": "Chennai", "state": "Tamil Nadu", "lat": 12.87487, "lon": 80.26511, "capacity": 1454, "contact": "chn-sch-011@example.org", "data_source": "synthetic_demo"}}, {"type": "Feature", "geometry": {"type": "Point", "coordinates": [80.25868, 13.1202]}, "properties": {"id": "CHN-SCH-012", "kind": "school", "name": "Engineering College, Chennai Zone 4", "city": "Chennai", "state": "Tamil Nadu", "lat": 13.1202, "lon": 80.25868, "capacity": 591, "contact": "chn-sch-012@example.org", "data_source": "synthetic_demo"}}, {"type": "Feature", "geometry": {"type": "Point", "coordinates": [80.33886, 13.0867]}, "properties": {"id": "CHN-SCH-013", "kind": "school", "name": "Govt. Primary School, Chennai Zone 5", "city": "Chennai", "state": "Tamil Nadu", "lat": 13.0867, "lon": 80.33886, "capacity": 1780, "contact": "chn-sch-013@example.org", "data_source": "synthetic_demo"}}, {"type": "Feature", "geometry": {"type": "Point", "coordinates": [80.31656, 13.12391]}, "properties": {"id": "CHN-SCH-014", "kind": "school", "name": "PU College, Chennai Zone 6", "city": "Chennai", "state": "Tamil Nadu", "lat": 13.12391, "lon": 80.31656, "capacity": 844, "contact": "chn-sch-014@example.org", "data_source": "synthetic_demo"}}, {"type": "Feature", "geometry": {"type": "Point", "coordinates": [80.11352, 13.0654]}, "properties": {"id": "CHN-SCH-015", "kind": "school", "name": "Public School, Chennai Zone 7", "city": "Chennai", "state": "Tamil Nadu", "lat": 13.0654, "lon": 80.11352, "capacity": 1050, "contact": "chn-sch-015@example.org", "data_source": "synthetic_demo"}}, {"type": "Feature", "geometry": {"type": "Point", "coordinates": [80.29309, 12.9399]}, "properties": {"id": "CHN-SCH-016", "kind": "school", "name": "Public School, Chennai Zone 8", "city": "Chennai", "state": "Tamil Nadu", "lat": 12.9399, "lon": 80.29309, "capacity": 1104, "contact": "chn-sch-016@example.org", "data_source": "synthetic_demo"}}, {"type": "Feature", "geometry": {"type": "Point", "coordinates": [80.28196, 12.95539]}, "properties": {"id": "CHN-SCH-017", "kind": "school", "name": "Govt. High School, Chennai Zone 1", "city": "Chennai", "state": "Tamil Nadu", "lat": 12.95539, "lon": 80.28196, "capacity": 497, "contact": "chn-sch-017@example.org", "data_source": "synthetic_demo"}}, {"type": "Feature", "geometry": {"type": "Point", "coordinates": [80.24035, 13.07327]}, "properties": {"id": "CHN-SCH-018", "kind": "school", "name": "Govt. High School, Chennai Zone 2", "city": "Chennai", "state": "Tamil Nadu", "lat": 13.07327, "lon": 80.24035, "capacity": 1029, "contact": "chn-sch-018@example.org", "data_source": "synthetic_demo"}}, {"type": "Feature", "geometry": {"type": "Point", "coordinates": [80.28064, 13.01531]}, "properties": {"id": "CHN-SCH-019", "kind": "school", "name": "Engineering College, Chennai Zone 3", "city": "Chennai", "state": "Tamil Nadu", "lat": 13.01531, "lon": 80.28064, "capacity": 1332, "contact": "chn-sch-019@example.org", "data_source": "synthetic_demo"}}, {"type": "Feature", "geometry": {"type": "Point", "coordinates": [80.19252, 13.07865]}, "properties": {"id": "CHN-SCH-020", "kind": "school", "name": "PU College, Chennai Zone 4", "city": "Chennai", "state": "Tamil Nadu", "lat": 13.07865, "lon": 80.19252, "capacity": 1175, "contact": "chn-sch-020@example.org", "data_source": "synthetic_demo"}}, {"type": "Feature", "geometry": {"type": "Point", "coordinates": [80.54819, 12.97679]}, "properties": {"id": "CHN-SCH-021", "kind": "school", "name": "Engineering College, Chennai Zone 5", "city": "Chennai", "state": "Tamil Nadu", "lat": 12.97679, "lon": 80.54819, "capacity": 631, "contact": "chn-sch-021@example.org", "data_source": "synthetic_demo"}}, {"type": "Feature", "geometry": {"type": "Point", "coordinates": [80.18008, 13.16513]}, "properties": {"id": "CHN-SCH-022", "kind": "school", "name": "PU College, Chennai Zone 6", "city": "Chennai", "state": "Tamil Nadu", "lat": 13.16513, "lon": 80.18008, "capacity": 2915, "contact": "chn-sch-022@example.org", "data_source": "synthetic_demo"}}, {"type": "Feature", "geometry": {"type": "Point", "coordinates": [80.21844, 13.07959]}, "properties": {"id": "CHN-SCH-023", "kind": "school", "name": "Engineering College, Chennai Zone 7", "city": "Chennai", "state": "Tamil Nadu", "lat": 13.07959, "lon": 80.21844, "capacity": 760, "contact": "chn-sch-023@example.org", "data_source": "synthetic_demo"}}, {"type": "Feature", "geometry": {"type": "Point", "coordinates": [80.1674, 13.03271]}, "properties": {"id": "CHN-SCH-024", "kind": "school", "name": "Public School, Chennai Zone 8", "city": "Chennai", "state": "Tamil Nadu", "lat": 13.03271, "lon": 80.1674, "capacity": 1894, "contact": "chn-sch-024@example.org", "data_source": "synthetic_demo"}}, {"type": "Feature", "geometry": {"type": "Point", "coordinates": [80.11473, 13.03929]}, "properties": {"id": "CHN-SCH-025", "kind": "school", "name": "Engineering College, Chennai Zone 1", "city": "Chennai", "state": "Tamil Nadu", "lat": 13.03929, "lon": 80.11473, "capacity": 318, "contact": "chn-sch-025@example.org", "data_source": "synthetic_demo"}}, {"type": "Feature", "geometry": {"type": "Point", "coordinates": [80.25066, 12.89625]}, "properties": {"id": "CHN-SCH-026", "kind": "school", "name": "Govt. High School, Chennai Zone 2", "city": "Chennai", "state": "Tamil Nadu", "lat": 12.89625, "lon": 80.25066, "capacity": 2166, "contact": "chn-sch-026@example.org", "data_source": "synthetic_demo"}}, {"type": "Feature", "geometry": {"type": "Point", "coordinates": [80.35685, 13.14112]}, "properties": {"id": "CHN-SCH-027", "kind": "school", "name": "Degree College, Chennai Zone 3", "city": "Chennai", "state": "Tamil Nadu", "lat": 13.14112, "lon": 80.35685, "capacity": 211, "contact": "chn-sch-027@example.org", "data_source": "synthetic_demo"}}, {"type": "Feature", "geometry": {"type": "Point", "coordinates": [80.17495, 13.14904]}, "properties": {"id": "CHN-SCH-028", "kind": "school", "name": "Govt. Primary School, Chennai Zone 4", "city": "Chennai", "state": "Tamil Nadu", "lat": 13.14904, "lon": 80.17495, "capacity": 412, "contact": "chn-sch-028@example.org", "data_source": "synthetic_demo"}}, {"type": "Feature", "geometry": {"type": "Point", "coordinates": [80.14453, 12.99839]}, "properties": {"id": "CHN-SCH-029", "kind": "school", "name": "PU College, Chennai Zone 5", "city": "Chennai", "state": "Tamil Nadu", "lat": 12.99839, "lon": 80.14453, "capacity": 397, "contact": "chn-sch-029@example.org", "data_source": "synthetic_demo"}}, {"type": "Feature", "geometry": {"type": "Point", "coordinates": [80.29446, 13.20454]}, "properties": {"id": "CHN-SCH-030", "kind": "school", "name": "Degree College, Chennai Zone 6", "city": "Chennai", "state": "Tamil Nadu", "lat": 13.20454, "lon": 80.29446, "capacity": 1418, "contact": "chn-sch-030@example.org", "data_source": "synthetic_demo"}}, {"type": "Feature", "geometry": {"type": "Point", "coordinates": [80.37193, 13.01948]}, "properties": {"id": "CHN-SCH-031", "kind": "school", "name": "Degree College, Chennai Zone 7", "city": "Chennai", "state": "Tamil Nadu", "lat": 13.01948, "lon": 80.37193, "capacity": 226, "contact": "chn-sch-031@example.org", "data_source": "synthetic_demo"}}, {"type": "Feature", "geometry": {"type": "Point", "coordinates": [80.53898, 13.16333]}, "properties": {"id": "CHN-SCH-032", "kind": "school", "name": "PU College, Chennai Zone 8", "city": "Chennai", "state": "Tamil Nadu", "lat": 13.16333, "lon": 80.53898, "capacity": 2713, "contact": "chn-sch-032@example.org", "data_source": "synthetic_demo"}}, {"type": "Feature", "geometry": {"type": "Point", "coordinates": [80.26155, 13.11699]}, "properties": {"id": "CHN-SCH-033", "kind": "school", "name": "Degree College, Chennai Zone 1", "city": "Chennai", "state": "Tamil Nadu", "lat": 13.11699, "lon": 80.26155, "capacity": 1090, "contact": "chn-sch-033@example.org", "data_source": "synthetic_demo"}}, {"type": "Feature", "geometry": {"type": "Point", "coordinates": [80.21792, 12.89968]}, "properties": {"id": "CHN-SCH-034", "kind": "school", "name": "Degree College, Chennai Zone 2", "city": "Chennai", "state": "Tamil Nadu", "lat": 12.89968, "lon": 80.21792, "capacity": 271, "contact": "chn-sch-034@example.org", "data_source": "synthetic_demo"}}, {"type": "Feature", "geometry": {"type": "Point", "coordinates": [80.27236, 13.09421]}, "properties": {"id": "CHN-SCH-035", "kind": "school", "name": "Govt. High School, Chennai Zone 3", "city": "Chennai", "state": "Tamil Nadu", "lat": 13.09421, "lon": 80.27236, "capacity": 481, "contact": "chn-sch-035@example.org", "data_source": "synthetic_demo"}}, {"type": "Feature", "geometry": {"type": "Point", "coordinates": [80.30487, 13.16814]}, "properties": {"id": "CHN-SCH-036", "kind": "school", "name": "Public School, Chennai Zone 4", "city": "Chennai", "state": "Tamil Nadu", "lat": 13.16814, "lon": 80.30487, "capacity": 1139, "contact": "chn-sch-036@example.org", "data_source": "synthetic_demo"}}, {"type": "Feature", "geometry": {"type": "Point", "coordinates": [80.36435, 13.30302]}, "properties": {"id": "CHN-SCH-037", "kind": "school", "name": "PU College, Chennai Zone 5", "city": "Chennai", "state": "Tamil Nadu", "lat": 13.30302, "lon": 80.36435, "capacity": 2428, "contact": "chn-sch-037@example.org", "data_source": "synthetic_demo"}}, {"type": "Feature", "geometry": {"type": "Point", "coordinates": [80.29806, 13.09888]}, "properties": {"id": "CHN-SCH-038", "kind": "school", "name": "Engineering College, Chennai Zone 6", "city": "Chennai", "state": "Tamil Nadu", "lat": 13.09888, "lon": 80.29806, "capacity": 1930, "contact": "chn-sch-038@example.org", "data_source": "synthetic_demo"}}, {"type": "Feature", "geometry": {"type": "Point", "coordinates": [80.17065, 13.07102]}, "properties": {"id": "CHN-SCH-039", "kind": "school", "name": "Govt. High School, Chennai Zone 7", "city": "Chennai", "state": "Tamil Nadu", "lat": 13.07102, "lon": 80.17065, "capacity": 1834, "contact": "chn-sch-039@example.org", "data_source": "synthetic_demo"}}, {"type": "Feature", "geometry": {"type": "Point", "coordinates": [80.34206, 13.04184]}, "properties": {"id": "CHN-HOS-001", "kind": "hospital", "name": "Multispeciality Hospital, Chennai Zone 1", "city": "Chennai", "state": "Tamil Nadu", "lat": 13.04184, "lon": 80.34206, "capacity": 519, "contact": "chn-hos-001@example.org", "data_source": "synthetic_demo"}}, {"type": "Feature", "geometry": {"type": "Point", "coordinates": [80.24404, 13.09395]}, "properties": {"id": "CHN-HOS-002", "kind": "hospital", "name": "Primary Health Centre, Chennai Zone 2", "city": "Chennai", "state": "Tamil Nadu", "lat": 13.09395, "lon": 80.24404, "capacity": 714, "contact": "chn-hos-002@example.org", "data_source": "synthetic_demo"}}, {"type": "Feature", "geometry": {"type": "Point", "coordinates": [80.16121, 13.08073]}, "properties": {"id": "CHN-HOS-003", "kind": "hospital", "name": "Community Health Centre, Chennai Zone 3", "city": "Chennai", "state": "Tamil Nadu", "lat": 13.08073, "lon": 80.16121, "capacity": 560, "contact": "chn-hos-003@example.org", "data_source": "synthetic_demo"}}, {"type": "Feature", "geometry": {"type": "Point", "coordinates": [80.17795, 13.06018]}, "properties": {"id": "CHN-HOS-004", "kind": "hospital", "name": "Community Health Centre, Chennai Zone 4", "city": "Chennai", "state": "Tamil Nadu", "lat": 13.06018, "lon": 80.17795, "capacity": 372, "contact": "chn-hos-004@example.org", "data_source": "synthetic_demo"}}, {"type": "Feature", "geometry": {"type": "Point", "coordinates": [80.16809, 13.09976]}, "properties": {"id": "CHN-HOS-005", "kind": "hospital", "name": "Primary Health Centre, Chennai Zone 5", "city": "Chennai", "state": "Tamil Nadu", "lat": 13.09976, "lon": 80.16809, "capacity": 684, "contact": "chn-hos-005@example.org", "data_source": "synthetic_demo"}}, {"type": "Feature", "geometry": {"type": "Point", "coordinates": [80.37953, 13.29877]}, "properties": {"id": "CHN-HOS-006", "kind": "hospital", "name": "Multispeciality Hospital, Chennai Zone 6", "city": "Chennai", "state": "Tamil Nadu", "lat": 13.29877, "lon": 80.37953, "capacity": 695, "contact": "chn-hos-006@example.org", "data_source": "synthetic_demo"}}, {"type": "Feature", "geometry": {"type": "Point", "coordinates": [80.24968, 13.15185]}, "properties": {"id": "CHN-HOS-007", "kind": "hospital", "name": "Community Health Centre, Chennai Zone 7", "city": "Chennai", "state": "Tamil Nadu", "lat": 13.15185, "lon": 80.24968, "capacity": 414, "contact": "chn-hos-007@example.org", "data_source": "synthetic_demo"}}, {"type": "Feature", "geometry": {"type": "Point", "coordinates": [80.28049, 13.2273]}, "properties": {"id": "CHN-HOS-008", "kind": "hospital", "name": "Multispeciality Hospital, Chennai Zone 8", "city": "Chennai", "state": "Tamil Nadu", "lat": 13.2273, "lon": 80.28049, "capacity": 175, "contact": "chn-hos-008@example.org", "data_source": "synthetic_demo"}}, {"type": "Feature", "geometry": {"type": "Point", "coordinates": [80.37192, 13.07812]}, "properties": {"id": "CHN-HOS-009", "kind": "hospital", "name": "District Hospital, Chennai Zone 1", "city": "Chennai", "state": "Tamil Nadu", "lat": 13.07812, "lon": 80.37192, "capacity": 697, "contact": "chn-hos-009@example.org", "data_source": "synthetic_demo"}}, {"type": "Feature", "geometry": {"type": "Point", "coordinates": [80.28866, 13.01986]}, "properties": {"id": "CHN-HOS-010", "kind": "hospital", "name": "Multispeciality Hospital, Chennai Zone 2", "city": "Chennai", "state": "Tamil Nadu", "lat": 13.01986, "lon": 80.28866, "capacity": 238, "contact": "chn-hos-010@example.org", "data_source": "synthetic_demo"}}, {"type": "Feature", "geometry": {"type": "Point", "coordinates": [80.34129, 13.08604]}, "properties": {"id": "CHN-HOS-011", "kind": "hospital", "name": "Primary Health Centre, Chennai Zone 3", "city": "Chennai", "state": "Tamil Nadu", "lat": 13.08604, "lon": 80.34129, "capacity": 95, "contact": "chn-hos-011@example.org", "data_source": "synthetic_demo"}}, {"type": "Feature", "geometry": {"type": "Point", "coordinates": [80.22066, 12.88334]}, "properties": {"id": "CHN-HOS-012", "kind": "hospital", "name": "District Hospital, Chennai Zone 4", "city": "Chennai", "state": "Tamil Nadu", "lat": 12.88334, "lon": 80.22066, "capacity": 471, "contact": "chn-hos-012@example.org", "data_source": "synthetic_demo"}}, {"type": "Feature", "geometry": {"type": "Point", "coordinates": [80.33776, 13.09654]}, "properties": {"id": "CHN-HOS-013", "kind": "hospital", "name": "Primary Health Centre, Chennai Zone 5", "city": "Chennai", "state": "Tamil Nadu", "lat": 13.09654, "lon": 80.33776, "capacity": 413, "contact": "chn-hos-013@example.org", "data_source": "synthetic_demo"}}, {"type": "Feature", "geometry": {"type": "Point", "coordinates": [80.3701, 13.04]}, "properties": {"id": "CHN-HOS-014", "kind": "hospital", "name": "Community Health Centre, Chennai Zone 6", "city": "Chennai", "state": "Tamil Nadu", "lat": 13.04, "lon": 80.3701, "capacity": 760, "contact": "chn-hos-014@example.org", "data_source": "synthetic_demo"}}, {"type": "Feature", "geometry": {"type": "Point", "coordinates": [80.25262, 13.19379]}, "properties": {"id": "CHN-HOS-015", "kind": "hospital", "name": "Multispeciality Hospital, Chennai Zone 7", "city": "Chennai", "state": "Tamil Nadu", "lat": 13.19379, "lon": 80.25262, "capacity": 506, "contact": "chn-hos-015@example.org", "data_source": "synthetic_demo"}}, {"type": "Feature", "geometry": {"type": "Point", "coordinates": [80.38501, 13.02298]}, "properties": {"id": "CHN-HOS-016", "kind": "hospital", "name": "Primary Health Centre, Chennai Zone 8", "city": "Chennai", "state": "Tamil Nadu", "lat": 13.02298, "lon": 80.38501, "capacity": 183, "contact": "chn-hos-016@example.org", "data_source": "synthetic_demo"}}, {"type": "Feature", "geometry": {"type": "Point", "coordinates": [80.39156, 13.07365]}, "properties": {"id": "CHN-HOS-017", "kind": "hospital", "name": "Community Health Centre, Chennai Zone 1", "city": "Chennai", "state": "Tamil Nadu", "lat": 13.07365, "lon": 80.39156, "capacity": 564, "contact": "chn-hos-017@example.org", "data_source": "synthetic_demo"}}, {"type": "Feature", "geometry": {"type": "Point", "coordinates": [80.23629, 13.16968]}, "properties": {"id": "CHN-HOS-018", "kind": "hospital", "name": "Community Health Centre, Chennai Zone 2", "city": "Chennai", "state": "Tamil Nadu", "lat": 13.16968, "lon": 80.23629, "capacity": 780, "contact": "chn-hos-018@example.org", "data_source": "synthetic_demo"}}, {"type": "Feature", "geometry": {"type": "Point", "coordinates": [80.22974, 13.12066]}, "properties": {"id": "CHN-HOS-019", "kind": "hospital", "name": "Community Health Centre, Chennai Zone 3", "city": "Chennai", "state": "Tamil Nadu", "lat": 13.12066, "lon": 80.22974, "capacity": 354, "contact": "chn-hos-019@example.org", "data_source": "synthetic_demo"}}, {"type": "Feature", "geometry": {"type": "Point", "coordinates": [80.19341, 13.12416]}, "properties": {"id": "CHN-RES-001", "kind": "rescue_team", "name": "Fire & Emergency Station, Chennai Zone 1", "city": "Chennai", "state": "Tamil Nadu", "lat": 13.12416, "lon": 80.19341, "capacity": 26, "contact": "chn-res-001@example.org", "data_source": "synthetic_demo"}}, {"type": "Feature", "geometry": {"type": "Point", "coordinates": [80.20643, 13.02523]}, "properties": {"id": "CHN-RES-002", "kind": "rescue_team", "name": "Fire & Emergency Station, Chennai Zone 2", "city": "Chennai", "state": "Tamil Nadu", "lat": 13.02523, "lon": 80.20643, "capacity": 32, "contact": "chn-res-002@example.org", "data_source": "synthetic_demo"}}, {"type": "Feature", "geometry": {"type": "Point", "coordinates": [80.27428, 13.01666]}, "properties": {"id": "CHN-RES-003", "kind": "rescue_team", "name": "Civil Defence Unit, Chennai Zone 3", "city": "Chennai", "state": "Tamil Nadu", "lat": 13.01666, "lon": 80.27428, "capacity": 44, "contact": "chn-res-003@example.org", "data_source": "synthetic_demo"}}, {"type": "Feature", "geometry": {"type": "Point", "coordinates": [80.40418, 13.10767]}, "properties": {"id": "CHN-RES-004", "kind": "rescue_team", "name": "NDRF Team, Chennai Zone 4", "city": "Chennai", "state": "Tamil Nadu", "lat": 13.10767, "lon": 80.40418, "capacity": 58, "contact": "chn-res-004@example.org", "data_source": "synthetic_demo"}}, {"type": "Feature", "geometry": {"type": "Point", "coordinates": [88.50069, 22.63449]}, "properties": {"id": "KOL-SCH-001", "kind": "school", "name": "PU College, Kolkata Zone 1", "city": "Kolkata", "state": "West Bengal", "lat": 22.63449, "lon": 88.50069, "capacity": 2606, "contact": "kol-sch-001@example.org", "data_source": "synthetic_demo"}}, {"type": "Feature", "geometry": {"type": "Point", "coordinates": [88.26996, 22.65757]}, "properties": {"id": "KOL-SCH-002", "kind": "school", "name": "PU College, Kolkata Zone 2", "city": "Kolkata", "state": "West Bengal", "lat": 22.65757, "lon": 88.26996, "capacity": 1004, "contact": "kol-sch-002@example.org", "data_source": "synthetic_demo"}}, {"type": "Feature", "geometry": {"type": "Point", "coordinates": [88.57513, 22.75132]}, "properties": {"id": "KOL-SCH-003", "kind": "school", "name": "PU College, Kolkata Zone 3", "city": "Kolkata", "state": "West Bengal", "lat": 22.75132, "lon": 88.57513, "capacity": 1887, "contact": "kol-sch-003@example.org", "data_source": "synthetic_demo"}}, {"type": "Feature", "geometry": {"type": "Point", "coordinates": [88.25362, 22.64242]}, "properties": {"id": "KOL-SCH-004", "kind": "school", "name": "Govt. High School, Kolkata Zone 4", "city": "Kolkata", "state": "West Bengal", "lat": 22.64242, "lon": 88.25362, "capacity": 2460, "contact": "kol-sch-004@example.org", "data_source": "synthetic_demo"}}, {"type": "Feature", "geometry": {"type": "Point", "coordinates": [88.44774, 22.56515]}, "properties": {"id": "KOL-SCH-005", "kind": "school", "name": "Degree College, Kolkata Zone 5", "city": "Kolkata", "state": "West Bengal", "lat": 22.56515, "lon": 88.44774, "capacity": 1180, "contact": "kol-sch-005@example.org", "data_source": "synthetic_demo"}}, {"type": "Feature", "geometry": {"type": "Point", "coordinates": [88.43823, 22.56442]}, "properties": {"id": "KOL-SCH-006", "kind": "school", "name": "Public School, Kolkata Zone 6", "city": "Kolkata", "state": "West Bengal", "lat": 22.56442, "lon": 88.43823, "capacity": 1944, "contact": "kol-sch-006@example.org", "data_source": "synthetic_demo"}}, {"type": "Feature", "geometry": {"type": "Point", "coordinates": [88.10672, 22.63921]}, "properties": {"id": "KOL-SCH-007", "kind": "school", "name": "Govt. Primary School, Kolkata Zone 7", "city": "Kolkata", "state": "West Bengal", "lat": 22.63921, "lon": 88.10672, "capacity": 2894, "contact": "kol-sch-007@example.org", "data_source": "synthetic_demo"}}, {"type": "Feature", "geometry": {"type": "Point", "coordinates": [88.47302, 22.54856]}, "properties": {"id": "KOL-SCH-008", "kind": "school", "name": "PU College, Kolkata Zone 8", "city": "Kolkata", "state": "West Bengal", "lat": 22.54856, "lon": 88.47302, "capacity": 2458, "contact": "kol-sch-008@example.org", "data_source": "synthetic_demo"}}, {"type": "Feature", "geometry": {"type": "Point", "coordinates": [88.40646, 22.47682]}, "properties": {"id": "KOL-SCH-009", "kind": "school", "name": "Public School, Kolkata Zone 1", "city": "Kolkata", "state": "West Bengal", "lat": 22.47682, "lon": 88.40646, "capacity": 767, "contact": "kol-sch-009@example.org", "data_source": "synthetic_demo"}}, {"type": "Feature", "geometry": {"type": "Point", "coordinates": [88.18551, 22.56979]}, "properties": {"id": "KOL-SCH-010", "kind": "school", "name": "Govt. Primary School, Kolkata Zone 2", "city": "Kolkata", "state": "West Bengal", "lat": 22.56979, "lon": 88.18551, "capacity": 1941, "contact": "kol-sch-010@example.org", "data_source": "synthetic_demo"}}, {"type": "Feature", "geometry": {"type": "Point", "coordinates": [88.34624, 22.68012]}, "properties": {"id": "KOL-SCH-011", "kind": "school", "name": "Govt. Primary School, Kolkata Zone 3", "city": "Kolkata", "state": "West Bengal", "lat": 22.68012, "lon": 88.34624, "capacity": 1654, "contact": "kol-sch-011@example.org", "data_source": "synthetic_demo"}}, {"type": "Feature", "geometry": {"type": "Point", "coordinates": [88.48317, 22.57449]}, "properties": {"id": "KOL-SCH-012", "kind": "school", "name": "Public School, Kolkata Zone 4", "city": "Kolkata", "state": "West Bengal", "lat": 22.57449, "lon": 88.48317, "capacity": 558, "contact": "kol-sch-012@example.org", "data_source": "synthetic_demo"}}, {"type": "Feature", "geometry": {"type": "Point", "coordinates": [88.42918, 22.68384]}, "properties": {"id": "KOL-SCH-013", "kind": "school", "name": "Engineering College, Kolkata Zone 5", "city": "Kolkata", "state": "West Bengal", "lat": 22.68384, "lon": 88.42918, "capacity": 597, "contact": "kol-sch-013@example.org", "data_source": "synthetic_demo"}}, {"type": "Feature", "geometry": {"type": "Point", "coordinates": [88.33615, 22.5557]}, "properties": {"id": "KOL-SCH-014", "kind": "school", "name": "Engineering College, Kolkata Zone 6", "city": "Kolkata", "state": "West Bengal", "lat": 22.5557, "lon": 88.33615, "capacity": 576, "contact": "kol-sch-014@example.org", "data_source": "synthetic_demo"}}, {"type": "Feature", "geometry": {"type": "Point", "coordinates": [88.26141, 22.68065]}, "properties": {"id": "KOL-SCH-015", "kind": "school", "name": "Govt. High School, Kolkata Zone 7", "city": "Kolkata", "state": "West Bengal", "lat": 22.68065, "lon": 88.26141, "capacity": 1382, "contact": "kol-sch-015@example.org", "data_source": "synthetic_demo"}}, {"type": "Feature", "geometry": {"type": "Point", "coordinates": [88.41654, 22.48584]}, "properties": {"id": "KOL-SCH-016", "kind": "school", "name": "Degree College, Kolkata Zone 8", "city": "Kolkata", "state": "West Bengal", "lat": 22.48584, "lon": 88.41654, "capacity": 2060, "contact": "kol-sch-016@example.org", "data_source": "synthetic_demo"}}, {"type": "Feature", "geometry": {"type": "Point", "coordinates": [88.40847, 22.52839]}, "properties": {"id": "KOL-SCH-017", "kind": "school", "name": "Degree College, Kolkata Zone 1", "city": "Kolkata", "state": "West Bengal", "lat": 22.52839, "lon": 88.40847, "capacity": 1497, "contact": "kol-sch-017@example.org", "data_source": "synthetic_demo"}}, {"type": "Feature", "geometry": {"type": "Point", "coordinates": [88.40613, 22.75936]}, "properties": {"id": "KOL-SCH-018", "kind": "school", "name": "Public School, Kolkata Zone 2", "city": "Kolkata", "state": "West Bengal", "lat": 22.75936, "lon": 88.40613, "capacity": 2212, "contact": "kol-sch-018@example.org", "data_source": "synthetic_demo"}}, {"type": "Feature", "geometry": {"type": "Point", "coordinates": [88.28852, 22.53243]}, "properties": {"id": "KOL-SCH-019", "kind": "school", "name": "Public School, Kolkata Zone 3", "city": "Kolkata", "state": "West Bengal", "lat": 22.53243, "lon": 88.28852, "capacity": 1303, "contact": "kol-sch-019@example.org", "data_source": "synthetic_demo"}}, {"type": "Feature", "geometry": {"type": "Point", "coordinates": [88.37086, 22.5778]}, "properties": {"id": "KOL-SCH-020", "kind": "school", "name": "PU College, Kolkata Zone 4", "city": "Kolkata", "state": "West Bengal", "lat": 22.5778, "lon": 88.37086, "capacity": 2083, "contact": "kol-sch-020@example.org", "data_source": "synthetic_demo"}}, {"type": "Feature", "geometry": {"type": "Point", "coordinates": [88.15806, 22.54891]}, "properties": {"id": "KOL-SCH-021", "kind": "school", "name": "Govt. Primary School, Kolkata Zone 5", "city": "Kolkata", "state": "West Bengal", "lat": 22.54891, "lon": 88.15806, "capacity": 2974, "contact": "kol-sch-021@example.org", "data_source": "synthetic_demo"}}, {"type": "Feature", "geometry": {"type": "Point", "coordinates": [88.40622, 22.49629]}, "properties": {"id": "KOL-SCH-022", "kind": "school", "name": "Public School, Kolkata Zone 6", "city": "Kolkata", "state": "West Bengal", "lat": 22.49629, "lon": 88.40622, "capacity": 2884, "contact": "kol-sch-022@example.org", "data_source": "synthetic_demo"}}, {"type": "Feature", "geometry": {"type": "Point", "coordinates": [88.33894, 22.60126]}, "properties": {"id": "KOL-SCH-023", "kind": "school", "name": "Govt. High School, Kolkata Zone 7", "city": "Kolkata", "state": "West Bengal", "lat": 22.60126, "lon": 88.33894, "capacity": 797, "contact": "kol-sch-023@example.org", "data_source": "synthetic_demo"}}, {"type": "Feature", "geometry": {"type": "Point", "coordinates": [88.16487, 22.46055]}, "properties": {"id": "KOL-SCH-024", "kind": "school", "name": "PU College, Kolkata Zone 8", "city": "Kolkata", "state": "West Bengal", "lat": 22.46055, "lon": 88.16487, "capacity": 1858, "contact": "kol-sch-024@example.org", "data_source": "synthetic_demo"}}, {"type": "Feature", "geometry": {"type": "Point", "coordinates": [88.25385, 22.73981]}, "properties": {"id": "KOL-SCH-025", "kind": "school", "name": "Engineering College, Kolkata Zone 1", "city": "Kolkata", "state": "West Bengal", "lat": 22.73981, "lon": 88.25385, "capacity": 2470, "contact": "kol-sch-025@example.org", "data_source": "synthetic_demo"}}, {"type": "Feature", "geometry": {"type": "Point", "coordinates": [88.43804, 22.42844]}, "properties": {"id": "KOL-SCH-026", "kind": "school", "name": "Public School, Kolkata Zone 2", "city": "Kolkata", "state": "West Bengal", "lat": 22.42844, "lon": 88.43804, "capacity": 585, "contact": "kol-sch-026@example.org", "data_source": "synthetic_demo"}}, {"type": "Feature", "geometry": {"type": "Point", "coordinates": [88.32751, 22.56631]}, "properties": {"id": "KOL-SCH-027", "kind": "school", "name": "Govt. High School, Kolkata Zone 3", "city": "Kolkata", "state": "West Bengal", "lat": 22.56631, "lon": 88.32751, "capacity": 1399, "contact": "kol-sch-027@example.org", "data_source": "synthetic_demo"}}, {"type": "Feature", "geometry": {"type": "Point", "coordinates": [88.5638, 22.59306]}, "properties": {"id": "KOL-SCH-028", "kind": "school", "name": "Engineering College, Kolkata Zone 4", "city": "Kolkata", "state": "West Bengal", "lat": 22.59306, "lon": 88.5638, "capacity": 1630, "contact": "kol-sch-028@example.org", "data_source": "synthetic_demo"}}, {"type": "Feature", "geometry": {"type": "Point", "coordinates": [88.25311, 22.63391]}, "properties": {"id": "KOL-SCH-029", "kind": "school", "name": "Govt. High School, Kolkata Zone 5", "city": "Kolkata", "state": "West Bengal", "lat": 22.63391, "lon": 88.25311, "capacity": 2346, "contact": "kol-sch-029@example.org", "data_source": "synthetic_demo"}}, {"type": "Feature", "geometry": {"type": "Point", "coordinates": [88.4586, 22.56801]}, "properties": {"id": "KOL-SCH-030", "kind": "school", "name": "Engineering College, Kolkata Zone 6", "city": "Kolkata", "state": "West Bengal", "lat": 22.56801, "lon": 88.4586, "capacity": 2977, "contact": "kol-sch-030@example.org", "data_source": "synthetic_demo"}}, {"type": "Feature", "geometry": {"type": "Point", "coordinates": [88.1382, 22.54143]}, "properties": {"id": "KOL-SCH-031", "kind": "school", "name": "Engineering College, Kolkata Zone 7", "city": "Kolkata", "state": "West Bengal", "lat": 22.54143, "lon": 88.1382, "capacity": 1361, "contact": "kol-sch-031@example.org", "data_source": "synthetic_demo"}}, {"type": "Feature", "geometry": {"type": "Point", "coordinates": [88.32398, 22.48934]}, "properties": {"id": "KOL-SCH-032", "kind": "school", "name": "Engineering College, Kolkata Zone 8", "city": "Kolkata", "state": "West Bengal", "lat": 22.48934, "lon": 88.32398, "capacity": 1990, "contact": "kol-sch-032@example.org", "data_source": "synthetic_demo"}}, {"type": "Feature", "geometry": {"type": "Point", "coordinates": [88.20683, 22.5851]}, "properties": {"id": "KOL-SCH-033", "kind": "school", "name": "Public School, Kolkata Zone 1", "city": "Kolkata", "state": "West Bengal", "lat": 22.5851, "lon": 88.20683, "capacity": 2644, "contact": "kol-sch-033@example.org", "data_source": "synthetic_demo"}}, {"type": "Feature", "geometry": {"type": "Point", "coordinates": [88.49423, 22.45604]}, "properties": {"id": "KOL-SCH-034", "kind": "school", "name": "Degree College, Kolkata Zone 2", "city": "Kolkata", "state": "West Bengal", "lat": 22.45604, "lon": 88.49423, "capacity": 997, "contact": "kol-sch-034@example.org", "data_source": "synthetic_demo"}}, {"type": "Feature", "geometry": {"type": "Point", "coordinates": [88.31783, 22.67817]}, "properties": {"id": "KOL-SCH-035", "kind": "school", "name": "Engineering College, Kolkata Zone 3", "city": "Kolkata", "state": "West Bengal", "lat": 22.67817, "lon": 88.31783, "capacity": 2146, "contact": "kol-sch-035@example.org", "data_source": "synthetic_demo"}}, {"type": "Feature", "geometry": {"type": "Point", "coordinates": [88.28534, 22.66559]}, "properties": {"id": "KOL-SCH-036", "kind": "school", "name": "Degree College, Kolkata Zone 4", "city": "Kolkata", "state": "West Bengal", "lat": 22.66559, "lon": 88.28534, "capacity": 2854, "contact": "kol-sch-036@example.org", "data_source": "synthetic_demo"}}, {"type": "Feature", "geometry": {"type": "Point", "coordinates": [88.32135, 22.45512]}, "properties": {"id": "KOL-SCH-037", "kind": "school", "name": "Public School, Kolkata Zone 5", "city": "Kolkata", "state": "West Bengal", "lat": 22.45512, "lon": 88.32135, "capacity": 1893, "contact": "kol-sch-037@example.org", "data_source": "synthetic_demo"}}, {"type": "Feature", "geometry": {"type": "Point", "coordinates": [88.28434, 22.33817]}, "properties": {"id": "KOL-SCH-038", "kind": "school", "name": "Govt. High School, Kolkata Zone 6", "city": "Kolkata", "state": "West Bengal", "lat": 22.33817, "lon": 88.28434, "capacity": 338, "contact": "kol-sch-038@example.org", "data_source": "synthetic_demo"}}, {"type": "Feature", "geometry": {"type": "Point", "coordinates": [88.29219, 22.62319]}, "properties": {"id": "KOL-SCH-039", "kind": "school", "name": "PU College, Kolkata Zone 7", "city": "Kolkata", "state": "West Bengal", "lat": 22.62319, "lon": 88.29219, "capacity": 1230, "contact": "kol-sch-039@example.org", "data_source": "synthetic_demo"}}, {"type": "Feature", "geometry": {"type": "Point", "coordinates": [88.49741, 22.45161]}, "properties": {"id": "KOL-SCH-040", "kind": "school", "name": "Govt. High School, Kolkata Zone 8", "city": "Kolkata", "state": "West Bengal", "lat": 22.45161, "lon": 88.49741, "capacity": 2502, "contact": "kol-sch-040@example.org", "data_source": "synthetic_demo"}}, {"type": "Feature", "geometry": {"type": "Point", "coordinates": [88.49569, 22.49416]}, "properties": {"id": "KOL-SCH-041", "kind": "school", "name": "Engineering College, Kolkata Zone 1", "city": "Kolkata", "state": "West Bengal", "lat": 22.49416, "lon": 88.49569, "capacity": 1795, "contact": "kol-sch-041@example.org", "data_source": "synthetic_demo"}}, {"type": "Feature", "geometry": {"type": "Point", "coordinates": [88.35141, 22.40429]}, "properties": {"id": "KOL-SCH-042", "kind": "school", "name": "Govt. Primary School, Kolkata Zone 2", "city": "Kolkata", "state": "West Bengal", "lat": 22.40429, "lon": 88.35141, "capacity": 2889, "contact": "kol-sch-042@example.org", "data_source": "synthetic_demo"}}, {"type": "Feature", "geometry": {"type": "Point", "coordinates": [88.09012, 22.45627]}, "properties": {"id": "KOL-SCH-043", "kind": "school", "name": "Engineering College, Kolkata Zone 3", "city": "Kolkata", "state": "West Bengal", "lat": 22.45627, "lon": 88.09012, "capacity": 2027, "contact": "kol-sch-043@example.org", "data_source": "synthetic_demo"}}, {"type": "Feature", "geometry": {"type": "Point", "coordinates": [88.33805, 22.59006]}, "properties": {"id": "KOL-SCH-044", "kind": "school", "name": "Engineering College, Kolkata Zone 4", "city": "Kolkata", "state": "West Bengal", "lat": 22.59006, "lon": 88.33805, "capacity": 1009, "contact": "kol-sch-044@example.org", "data_source": "synthetic_demo"}}, {"type": "Feature", "geometry": {"type": "Point", "coordinates": [88.33959, 22.69209]}, "properties": {"id": "KOL-SCH-045", "kind": "school", "name": "Govt. High School, Kolkata Zone 5", "city": "Kolkata", "state": "West Bengal", "lat": 22.69209, "lon": 88.33959, "capacity": 533, "contact": "kol-sch-045@example.org", "data_source": "synthetic_demo"}}, {"type": "Feature", "geometry": {"type": "Point", "coordinates": [88.36388, 22.4975]}, "properties": {"id": "KOL-SCH-046", "kind": "school", "name": "Govt. High School, Kolkata Zone 6", "city": "Kolkata", "state": "West Bengal", "lat": 22.4975, "lon": 88.36388, "capacity": 612, "contact": "kol-sch-046@example.org", "data_source": "synthetic_demo"}}, {"type": "Feature", "geometry": {"type": "Point", "coordinates": [88.38624, 22.48741]}, "properties": {"id": "KOL-HOS-001", "kind": "hospital", "name": "District Hospital, Kolkata Zone 1", "city": "Kolkata", "state": "West Bengal", "lat": 22.48741, "lon": 88.38624, "capacity": 448, "contact": "kol-hos-001@example.org", "data_source": "synthetic_demo"}}, {"type": "Feature", "geometry": {"type": "Point", "coordinates": [88.44409, 22.60521]}, "properties": {"id": "KOL-HOS-002", "kind": "hospital", "name": "District Hospital, Kolkata Zone 2", "city": "Kolkata", "state": "West Bengal", "lat": 22.60521, "lon": 88.44409, "capacity": 66, "contact": "kol-hos-002@example.org", "data_source": "synthetic_demo"}}, {"type": "Feature", "geometry": {"type": "Point", "coordinates": [88.57029, 22.78833]}, "properties": {"id": "KOL-HOS-003", "kind": "hospital", "name": "Primary Health Centre, Kolkata Zone 3", "city": "Kolkata", "state": "West Bengal", "lat": 22.78833, "lon": 88.57029, "capacity": 378, "contact": "kol-hos-003@example.org", "data_source": "synthetic_demo"}}, {"type": "Feature", "geometry": {"type": "Point", "coordinates": [88.39443, 22.807]}, "properties": {"id": "KOL-HOS-004", "kind": "hospital", "name": "Community Health Centre, Kolkata Zone 4", "city": "Kolkata", "state": "West Bengal", "lat": 22.807, "lon": 88.39443, "capacity": 701, "contact": "kol-hos-004@example.org", "data_source": "synthetic_demo"}}, {"type": "Feature", "geometry": {"type": "Point", "coordinates": [88.24389, 22.59325]}, "properties": {"id": "KOL-HOS-005", "kind": "hospital", "name": "District Hospital, Kolkata Zone 5", "city": "Kolkata", "state": "West Bengal", "lat": 22.59325, "lon": 88.24389, "capacity": 633, "contact": "kol-hos-005@example.org", "data_source": "synthetic_demo"}}, {"type": "Feature", "geometry": {"type": "Point", "coordinates": [88.30914, 22.55275]}, "properties": {"id": "KOL-HOS-006", "kind": "hospital", "name": "Primary Health Centre, Kolkata Zone 6", "city": "Kolkata", "state": "West Bengal", "lat": 22.55275, "lon": 88.30914, "capacity": 578, "contact": "kol-hos-006@example.org", "data_source": "synthetic_demo"}}, {"type": "Feature", "geometry": {"type": "Point", "coordinates": [88.43927, 22.5354]}, "properties": {"id": "KOL-HOS-007", "kind": "hospital", "name": "Multispeciality Hospital, Kolkata Zone 7", "city": "Kolkata", "state": "West Bengal", "lat": 22.5354, "lon": 88.43927, "capacity": 273, "contact": "kol-hos-007@example.org", "data_source": "synthetic_demo"}}, {"type": "Feature", "geometry": {"type": "Point", "coordinates": [88.24227, 22.56797]}, "properties": {"id": "KOL-HOS-008", "kind": "hospital", "name": "Primary Health Centre, Kolkata Zone 8", "city": "Kolkata", "state": "West Bengal", "lat": 22.56797, "lon": 88.24227, "capacity": 746, "contact": "kol-hos-008@example.org", "data_source": "synthetic_demo"}}, {"type": "Feature", "geometry": {"type": "Point", "coordinates": [88.34561, 22.66993]}, "properties": {"id": "KOL-HOS-009", "kind": "hospital", "name": "Community Health Centre, Kolkata Zone 1", "city": "Kolkata", "state": "West Bengal", "lat": 22.66993, "lon": 88.34561, "capacity": 302, "contact": "kol-hos-009@example.org", "data_source": "synthetic_demo"}}, {"type": "Feature", "geometry": {"type": "Point", "coordinates": [88.41497, 22.60587]}, "properties": {"id": "KOL-HOS-010", "kind": "hospital", "name": "Community Health Centre, Kolkata Zone 2", "city": "Kolkata", "state": "West Bengal", "lat": 22.60587, "lon": 88.41497, "capacity": 419, "contact": "kol-hos-010@example.org", "data_source": "synthetic_demo"}}, {"type": "Feature", "geometry": {"type": "Point", "coordinates": [88.35102, 22.54384]}, "properties": {"id": "KOL-HOS-011", "kind": "hospital", "name": "Multispeciality Hospital, Kolkata Zone 3", "city": "Kolkata", "state": "West Bengal", "lat": 22.54384, "lon": 88.35102, "capacity": 246, "contact": "kol-hos-011@example.org", "data_source": "synthetic_demo"}}, {"type": "Feature", "geometry": {"type": "Point", "coordinates": [88.2542, 22.69786]}, "properties": {"id": "KOL-HOS-012", "kind": "hospital", "name": "Community Health Centre, Kolkata Zone 4", "city": "Kolkata", "state": "West Bengal", "lat": 22.69786, "lon": 88.2542, "capacity": 706, "contact": "kol-hos-012@example.org", "data_source": "synthetic_demo"}}, {"type": "Feature", "geometry": {"type": "Point", "coordinates": [88.28815, 22.5269]}, "properties": {"id": "KOL-HOS-013", "kind": "hospital", "name": "Primary Health Centre, Kolkata Zone 5", "city": "Kolkata", "state": "West Bengal", "lat": 22.5269, "lon": 88.28815, "capacity": 363, "contact": "kol-hos-013@example.org", "data_source": "synthetic_demo"}}, {"type": "Feature", "geometry": {"type": "Point", "coordinates": [88.38011, 22.50554]}, "properties": {"id": "KOL-HOS-014", "kind": "hospital", "name": "Community Health Centre, Kolkata Zone 6", "city": "Kolkata", "state": "West Bengal", "lat": 22.50554, "lon": 88.38011, "capacity": 477, "contact": "kol-hos-014@example.org", "data_source": "synthetic_demo"}}, {"type": "Feature", "geometry": {"type": "Point", "coordinates": [88.28482, 22.36029]}, "properties": {"id": "KOL-HOS-015", "kind": "hospital", "name": "Community Health Centre, Kolkata Zone 7", "city": "Kolkata", "state": "West Bengal", "lat": 22.36029, "lon": 88.28482, "capacity": 338, "contact": "kol-hos-015@example.org", "data_source": "synthetic_demo"}}, {"type": "Feature", "geometry": {"type": "Point", "coordinates": [88.16069, 22.56888]}, "properties": {"id": "KOL-HOS-016", "kind": "hospital", "name": "Primary Health Centre, Kolkata Zone 8", "city": "Kolkata", "state": "West Bengal", "lat": 22.56888, "lon": 88.16069, "capacity": 570, "contact": "kol-hos-016@example.org", "data_source": "synthetic_demo"}}, {"type": "Feature", "geometry": {"type": "Point", "coordinates": [88.42944, 22.44764]}, "properties": {"id": "KOL-HOS-017", "kind": "hospital", "name": "Primary Health Centre, Kolkata Zone 1", "city": "Kolkata", "state": "West Bengal", "lat": 22.44764, "lon": 88.42944, "capacity": 398, "contact": "kol-hos-017@example.org", "data_source": "synthetic_demo"}}, {"type": "Feature", "geometry": {"type": "Point", "coordinates": [88.54385, 22.60236]}, "properties": {"id": "KOL-HOS-018", "kind": "hospital", "name": "Primary Health Centre, Kolkata Zone 2", "city": "Kolkata", "state": "West Bengal", "lat": 22.60236, "lon": 88.54385, "capacity": 119, "contact": "kol-hos-018@example.org", "data_source": "synthetic_demo"}}, {"type": "Feature", "geometry": {"type": "Point", "coordinates": [88.31227, 22.67126]}, "properties": {"id": "KOL-HOS-019", "kind": "hospital", "name": "Community Health Centre, Kolkata Zone 3", "city": "Kolkata", "state": "West Bengal", "lat": 22.67126, "lon": 88.31227, "capacity": 680, "contact": "kol-hos-019@example.org", "data_source": "synthetic_demo"}}, {"type": "Feature", "geometry": {"type": "Point", "coordinates": [88.49508, 22.58562]}, "properties": {"id": "KOL-HOS-020", "kind": "hospital", "name": "Multispeciality Hospital, Kolkata Zone 4", "city": "Kolkata", "state": "West Bengal", "lat": 22.58562, "lon": 88.49508, "capacity": 87, "contact": "kol-hos-020@example.org", "data_source": "synthetic_demo"}}, {"type": "Feature", "geometry": {"type": "Point", "coordinates": [88.42633, 22.51536]}, "properties": {"id": "KOL-HOS-021", "kind": "hospital", "name": "Community Health Centre, Kolkata Zone 5", "city": "Kolkata", "state": "West Bengal", "lat": 22.51536, "lon": 88.42633, "capacity": 772, "contact": "kol-hos-021@example.org", "data_source": "synthetic_demo"}}, {"type": "Feature", "geometry": {"type": "Point", "coordinates": [88.36921, 22.48411]}, "properties": {"id": "KOL-HOS-022", "kind": "hospital", "name": "Primary Health Centre, Kolkata Zone 6", "city": "Kolkata", "state": "West Bengal", "lat": 22.48411, "lon": 88.36921, "capacity": 119, "contact": "kol-hos-022@example.org", "data_source": "synthetic_demo"}}, {"type": "Feature", "geometry": {"type": "Point", "coordinates": [88.37363, 22.79131]}, "properties": {"id": "KOL-HOS-023", "kind": "hospital", "name": "Community Health Centre, Kolkata Zone 7", "city": "Kolkata", "state": "West Bengal", "lat": 22.79131, "lon": 88.37363, "capacity": 117, "contact": "kol-hos-023@example.org", "data_source": "synthetic_demo"}}, {"type": "Feature", "geometry": {"type": "Point", "coordinates": [88.17709, 22.47321]}, "properties": {"id": "KOL-RES-001", "kind": "rescue_team", "name": "Civil Defence Unit, Kolkata Zone 1", "city": "Kolkata", "state": "West Bengal", "lat": 22.47321, "lon": 88.17709, "capacity": 33, "contact": "kol-res-001@example.org", "data_source": "synthetic_demo"}}, {"type": "Feature", "geometry": {"type": "Point", "coordinates": [88.34312, 22.62367]}, "properties": {"id": "KOL-RES-002", "kind": "rescue_team", "name": "Fire & Emergency Station, Kolkata Zone 2", "city": "Kolkata", "state": "West Bengal", "lat": 22.62367, "lon": 88.34312, "capacity": 51, "contact": "kol-res-002@example.org", "data_source": "synthetic_demo"}}, {"type": "Feature", "geometry": {"type": "Point", "coordinates": [88.30187, 22.47668]}, "properties": {"id": "KOL-RES-003", "kind": "rescue_team", "name": "Civil Defence Unit, Kolkata Zone 3", "city": "Kolkata", "state": "West Bengal", "lat": 22.47668, "lon": 88.30187, "capacity": 37, "contact": "kol-res-003@example.org", "data_source": "synthetic_demo"}}, {"type": "Feature", "geometry": {"type": "Point", "coordinates": [88.24676, 22.63525]}, "properties": {"id": "KOL-RES-004", "kind": "rescue_team", "name": "Civil Defence Unit, Kolkata Zone 4", "city": "Kolkata", "state": "West Bengal", "lat": 22.63525, "lon": 88.24676, "capacity": 37, "contact": "kol-res-004@example.org", "data_source": "synthetic_demo"}}, {"type": "Feature", "geometry": {"type": "Point", "coordinates": [88.23548, 22.52907]}, "properties": {"id": "KOL-RES-005", "kind": "rescue_team", "name": "Civil Defence Unit, Kolkata Zone 5", "city": "Kolkata", "state": "West Bengal", "lat": 22.52907, "lon": 88.23548, "capacity": 26, "contact": "kol-res-005@example.org", "data_source": "synthetic_demo"}}, {"type": "Feature", "geometry": {"type": "Point", "coordinates": [78.54644, 17.31784]}, "properties": {"id": "HYD-SCH-001", "kind": "school", "name": "Govt. Primary School, Hyderabad Zone 1", "city": "Hyderabad", "state": "Telangana", "lat": 17.31784, "lon": 78.54644, "capacity": 2795, "contact": "hyd-sch-001@example.org", "data_source": "synthetic_demo"}}, {"type": "Feature", "geometry": {"type": "Point", "coordinates": [78.27102, 17.25468]}, "properties": {"id": "HYD-SCH-002", "kind": "school", "name": "Engineering College, Hyderabad Zone 2", "city": "Hyderabad", "state": "Telangana", "lat": 17.25468, "lon": 78.27102, "capacity": 434, "contact": "hyd-sch-002@example.org", "data_source": "synthetic_demo"}}, {"type": "Feature", "geometry": {"type": "Point", "coordinates": [78.22717, 17.34677]}, "properties": {"id": "HYD-SCH-003", "kind": "school", "name": "Engineering College, Hyderabad Zone 3", "city": "Hyderabad", "state": "Telangana", "lat": 17.34677, "lon": 78.22717, "capacity": 2720, "contact": "hyd-sch-003@example.org", "data_source": "synthetic_demo"}}, {"type": "Feature", "geometry": {"type": "Point", "coordinates": [78.4423, 17.29353]}, "properties": {"id": "HYD-SCH-004", "kind": "school", "name": "Govt. High School, Hyderabad Zone 4", "city": "Hyderabad", "state": "Telangana", "lat": 17.29353, "lon": 78.4423, "capacity": 917, "contact": "hyd-sch-004@example.org", "data_source": "synthetic_demo"}}, {"type": "Feature", "geometry": {"type": "Point", "coordinates": [78.48611, 17.37571]}, "properties": {"id": "HYD-SCH-005", "kind": "school", "name": "Degree College, Hyderabad Zone 5", "city": "Hyderabad", "state": "Telangana", "lat": 17.37571, "lon": 78.48611, "capacity": 2895, "contact": "hyd-sch-005@example.org", "data_source": "synthetic_demo"}}, {"type": "Feature", "geometry": {"type": "Point", "coordinates": [78.46922, 17.28821]}, "properties": {"id": "HYD-SCH-006", "kind": "school", "name": "Public School, Hyderabad Zone 6", "city": "Hyderabad", "state": "Telangana", "lat": 17.28821, "lon": 78.46922, "capacity": 2167, "contact": "hyd-sch-006@example.org", "data_source": "synthetic_demo"}}, {"type": "Feature", "geometry": {"type": "Point", "coordinates": [78.51362, 17.45752]}, "properties": {"id": "HYD-SCH-007", "kind": "school", "name": "Public School, Hyderabad Zone 7", "city": "Hyderabad", "state": "Telangana", "lat": 17.45752, "lon": 78.51362, "capacity": 2204, "contact": "hyd-sch-007@example.org", "data_source": "synthetic_demo"}}, {"type": "Feature", "geometry": {"type": "Point", "coordinates": [78.42782, 17.48959]}, "properties": {"id": "HYD-SCH-008", "kind": "school", "name": "Degree College, Hyderabad Zone 8", "city": "Hyderabad", "state": "Telangana", "lat": 17.48959, "lon": 78.42782, "capacity": 1203, "contact": "hyd-sch-008@example.org", "data_source": "synthetic_demo"}}, {"type": "Feature", "geometry": {"type": "Point", "coordinates": [78.62151, 17.5423]}, "properties": {"id": "HYD-SCH-009", "kind": "school", "name": "PU College, Hyderabad Zone 1", "city": "Hyderabad", "state": "Telangana", "lat": 17.5423, "lon": 78.62151, "capacity": 583, "contact": "hyd-sch-009@example.org", "data_source": "synthetic_demo"}}, {"type": "Feature", "geometry": {"type": "Point", "coordinates": [78.46605, 17.47839]}, "properties": {"id": "HYD-SCH-010", "kind": "school", "name": "Govt. High School, Hyderabad Zone 2", "city": "Hyderabad", "state": "Telangana", "lat": 17.47839, "lon": 78.46605, "capacity": 1767, "contact": "hyd-sch-010@example.org", "data_source": "synthetic_demo"}}, {"type": "Feature", "geometry": {"type": "Point", "coordinates": [78.51154, 17.32495]}, "properties": {"id": "HYD-SCH-011", "kind": "school", "name": "Engineering College, Hyderabad Zone 3", "city": "Hyderabad", "state": "Telangana", "lat": 17.32495, "lon": 78.51154, "capacity": 995, "contact": "hyd-sch-011@example.org", "data_source": "synthetic_demo"}}, {"type": "Feature", "geometry": {"type": "Point", "coordinates": [78.28015, 17.2842]}, "properties": {"id": "HYD-SCH-012", "kind": "school", "name": "Engineering College, Hyderabad Zone 4", "city": "Hyderabad", "state": "Telangana", "lat": 17.2842, "lon": 78.28015, "capacity": 554, "contact": "hyd-sch-012@example.org", "data_source": "synthetic_demo"}}, {"type": "Feature", "geometry": {"type": "Point", "coordinates": [78.59208, 17.49706]}, "properties": {"id": "HYD-SCH-013", "kind": "school", "name": "Govt. High School, Hyderabad Zone 5", "city": "Hyderabad", "state": "Telangana", "lat": 17.49706, "lon": 78.59208, "capacity": 225, "contact": "hyd-sch-013@example.org", "data_source": "synthetic_demo"}}, {"type": "Feature", "geometry": {"type": "Point", "coordinates": [78.46425, 17.29098]}, "properties": {"id": "HYD-SCH-014", "kind": "school", "name": "Public School, Hyderabad Zone 6", "city": "Hyderabad", "state": "Telangana", "lat": 17.29098, "lon": 78.46425, "capacity": 2081, "contact": "hyd-sch-014@example.org", "data_source": "synthetic_demo"}}, {"type": "Feature", "geometry": {"type": "Point", "coordinates": [78.45734, 17.45358]}, "properties": {"id": "HYD-SCH-015", "kind": "school", "name": "PU College, Hyderabad Zone 7", "city": "Hyderabad", "state": "Telangana", "lat": 17.45358, "lon": 78.45734, "capacity": 1599, "contact": "hyd-sch-015@example.org", "data_source": "synthetic_demo"}}, {"type": "Feature", "geometry": {"type": "Point", "coordinates": [78.46241, 17.38134]}, "properties": {"id": "HYD-SCH-016", "kind": "school", "name": "Govt. Primary School, Hyderabad Zone 8", "city": "Hyderabad", "state": "Telangana", "lat": 17.38134, "lon": 78.46241, "capacity": 2261, "contact": "hyd-sch-016@example.org", "data_source": "synthetic_demo"}}, {"type": "Feature", "geometry": {"type": "Point", "coordinates": [78.3846, 17.21996]}, "properties": {"id": "HYD-SCH-017", "kind": "school", "name": "Engineering College, Hyderabad Zone 1", "city": "Hyderabad", "state": "Telangana", "lat": 17.21996, "lon": 78.3846, "capacity": 329, "contact": "hyd-sch-017@example.org", "data_source": "synthetic_demo"}}, {"type": "Feature", "geometry": {"type": "Point", "coordinates": [78.64151, 17.41065]}, "properties": {"id": "HYD-SCH-018", "kind": "school", "name": "Engineering College, Hyderabad Zone 2", "city": "Hyderabad", "state": "Telangana", "lat": 17.41065, "lon": 78.64151, "capacity": 545, "contact": "hyd-sch-018@example.org", "data_source": "synthetic_demo"}}, {"type": "Feature", "geometry": {"type": "Point", "coordinates": [78.56422, 17.52766]}, "properties": {"id": "HYD-SCH-019", "kind": "school", "name": "Degree College, Hyderabad Zone 3", "city": "Hyderabad", "state": "Telangana", "lat": 17.52766, "lon": 78.56422, "capacity": 2829, "contact": "hyd-sch-019@example.org", "data_source": "synthetic_demo"}}, {"type": "Feature", "geometry": {"type": "Point", "coordinates": [78.40652, 17.34681]}, "properties": {"id": "HYD-SCH-020", "kind": "school", "name": "Public School, Hyderabad Zone 4", "city": "Hyderabad", "state": "Telangana", "lat": 17.34681, "lon": 78.40652, "capacity": 1730, "contact": "hyd-sch-020@example.org", "data_source": "synthetic_demo"}}, {"type": "Feature", "geometry": {"type": "Point", "coordinates": [78.5626, 17.51881]}, "properties": {"id": "HYD-SCH-021", "kind": "school", "name": "Public School, Hyderabad Zone 5", "city": "Hyderabad", "state": "Telangana", "lat": 17.51881, "lon": 78.5626, "capacity": 2261, "contact": "hyd-sch-021@example.org", "data_source": "synthetic_demo"}}, {"type": "Feature", "geometry": {"type": "Point", "coordinates": [78.6273, 17.53915]}, "properties": {"id": "HYD-SCH-022", "kind": "school", "name": "Govt. High School, Hyderabad Zone 6", "city": "Hyderabad", "state": "Telangana", "lat": 17.53915, "lon": 78.6273, "capacity": 2180, "contact": "hyd-sch-022@example.org", "data_source": "synthetic_demo"}}, {"type": "Feature", "geometry": {"type": "Point", "coordinates": [78.30513, 17.37018]}, "properties": {"id": "HYD-SCH-023", "kind": "school", "name": "Public School, Hyderabad Zone 7", "city": "Hyderabad", "state": "Telangana", "lat": 17.37018, "lon": 78.30513, "capacity": 2369, "contact": "hyd-sch-023@example.org", "data_source": "synthetic_demo"}}, {"type": "Feature", "geometry": {"type": "Point", "coordinates": [78.44126, 17.48814]}, "properties": {"id": "HYD-SCH-024", "kind": "school", "name": "Public School, Hyderabad Zone 8", "city": "Hyderabad", "state": "Telangana", "lat": 17.48814, "lon": 78.44126, "capacity": 1663, "contact": "hyd-sch-024@example.org", "data_source": "synthetic_demo"}}, {"type": "Feature", "geometry": {"type": "Point", "coordinates": [78.3769, 17.54848]}, "properties": {"id": "HYD-SCH-025", "kind": "school", "name": "Public School, Hyderabad Zone 1", "city": "Hyderabad", "state": "Telangana", "lat": 17.54848, "lon": 78.3769, "capacity": 2124, "contact": "hyd-sch-025@example.org", "data_source": "synthetic_demo"}}, {"type": "Feature", "geometry": {"type": "Point", "coordinates": [78.5127, 17.48989]}, "properties": {"id": "HYD-SCH-026", "kind": "school", "name": "Public School, Hyderabad Zone 2", "city": "Hyderabad", "state": "Telangana", "lat": 17.48989, "lon": 78.5127, "capacity": 1506, "contact": "hyd-sch-026@example.org", "data_source": "synthetic_demo"}}, {"type": "Feature", "geometry": {"type": "Point", "coordinates": [78.52715, 17.10682]}, "properties": {"id": "HYD-SCH-027", "kind": "school", "name": "Govt. Primary School, Hyderabad Zone 3", "city": "Hyderabad", "state": "Telangana", "lat": 17.10682, "lon": 78.52715, "capacity": 1581, "contact": "hyd-sch-027@example.org", "data_source": "synthetic_demo"}}, {"type": "Feature", "geometry": {"type": "Point", "coordinates": [78.43255, 17.2736]}, "properties": {"id": "HYD-SCH-028", "kind": "school", "name": "Degree College, Hyderabad Zone 4", "city": "Hyderabad", "state": "Telangana", "lat": 17.2736, "lon": 78.43255, "capacity": 615, "contact": "hyd-sch-028@example.org", "data_source": "synthetic_demo"}}, {"type": "Feature", "geometry": {"type": "Point", "coordinates": [78.6281, 17.33011]}, "properties": {"id": "HYD-SCH-029", "kind": "school", "name": "Engineering College, Hyderabad Zone 5", "city": "Hyderabad", "state": "Telangana", "lat": 17.33011, "lon": 78.6281, "capacity": 2543, "contact": "hyd-sch-029@example.org", "data_source": "synthetic_demo"}}, {"type": "Feature", "geometry": {"type": "Point", "coordinates": [78.72724, 17.3339]}, "properties": {"id": "HYD-SCH-030", "kind": "school", "name": "Degree College, Hyderabad Zone 6", "city": "Hyderabad", "state": "Telangana", "lat": 17.3339, "lon": 78.72724, "capacity": 1933, "contact": "hyd-sch-030@example.org", "data_source": "synthetic_demo"}}, {"type": "Feature", "geometry": {"type": "Point", "coordinates": [78.51489, 17.43318]}, "properties": {"id": "HYD-SCH-031", "kind": "school", "name": "Govt. High School, Hyderabad Zone 7", "city": "Hyderabad", "state": "Telangana", "lat": 17.43318, "lon": 78.51489, "capacity": 1753, "contact": "hyd-sch-031@example.org", "data_source": "synthetic_demo"}}, {"type": "Feature", "geometry": {"type": "Point", "coordinates": [78.58045, 17.32984]}, "properties": {"id": "HYD-SCH-032", "kind": "school", "name": "Engineering College, Hyderabad Zone 8", "city": "Hyderabad", "state": "Telangana", "lat": 17.32984, "lon": 78.58045, "capacity": 2887, "contact": "hyd-sch-032@example.org", "data_source": "synthetic_demo"}}, {"type": "Feature", "geometry": {"type": "Point", "coordinates": [78.50788, 17.47224]}, "properties": {"id": "HYD-SCH-033", "kind": "school", "name": "Engineering College, Hyderabad Zone 1", "city": "Hyderabad", "state": "Telangana", "lat": 17.47224, "lon": 78.50788, "capacity": 2064, "contact": "hyd-sch-033@example.org", "data_source": "synthetic_demo"}}, {"type": "Feature", "geometry": {"type": "Point", "coordinates": [78.52591, 17.37442]}, "properties": {"id": "HYD-SCH-034", "kind": "school", "name": "Public School, Hyderabad Zone 2", "city": "Hyderabad", "state": "Telangana", "lat": 17.37442, "lon": 78.52591, "capacity": 2636, "contact": "hyd-sch-034@example.org", "data_source": "synthetic_demo"}}, {"type": "Feature", "geometry": {"type": "Point", "coordinates": [78.40266, 17.54167]}, "properties": {"id": "HYD-SCH-035", "kind": "school", "name": "Govt. High School, Hyderabad Zone 3", "city": "Hyderabad", "state": "Telangana", "lat": 17.54167, "lon": 78.40266, "capacity": 939, "contact": "hyd-sch-035@example.org", "data_source": "synthetic_demo"}}, {"type": "Feature", "geometry": {"type": "Point", "coordinates": [78.47167, 17.46668]}, "properties": {"id": "HYD-SCH-036", "kind": "school", "name": "PU College, Hyderabad Zone 4", "city": "Hyderabad", "state": "Telangana", "lat": 17.46668, "lon": 78.47167, "capacity": 763, "contact": "hyd-sch-036@example.org", "data_source": "synthetic_demo"}}, {"type": "Feature", "geometry": {"type": "Point", "coordinates": [78.63697, 17.4222]}, "properties": {"id": "HYD-SCH-037", "kind": "school", "name": "Govt. Primary School, Hyderabad Zone 5", "city": "Hyderabad", "state": "Telangana", "lat": 17.4222, "lon": 78.63697, "capacity": 2465, "contact": "hyd-sch-037@example.org", "data_source": "synthetic_demo"}}, {"type": "Feature", "geometry": {"type": "Point", "coordinates": [78.43002, 17.43628]}, "properties": {"id": "HYD-HOS-001", "kind": "hospital", "name": "Primary Health Centre, Hyderabad Zone 1", "city": "Hyderabad", "state": "Telangana", "lat": 17.43628, "lon": 78.43002, "capacity": 533, "contact": "hyd-hos-001@example.org", "data_source": "synthetic_demo"}}, {"type": "Feature", "geometry": {"type": "Point", "coordinates": [78.63409, 17.4271]}, "properties": {"id": "HYD-HOS-002", "kind": "hospital", "name": "Multispeciality Hospital, Hyderabad Zone 2", "city": "Hyderabad", "state": "Telangana", "lat": 17.4271, "lon": 78.63409, "capacity": 469, "contact": "hyd-hos-002@example.org", "data_source": "synthetic_demo"}}, {"type": "Feature", "geometry": {"type": "Point", "coordinates": [78.64661, 17.40158]}, "properties": {"id": "HYD-HOS-003", "kind": "hospital", "name": "Community Health Centre, Hyderabad Zone 3", "city": "Hyderabad", "state": "Telangana", "lat": 17.40158, "lon": 78.64661, "capacity": 195, "contact": "hyd-hos-003@example.org", "data_source": "synthetic_demo"}}, {"type": "Feature", "geometry": {"type": "Point", "coordinates": [78.36237, 17.24034]}, "properties": {"id": "HYD-HOS-004", "kind": "hospital", "name": "Primary Health Centre, Hyderabad Zone 4", "city": "Hyderabad", "state": "Telangana", "lat": 17.24034, "lon": 78.36237, "capacity": 601, "contact": "hyd-hos-004@example.org", "data_source": "synthetic_demo"}}, {"type": "Feature", "geometry": {"type": "Point", "coordinates": [78.39736, 17.50894]}, "properties": {"id": "HYD-HOS-005", "kind": "hospital", "name": "Primary Health Centre, Hyderabad Zone 5", "city": "Hyderabad", "state": "Telangana", "lat": 17.50894, "lon": 78.39736, "capacity": 443, "contact": "hyd-hos-005@example.org", "data_source": "synthetic_demo"}}, {"type": "Feature", "geometry": {"type": "Point", "coordinates": [78.66754, 17.48592]}, "properties": {"id": "HYD-HOS-006", "kind": "hospital", "name": "District Hospital, Hyderabad Zone 6", "city": "Hyderabad", "state": "Telangana", "lat": 17.48592, "lon": 78.66754, "capacity": 712, "contact": "hyd-hos-006@example.org", "data_source": "synthetic_demo"}}, {"type": "Feature", "geometry": {"type": "Point", "coordinates": [78.46561, 17.39357]}, "properties": {"id": "HYD-HOS-007", "kind": "hospital", "name": "Community Health Centre, Hyderabad Zone 7", "city": "Hyderabad", "state": "Telangana", "lat": 17.39357, "lon": 78.46561, "capacity": 223, "contact": "hyd-hos-007@example.org", "data_source": "synthetic_demo"}}, {"type": "Feature", "geometry": {"type": "Point", "coordinates": [78.43075, 17.38172]}, "properties": {"id": "HYD-HOS-008", "kind": "hospital", "name": "Community Health Centre, Hyderabad Zone 8", "city": "Hyderabad", "state": "Telangana", "lat": 17.38172, "lon": 78.43075, "capacity": 271, "contact": "hyd-hos-008@example.org", "data_source": "synthetic_demo"}}, {"type": "Feature", "geometry": {"type": "Point", "coordinates": [78.30725, 17.41101]}, "properties": {"id": "HYD-HOS-009", "kind": "hospital", "name": "District Hospital, Hyderabad Zone 1", "city": "Hyderabad", "state": "Telangana", "lat": 17.41101, "lon": 78.30725, "capacity": 561, "contact": "hyd-hos-009@example.org", "data_source": "synthetic_demo"}}, {"type": "Feature", "geometry": {"type": "Point", "coordinates": [78.50642, 17.4695]}, "properties": {"id": "HYD-HOS-010", "kind": "hospital", "name": "Multispeciality Hospital, Hyderabad Zone 2", "city": "Hyderabad", "state": "Telangana", "lat": 17.4695, "lon": 78.50642, "capacity": 319, "contact": "hyd-hos-010@example.org", "data_source": "synthetic_demo"}}, {"type": "Feature", "geometry": {"type": "Point", "coordinates": [78.56819, 17.22504]}, "properties": {"id": "HYD-HOS-011", "kind": "hospital", "name": "District Hospital, Hyderabad Zone 3", "city": "Hyderabad", "state": "Telangana", "lat": 17.22504, "lon": 78.56819, "capacity": 493, "contact": "hyd-hos-011@example.org", "data_source": "synthetic_demo"}}, {"type": "Feature", "geometry": {"type": "Point", "coordinates": [78.42311, 17.44762]}, "properties": {"id": "HYD-HOS-012", "kind": "hospital", "name": "District Hospital, Hyderabad Zone 4", "city": "Hyderabad", "state": "Telangana", "lat": 17.44762, "lon": 78.42311, "capacity": 33, "contact": "hyd-hos-012@example.org", "data_source": "synthetic_demo"}}, {"type": "Feature", "geometry": {"type": "Point", "coordinates": [78.21411, 17.30893]}, "properties": {"id": "HYD-HOS-013", "kind": "hospital", "name": "Primary Health Centre, Hyderabad Zone 5", "city": "Hyderabad", "state": "Telangana", "lat": 17.30893, "lon": 78.21411, "capacity": 320, "contact": "hyd-hos-013@example.org", "data_source": "synthetic_demo"}}, {"type": "Feature", "geometry": {"type": "Point", "coordinates": [78.65053, 17.4139]}, "properties": {"id": "HYD-HOS-014", "kind": "hospital", "name": "Multispeciality Hospital, Hyderabad Zone 6", "city": "Hyderabad", "state": "Telangana", "lat": 17.4139, "lon": 78.65053, "capacity": 716, "contact": "hyd-hos-014@example.org", "data_source": "synthetic_demo"}}, {"type": "Feature", "geometry": {"type": "Point", "coordinates": [78.33777, 17.52899]}, "properties": {"id": "HYD-HOS-015", "kind": "hospital", "name": "Community Health Centre, Hyderabad Zone 7", "city": "Hyderabad", "state": "Telangana", "lat": 17.52899, "lon": 78.33777, "capacity": 503, "contact": "hyd-hos-015@example.org", "data_source": "synthetic_demo"}}, {"type": "Feature", "geometry": {"type": "Point", "coordinates": [78.48971, 17.36289]}, "properties": {"id": "HYD-HOS-016", "kind": "hospital", "name": "Community Health Centre, Hyderabad Zone 8", "city": "Hyderabad", "state": "Telangana", "lat": 17.36289, "lon": 78.48971, "capacity": 115, "contact": "hyd-hos-016@example.org", "data_source": "synthetic_demo"}}, {"type": "Feature", "geometry": {"type": "Point", "coordinates": [78.57983, 17.65688]}, "properties": {"id": "HYD-HOS-017", "kind": "hospital", "name": "Primary Health Centre, Hyderabad Zone 1", "city": "Hyderabad", "state": "Telangana", "lat": 17.65688, "lon": 78.57983, "capacity": 111, "contact": "hyd-hos-017@example.org", "data_source": "synthetic_demo"}}, {"type": "Feature", "geometry": {"type": "Point", "coordinates": [78.61993, 17.43954]}, "properties": {"id": "HYD-HOS-018", "kind": "hospital", "name": "Community Health Centre, Hyderabad Zone 2", "city": "Hyderabad", "state": "Telangana", "lat": 17.43954, "lon": 78.61993, "capacity": 576, "contact": "hyd-hos-018@example.org", "data_source": "synthetic_demo"}}, {"type": "Feature", "geometry": {"type": "Point", "coordinates": [78.66285, 17.22974]}, "properties": {"id": "HYD-RES-001", "kind": "rescue_team", "name": "Civil Defence Unit, Hyderabad Zone 1", "city": "Hyderabad", "state": "Telangana", "lat": 17.22974, "lon": 78.66285, "capacity": 50, "contact": "hyd-res-001@example.org", "data_source": "synthetic_demo"}}, {"type": "Feature", "geometry": {"type": "Point", "coordinates": [78.52345, 17.49604]}, "properties": {"id": "HYD-RES-002", "kind": "rescue_team", "name": "SDRF Unit, Hyderabad Zone 2", "city": "Hyderabad", "state": "Telangana", "lat": 17.49604, "lon": 78.52345, "capacity": 34, "contact": "hyd-res-002@example.org", "data_source": "synthetic_demo"}}, {"type": "Feature", "geometry": {"type": "Point", "coordinates": [78.53768, 17.28923]}, "properties": {"id": "HYD-RES-003", "kind": "rescue_team", "name": "SDRF Unit, Hyderabad Zone 3", "city": "Hyderabad", "state": "Telangana", "lat": 17.28923, "lon": 78.53768, "capacity": 48, "contact": "hyd-res-003@example.org", "data_source": "synthetic_demo"}}, {"type": "Feature", "geometry": {"type": "Point", "coordinates": [78.4948, 17.29568]}, "properties": {"id": "HYD-RES-004", "kind": "rescue_team", "name": "NDRF Team, Hyderabad Zone 4", "city": "Hyderabad", "state": "Telangana", "lat": 17.29568, "lon": 78.4948, "capacity": 51, "contact": "hyd-res-004@example.org", "data_source": "synthetic_demo"}}, {"type": "Feature", "geometry": {"type": "Point", "coordinates": [85.7372, 20.2644]}, "properties": {"id": "BBS-SCH-001", "kind": "school", "name": "Govt. High School, Bhubaneswar Zone 1", "city": "Bhubaneswar", "state": "Odisha", "lat": 20.2644, "lon": 85.7372, "capacity": 2640, "contact": "bbs-sch-001@example.org", "data_source": "synthetic_demo"}}, {"type": "Feature", "geometry": {"type": "Point", "coordinates": [85.73158, 20.19034]}, "properties": {"id": "BBS-SCH-002", "kind": "school", "name": "Degree College, Bhubaneswar Zone 2", "city": "Bhubaneswar", "state": "Odisha", "lat": 20.19034, "lon": 85.73158, "capacity": 2005, "contact": "bbs-sch-002@example.org", "data_source": "synthetic_demo"}}, {"type": "Feature", "geometry": {"type": "Point", "coordinates": [85.85263, 20.42592]}, "properties": {"id": "BBS-SCH-003", "kind": "school", "name": "Engineering College, Bhubaneswar Zone 3", "city": "Bhubaneswar", "state": "Odisha", "lat": 20.42592, "lon": 85.85263, "capacity": 1945, "contact": "bbs-sch-003@example.org", "data_source": "synthetic_demo"}}, {"type": "Feature", "geometry": {"type": "Point", "coordinates": [85.77764, 20.35513]}, "properties": {"id": "BBS-SCH-004", "kind": "school", "name": "Govt. High School, Bhubaneswar Zone 4", "city": "Bhubaneswar", "state": "Odisha", "lat": 20.35513, "lon": 85.77764, "capacity": 1306, "contact": "bbs-sch-004@example.org", "data_source": "synthetic_demo"}}, {"type": "Feature", "geometry": {"type": "Point", "coordinates": [85.80195, 20.40665]}, "properties": {"id": "BBS-SCH-005", "kind": "school", "name": "Public School, Bhubaneswar Zone 5", "city": "Bhubaneswar", "state": "Odisha", "lat": 20.40665, "lon": 85.80195, "capacity": 1441, "contact": "bbs-sch-005@example.org", "data_source": "synthetic_demo"}}, {"type": "Feature", "geometry": {"type": "Point", "coordinates": [85.74477, 20.21092]}, "properties": {"id": "BBS-SCH-006", "kind": "school", "name": "Govt. High School, Bhubaneswar Zone 6", "city": "Bhubaneswar", "state": "Odisha", "lat": 20.21092, "lon": 85.74477, "capacity": 2047, "contact": "bbs-sch-006@example.org", "data_source": "synthetic_demo"}}, {"type": "Feature", "geometry": {"type": "Point", "coordinates": [85.84555, 20.20738]}, "properties": {"id": "BBS-SCH-007", "kind": "school", "name": "Public School, Bhubaneswar Zone 7", "city": "Bhubaneswar", "state": "Odisha", "lat": 20.20738, "lon": 85.84555, "capacity": 728, "contact": "bbs-sch-007@example.org", "data_source": "synthetic_demo"}}, {"type": "Feature", "geometry": {"type": "Point", "coordinates": [85.86137, 20.33344]}, "properties": {"id": "BBS-SCH-008", "kind": "school", "name": "Engineering College, Bhubaneswar Zone 8", "city": "Bhubaneswar", "state": "Odisha", "lat": 20.33344, "lon": 85.86137, "capacity": 729, "contact": "bbs-sch-008@example.org", "data_source": "synthetic_demo"}}, {"type": "Feature", "geometry": {"type": "Point", "coordinates": [85.86741, 20.33309]}, "properties": {"id": "BBS-SCH-009", "kind": "school", "name": "Engineering College, Bhubaneswar Zone 1", "city": "Bhubaneswar", "state": "Odisha", "lat": 20.33309, "lon": 85.86741, "capacity": 856, "contact": "bbs-sch-009@example.org", "data_source": "synthetic_demo"}}, {"type": "Feature", "geometry": {"type": "Point", "coordinates": [85.80298, 20.32295]}, "properties": {"id": "BBS-SCH-010", "kind": "school", "name": "Govt. Primary School, Bhubaneswar Zone 2", "city": "Bhubaneswar", "state": "Odisha", "lat": 20.32295, "lon": 85.80298, "capacity": 2846, "contact": "bbs-sch-010@example.org", "data_source": "synthetic_demo"}}, {"type": "Feature", "geometry": {"type": "Point", "coordinates": [85.677, 20.2778]}, "properties": {"id": "BBS-SCH-011", "kind": "school", "name": "PU College, Bhubaneswar Zone 3", "city": "Bhubaneswar", "state": "Odisha", "lat": 20.2778, "lon": 85.677, "capacity": 723, "contact": "bbs-sch-011@example.org", "data_source": "synthetic_demo"}}, {"type": "Feature", "geometry": {"type": "Point", "coordinates": [85.93348, 20.1544]}, "properties": {"id": "BBS-SCH-012", "kind": "school", "name": "Govt. High School, Bhubaneswar Zone 4", "city": "Bhubaneswar", "state": "Odisha", "lat": 20.1544, "lon": 85.93348, "capacity": 2291, "contact": "bbs-sch-012@example.org", "data_source": "synthetic_demo"}}, {"type": "Feature", "geometry": {"type": "Point", "coordinates": [85.74677, 20.358]}, "properties": {"id": "BBS-SCH-013", "kind": "school", "name": "PU College, Bhubaneswar Zone 5", "city": "Bhubaneswar", "state": "Odisha", "lat": 20.358, "lon": 85.74677, "capacity": 1033, "contact": "bbs-sch-013@example.org", "data_source": "synthetic_demo"}}, {"type": "Feature", "geometry": {"type": "Point", "coordinates": [85.88476, 20.3047]}, "properties": {"id": "BBS-HOS-001", "kind": "hospital", "name": "District Hospital, Bhubaneswar Zone 1", "city": "Bhubaneswar", "state": "Odisha", "lat": 20.3047, "lon": 85.88476, "capacity": 283, "contact": "bbs-hos-001@example.org", "data_source": "synthetic_demo"}}, {"type": "Feature", "geometry": {"type": "Point", "coordinates": [85.86291, 20.25498]}, "properties": {"id": "BBS-HOS-002", "kind": "hospital", "name": "Community Health Centre, Bhubaneswar Zone 2", "city": "Bhubaneswar", "state": "Odisha", "lat": 20.25498, "lon": 85.86291, "capacity": 403, "contact": "bbs-hos-002@example.org", "data_source": "synthetic_demo"}}, {"type": "Feature", "geometry": {"type": "Point", "coordinates": [85.99791, 20.33681]}, "properties": {"id": "BBS-HOS-003", "kind": "hospital", "name": "Community Health Centre, Bhubaneswar Zone 3", "city": "Bhubaneswar", "state": "Odisha", "lat": 20.33681, "lon": 85.99791, "capacity": 684, "contact": "bbs-hos-003@example.org", "data_source": "synthetic_demo"}}, {"type": "Feature", "geometry": {"type": "Point", "coordinates": [85.76862, 20.38047]}, "properties": {"id": "BBS-HOS-004", "kind": "hospital", "name": "District Hospital, Bhubaneswar Zone 4", "city": "Bhubaneswar", "state": "Odisha", "lat": 20.38047, "lon": 85.76862, "capacity": 787, "contact": "bbs-hos-004@example.org", "data_source": "synthetic_demo"}}, {"type": "Feature", "geometry": {"type": "Point", "coordinates": [85.91979, 20.29488]}, "properties": {"id": "BBS-HOS-005", "kind": "hospital", "name": "District Hospital, Bhubaneswar Zone 5", "city": "Bhubaneswar", "state": "Odisha", "lat": 20.29488, "lon": 85.91979, "capacity": 92, "contact": "bbs-hos-005@example.org", "data_source": "synthetic_demo"}}, {"type": "Feature", "geometry": {"type": "Point", "coordinates": [85.81363, 20.16946]}, "properties": {"id": "BBS-HOS-006", "kind": "hospital", "name": "Multispeciality Hospital, Bhubaneswar Zone 6", "city": "Bhubaneswar", "state": "Odisha", "lat": 20.16946, "lon": 85.81363, "capacity": 87, "contact": "bbs-hos-006@example.org", "data_source": "synthetic_demo"}}, {"type": "Feature", "geometry": {"type": "Point", "coordinates": [85.83154, 20.22485]}, "properties": {"id": "BBS-RES-001", "kind": "rescue_team", "name": "Fire & Emergency Station, Bhubaneswar Zone 1", "city": "Bhubaneswar", "state": "Odisha", "lat": 20.22485, "lon": 85.83154, "capacity": 37, "contact": "bbs-res-001@example.org", "data_source": "synthetic_demo"}}, {"type": "Feature", "geometry": {"type": "Point", "coordinates": [85.81615, 20.43485]}, "properties": {"id": "BBS-RES-002", "kind": "rescue_team", "name": "Fire & Emergency Station, Bhubaneswar Zone 2", "city": "Bhubaneswar", "state": "Odisha", "lat": 20.43485, "lon": 85.81615, "capacity": 30, "contact": "bbs-res-002@example.org", "data_source": "synthetic_demo"}}, {"type": "Feature", "geometry": {"type": "Point", "coordinates": [85.82106, 20.38298]}, "properties": {"id": "BBS-RES-003", "kind": "rescue_team", "name": "SDRF Unit, Bhubaneswar Zone 3", "city": "Bhubaneswar", "state": "Odisha", "lat": 20.38298, "lon": 85.82106, "capacity": 28, "contact": "bbs-res-003@example.org", "data_source": "synthetic_demo"}}, {"type": "Feature", "geometry": {"type": "Point", "coordinates": [85.81672, 19.85029]}, "properties": {"id": "PUR-SCH-001", "kind": "school", "name": "Public School, Puri Zone 1", "city": "Puri", "state": "Odisha", "lat": 19.85029, "lon": 85.81672, "capacity": 1138, "contact": "pur-sch-001@example.org", "data_source": "synthetic_demo"}}, {"type": "Feature", "geometry": {"type": "Point", "coordinates": [85.81921, 19.76011]}, "properties": {"id": "PUR-SCH-002", "kind": "school", "name": "Public School, Puri Zone 2", "city": "Puri", "state": "Odisha", "lat": 19.76011, "lon": 85.81921, "capacity": 588, "contact": "pur-sch-002@example.org", "data_source": "synthetic_demo"}}, {"type": "Feature", "geometry": {"type": "Point", "coordinates": [85.90135, 19.7831]}, "properties": {"id": "PUR-SCH-003", "kind": "school", "name": "PU College, Puri Zone 3", "city": "Puri", "state": "Odisha", "lat": 19.7831, "lon": 85.90135, "capacity": 2011, "contact": "pur-sch-003@example.org", "data_source": "synthetic_demo"}}, {"type": "Feature", "geometry": {"type": "Point", "coordinates": [85.79264, 19.76703]}, "properties": {"id": "PUR-SCH-004", "kind": "school", "name": "Public School, Puri Zone 4", "city": "Puri", "state": "Odisha", "lat": 19.76703, "lon": 85.79264, "capacity": 497, "contact": "pur-sch-004@example.org", "data_source": "synthetic_demo"}}, {"type": "Feature", "geometry": {"type": "Point", "coordinates": [85.89371, 19.909]}, "properties": {"id": "PUR-SCH-005", "kind": "school", "name": "Degree College, Puri Zone 5", "city": "Puri", "state": "Odisha", "lat": 19.909, "lon": 85.89371, "capacity": 1340, "contact": "pur-sch-005@example.org", "data_source": "synthetic_demo"}}, {"type": "Feature", "geometry": {"type": "Point", "coordinates": [85.80042, 19.84199]}, "properties": {"id": "PUR-SCH-006", "kind": "school", "name": "Public School, Puri Zone 6", "city": "Puri", "state": "Odisha", "lat": 19.84199, "lon": 85.80042, "capacity": 609, "contact": "pur-sch-006@example.org", "data_source": "synthetic_demo"}}, {"type": "Feature", "geometry": {"type": "Point", "coordinates": [85.86181, 19.82396]}, "properties": {"id": "PUR-HOS-001", "kind": "hospital", "name": "District Hospital, Puri Zone 1", "city": "Puri", "state": "Odisha", "lat": 19.82396, "lon": 85.86181, "capacity": 50, "contact": "pur-hos-001@example.org", "data_source": "synthetic_demo"}}, {"type": "Feature", "geometry": {"type": "Point", "coordinates": [85.85439, 19.79268]}, "properties": {"id": "PUR-HOS-002", "kind": "hospital", "name": "District Hospital, Puri Zone 2", "city": "Puri", "state": "Odisha", "lat": 19.79268, "lon": 85.85439, "capacity": 167, "contact": "pur-hos-002@example.org", "data_source": "synthetic_demo"}}, {"type": "Feature", "geometry": {"type": "Point", "coordinates": [85.76546, 19.79762]}, "properties": {"id": "PUR-HOS-003", "kind": "hospital", "name": "Community Health Centre, Puri Zone 3", "city": "Puri", "state": "Odisha", "lat": 19.79762, "lon": 85.76546, "capacity": 379, "contact": "pur-hos-003@example.org", "data_source": "synthetic_demo"}}, {"type": "Feature", "geometry": {"type": "Point", "coordinates": [85.82429, 19.77049]}, "properties": {"id": "PUR-RES-001", "kind": "rescue_team", "name": "Fire & Emergency Station, Puri Zone 1", "city": "Puri", "state": "Odisha", "lat": 19.77049, "lon": 85.82429, "capacity": 26, "contact": "pur-res-001@example.org", "data_source": "synthetic_demo"}}, {"type": "Feature", "geometry": {"type": "Point", "coordinates": [85.85284, 19.74971]}, "properties": {"id": "PUR-RES-002", "kind": "rescue_team", "name": "Civil Defence Unit, Puri Zone 2", "city": "Puri", "state": "Odisha", "lat": 19.74971, "lon": 85.85284, "capacity": 39, "contact": "pur-res-002@example.org", "data_source": "synthetic_demo"}}, {"type": "Feature", "geometry": {"type": "Point", "coordinates": [85.78616, 19.84703]}, "properties": {"id": "PUR-RES-003", "kind": "rescue_team", "name": "NDRF Team, Puri Zone 3", "city": "Puri", "state": "Odisha", "lat": 19.84703, "lon": 85.78616, "capacity": 59, "contact": "pur-res-003@example.org", "data_source": "synthetic_demo"}}, {"type": "Feature", "geometry": {"type": "Point", "coordinates": [83.28353, 17.66138]}, "properties": {"id": "VTZ-SCH-001", "kind": "school", "name": "Public School, Visakhapatnam Zone 1", "city": "Visakhapatnam", "state": "Andhra Pradesh", "lat": 17.66138, "lon": 83.28353, "capacity": 1585, "contact": "vtz-sch-001@example.org", "data_source": "synthetic_demo"}}, {"type": "Feature", "geometry": {"type": "Point", "coordinates": [83.10286, 17.7959]}, "properties": {"id": "VTZ-SCH-002", "kind": "school", "name": "Public School, Visakhapatnam Zone 2", "city": "Visakhapatnam", "state": "Andhra Pradesh", "lat": 17.7959, "lon": 83.10286, "capacity": 746, "contact": "vtz-sch-002@example.org", "data_source": "synthetic_demo"}}, {"type": "Feature", "geometry": {"type": "Point", "coordinates": [83.00616, 17.87968]}, "properties": {"id": "VTZ-SCH-003", "kind": "school", "name": "PU College, Visakhapatnam Zone 3", "city": "Visakhapatnam", "state": "Andhra Pradesh", "lat": 17.87968, "lon": 83.00616, "capacity": 2285, "contact": "vtz-sch-003@example.org", "data_source": "synthetic_demo"}}, {"type": "Feature", "geometry": {"type": "Point", "coordinates": [83.13969, 17.6991]}, "properties": {"id": "VTZ-SCH-004", "kind": "school", "name": "Govt. High School, Visakhapatnam Zone 4", "city": "Visakhapatnam", "state": "Andhra Pradesh", "lat": 17.6991, "lon": 83.13969, "capacity": 1083, "contact": "vtz-sch-004@example.org", "data_source": "synthetic_demo"}}, {"type": "Feature", "geometry": {"type": "Point", "coordinates": [83.22631, 17.57887]}, "properties": {"id": "VTZ-SCH-005", "kind": "school", "name": "Govt. Primary School, Visakhapatnam Zone 5", "city": "Visakhapatnam", "state": "Andhra Pradesh", "lat": 17.57887, "lon": 83.22631, "capacity": 1021, "contact": "vtz-sch-005@example.org", "data_source": "synthetic_demo"}}, {"type": "Feature", "geometry": {"type": "Point", "coordinates": [83.25424, 17.703]}, "properties": {"id": "VTZ-SCH-006", "kind": "school", "name": "PU College, Visakhapatnam Zone 6", "city": "Visakhapatnam", "state": "Andhra Pradesh", "lat": 17.703, "lon": 83.25424, "capacity": 411, "contact": "vtz-sch-006@example.org", "data_source": "synthetic_demo"}}, {"type": "Feature", "geometry": {"type": "Point", "coordinates": [83.22459, 17.85774]}, "properties": {"id": "VTZ-SCH-007", "kind": "school", "name": "PU College, Visakhapatnam Zone 7", "city": "Visakhapatnam", "state": "Andhra Pradesh", "lat": 17.85774, "lon": 83.22459, "capacity": 2093, "contact": "vtz-sch-007@example.org", "data_source": "synthetic_demo"}}, {"type": "Feature", "geometry": {"type": "Point", "coordinates": [83.23831, 17.54736]}, "properties": {"id": "VTZ-SCH-008", "kind": "school", "name": "Degree College, Visakhapatnam Zone 8", "city": "Visakhapatnam", "state": "Andhra Pradesh", "lat": 17.54736, "lon": 83.23831, "capacity": 494, "contact": "vtz-sch-008@example.org", "data_source": "synthetic_demo"}}, {"type": "Feature", "geometry": {"type": "Point", "coordinates": [83.31996, 17.6182]}, "properties": {"id": "VTZ-SCH-009", "kind": "school", "name": "Engineering College, Visakhapatnam Zone 1", "city": "Visakhapatnam", "state": "Andhra Pradesh", "lat": 17.6182, "lon": 83.31996, "capacity": 988, "contact": "vtz-sch-009@example.org", "data_source": "synthetic_demo"}}, {"type": "Feature", "geometry": {"type": "Point", "coordinates": [83.21378, 17.6108]}, "properties": {"id": "VTZ-SCH-010", "kind": "school", "name": "Govt. Primary School, Visakhapatnam Zone 2", "city": "Visakhapatnam", "state": "Andhra Pradesh", "lat": 17.6108, "lon": 83.21378, "capacity": 2112, "contact": "vtz-sch-010@example.org", "data_source": "synthetic_demo"}}, {"type": "Feature", "geometry": {"type": "Point", "coordinates": [83.17923, 17.65134]}, "properties": {"id": "VTZ-SCH-011", "kind": "school", "name": "Govt. High School, Visakhapatnam Zone 3", "city": "Visakhapatnam", "state": "Andhra Pradesh", "lat": 17.65134, "lon": 83.17923, "capacity": 2448, "contact": "vtz-sch-011@example.org", "data_source": "synthetic_demo"}}, {"type": "Feature", "geometry": {"type": "Point", "coordinates": [83.26832, 17.64478]}, "properties": {"id": "VTZ-SCH-012", "kind": "school", "name": "Public School, Visakhapatnam Zone 4", "city": "Visakhapatnam", "state": "Andhra Pradesh", "lat": 17.64478, "lon": 83.26832, "capacity": 1176, "contact": "vtz-sch-012@example.org", "data_source": "synthetic_demo"}}, {"type": "Feature", "geometry": {"type": "Point", "coordinates": [83.24006, 17.67952]}, "properties": {"id": "VTZ-SCH-013", "kind": "school", "name": "Public School, Visakhapatnam Zone 5", "city": "Visakhapatnam", "state": "Andhra Pradesh", "lat": 17.67952, "lon": 83.24006, "capacity": 2619, "contact": "vtz-sch-013@example.org", "data_source": "synthetic_demo"}}, {"type": "Feature", "geometry": {"type": "Point", "coordinates": [83.42129, 17.74813]}, "properties": {"id": "VTZ-SCH-014", "kind": "school", "name": "Degree College, Visakhapatnam Zone 6", "city": "Visakhapatnam", "state": "Andhra Pradesh", "lat": 17.74813, "lon": 83.42129, "capacity": 207, "contact": "vtz-sch-014@example.org", "data_source": "synthetic_demo"}}, {"type": "Feature", "geometry": {"type": "Point", "coordinates": [83.20536, 17.62446]}, "properties": {"id": "VTZ-SCH-015", "kind": "school", "name": "Degree College, Visakhapatnam Zone 7", "city": "Visakhapatnam", "state": "Andhra Pradesh", "lat": 17.62446, "lon": 83.20536, "capacity": 1948, "contact": "vtz-sch-015@example.org", "data_source": "synthetic_demo"}}, {"type": "Feature", "geometry": {"type": "Point", "coordinates": [83.33378, 17.62083]}, "properties": {"id": "VTZ-SCH-016", "kind": "school", "name": "PU College, Visakhapatnam Zone 8", "city": "Visakhapatnam", "state": "Andhra Pradesh", "lat": 17.62083, "lon": 83.33378, "capacity": 1224, "contact": "vtz-sch-016@example.org", "data_source": "synthetic_demo"}}, {"type": "Feature", "geometry": {"type": "Point", "coordinates": [83.18831, 17.65572]}, "properties": {"id": "VTZ-SCH-017", "kind": "school", "name": "PU College, Visakhapatnam Zone 1", "city": "Visakhapatnam", "state": "Andhra Pradesh", "lat": 17.65572, "lon": 83.18831, "capacity": 386, "contact": "vtz-sch-017@example.org", "data_source": "synthetic_demo"}}, {"type": "Feature", "geometry": {"type": "Point", "coordinates": [83.19141, 17.67403]}, "properties": {"id": "VTZ-HOS-001", "kind": "hospital", "name": "Community Health Centre, Visakhapatnam Zone 1", "city": "Visakhapatnam", "state": "Andhra Pradesh", "lat": 17.67403, "lon": 83.19141, "capacity": 556, "contact": "vtz-hos-001@example.org", "data_source": "synthetic_demo"}}, {"type": "Feature", "geometry": {"type": "Point", "coordinates": [83.33015, 17.71959]}, "properties": {"id": "VTZ-HOS-002", "kind": "hospital", "name": "Multispeciality Hospital, Visakhapatnam Zone 2", "city": "Visakhapatnam", "state": "Andhra Pradesh", "lat": 17.71959, "lon": 83.33015, "capacity": 773, "contact": "vtz-hos-002@example.org", "data_source": "synthetic_demo"}}, {"type": "Feature", "geometry": {"type": "Point", "coordinates": [83.2726, 17.78315]}, "properties": {"id": "VTZ-HOS-003", "kind": "hospital", "name": "District Hospital, Visakhapatnam Zone 3", "city": "Visakhapatnam", "state": "Andhra Pradesh", "lat": 17.78315, "lon": 83.2726, "capacity": 437, "contact": "vtz-hos-003@example.org", "data_source": "synthetic_demo"}}, {"type": "Feature", "geometry": {"type": "Point", "coordinates": [83.26719, 17.86179]}, "properties": {"id": "VTZ-HOS-004", "kind": "hospital", "name": "District Hospital, Visakhapatnam Zone 4", "city": "Visakhapatnam", "state": "Andhra Pradesh", "lat": 17.86179, "lon": 83.26719, "capacity": 69, "contact": "vtz-hos-004@example.org", "data_source": "synthetic_demo"}}, {"type": "Feature", "geometry": {"type": "Point", "coordinates": [83.29835, 17.79662]}, "properties": {"id": "VTZ-HOS-005", "kind": "hospital", "name": "Community Health Centre, Visakhapatnam Zone 5", "city": "Visakhapatnam", "state": "Andhra Pradesh", "lat": 17.79662, "lon": 83.29835, "capacity": 343, "contact": "vtz-hos-005@example.org", "data_source": "synthetic_demo"}}, {"type": "Feature", "geometry": {"type": "Point", "coordinates": [83.27045, 17.76956]}, "properties": {"id": "VTZ-HOS-006", "kind": "hospital", "name": "District Hospital, Visakhapatnam Zone 6", "city": "Visakhapatnam", "state": "Andhra Pradesh", "lat": 17.76956, "lon": 83.27045, "capacity": 657, "contact": "vtz-hos-006@example.org", "data_source": "synthetic_demo"}}, {"type": "Feature", "geometry": {"type": "Point", "coordinates": [83.24684, 17.62937]}, "properties": {"id": "VTZ-HOS-007", "kind": "hospital", "name": "District Hospital, Visakhapatnam Zone 7", "city": "Visakhapatnam", "state": "Andhra Pradesh", "lat": 17.62937, "lon": 83.24684, "capacity": 650, "contact": "vtz-hos-007@example.org", "data_source": "synthetic_demo"}}, {"type": "Feature", "geometry": {"type": "Point", "coordinates": [83.17562, 17.67734]}, "properties": {"id": "VTZ-HOS-008", "kind": "hospital", "name": "Multispeciality Hospital, Visakhapatnam Zone 8", "city": "Visakhapatnam", "state": "Andhra Pradesh", "lat": 17.67734, "lon": 83.17562, "capacity": 228, "contact": "vtz-hos-008@example.org", "data_source": "synthetic_demo"}}, {"type": "Feature", "geometry": {"type": "Point", "coordinates": [83.25779, 17.5695]}, "properties": {"id": "VTZ-RES-001", "kind": "rescue_team", "name": "Civil Defence Unit, Visakhapatnam Zone 1", "city": "Visakhapatnam", "state": "Andhra Pradesh", "lat": 17.5695, "lon": 83.25779, "capacity": 53, "contact": "vtz-res-001@example.org", "data_source": "synthetic_demo"}}, {"type": "Feature", "geometry": {"type": "Point", "coordinates": [83.31893, 17.74692]}, "properties": {"id": "VTZ-RES-002", "kind": "rescue_team", "name": "Civil Defence Unit, Visakhapatnam Zone 2", "city": "Visakhapatnam", "state": "Andhra Pradesh", "lat": 17.74692, "lon": 83.31893, "capacity": 16, "contact": "vtz-res-002@example.org", "data_source": "synthetic_demo"}}, {"type": "Feature", "geometry": {"type": "Point", "coordinates": [83.21075, 17.73217]}, "properties": {"id": "VTZ-RES-003", "kind": "rescue_team", "name": "Civil Defence Unit, Visakhapatnam Zone 3", "city": "Visakhapatnam", "state": "Andhra Pradesh", "lat": 17.73217, "lon": 83.21075, "capacity": 44, "contact": "vtz-res-003@example.org", "data_source": "synthetic_demo"}}, {"type": "Feature", "geometry": {"type": "Point", "coordinates": [91.6122, 26.19361]}, "properties": {"id": "GUW-SCH-001", "kind": "school", "name": "PU College, Guwahati Zone 1", "city": "Guwahati", "state": "Assam", "lat": 26.19361, "lon": 91.6122, "capacity": 2615, "contact": "guw-sch-001@example.org", "data_source": "synthetic_demo"}}, {"type": "Feature", "geometry": {"type": "Point", "coordinates": [91.59979, 26.21045]}, "properties": {"id": "GUW-SCH-002", "kind": "school", "name": "Govt. Primary School, Guwahati Zone 2", "city": "Guwahati", "state": "Assam", "lat": 26.21045, "lon": 91.59979, "capacity": 1491, "contact": "guw-sch-002@example.org", "data_source": "synthetic_demo"}}, {"type": "Feature", "geometry": {"type": "Point", "coordinates": [91.72796, 26.2355]}, "properties": {"id": "GUW-SCH-003", "kind": "school", "name": "PU College, Guwahati Zone 3", "city": "Guwahati", "state": "Assam", "lat": 26.2355, "lon": 91.72796, "capacity": 1139, "contact": "guw-sch-003@example.org", "data_source": "synthetic_demo"}}, {"type": "Feature", "geometry": {"type": "Point", "coordinates": [91.74824, 26.24164]}, "properties": {"id": "GUW-SCH-004", "kind": "school", "name": "Govt. High School, Guwahati Zone 4", "city": "Guwahati", "state": "Assam", "lat": 26.24164, "lon": 91.74824, "capacity": 595, "contact": "guw-sch-004@example.org", "data_source": "synthetic_demo"}}, {"type": "Feature", "geometry": {"type": "Point", "coordinates": [91.70527, 26.15213]}, "properties": {"id": "GUW-SCH-005", "kind": "school", "name": "Engineering College, Guwahati Zone 5", "city": "Guwahati", "state": "Assam", "lat": 26.15213, "lon": 91.70527, "capacity": 1497, "contact": "guw-sch-005@example.org", "data_source": "synthetic_demo"}}, {"type": "Feature", "geometry": {"type": "Point", "coordinates": [91.8507, 26.08423]}, "properties": {"id": "GUW-SCH-006", "kind": "school", "name": "Govt. High School, Guwahati Zone 6", "city": "Guwahati", "state": "Assam", "lat": 26.08423, "lon": 91.8507, "capacity": 2907, "contact": "guw-sch-006@example.org", "data_source": "synthetic_demo"}}, {"type": "Feature", "geometry": {"type": "Point", "coordinates": [91.64349, 26.18897]}, "properties": {"id": "GUW-SCH-007", "kind": "school", "name": "Degree College, Guwahati Zone 7", "city": "Guwahati", "state": "Assam", "lat": 26.18897, "lon": 91.64349, "capacity": 957, "contact": "guw-sch-007@example.org", "data_source": "synthetic_demo"}}, {"type": "Feature", "geometry": {"type": "Point", "coordinates": [91.5449, 26.1441]}, "properties": {"id": "GUW-SCH-008", "kind": "school", "name": "Public School, Guwahati Zone 8", "city": "Guwahati", "state": "Assam", "lat": 26.1441, "lon": 91.5449, "capacity": 2532, "contact": "guw-sch-008@example.org", "data_source": "synthetic_demo"}}, {"type": "Feature", "geometry": {"type": "Point", "coordinates": [91.70329, 26.24679]}, "properties": {"id": "GUW-SCH-009", "kind": "school", "name": "Public School, Guwahati Zone 1", "city": "Guwahati", "state": "Assam", "lat": 26.24679, "lon": 91.70329, "capacity": 1083, "contact": "guw-sch-009@example.org", "data_source": "synthetic_demo"}}, {"type": "Feature", "geometry": {"type": "Point", "coordinates": [91.65767, 26.24028]}, "properties": {"id": "GUW-SCH-010", "kind": "school", "name": "Govt. Primary School, Guwahati Zone 2", "city": "Guwahati", "state": "Assam", "lat": 26.24028, "lon": 91.65767, "capacity": 215, "contact": "guw-sch-010@example.org", "data_source": "synthetic_demo"}}, {"type": "Feature", "geometry": {"type": "Point", "coordinates": [91.85038, 26.16601]}, "properties": {"id": "GUW-SCH-011", "kind": "school", "name": "Govt. Primary School, Guwahati Zone 3", "city": "Guwahati", "state": "Assam", "lat": 26.16601, "lon": 91.85038, "capacity": 2593, "contact": "guw-sch-011@example.org", "data_source": "synthetic_demo"}}, {"type": "Feature", "geometry": {"type": "Point", "coordinates": [91.73129, 26.22626]}, "properties": {"id": "GUW-SCH-012", "kind": "school", "name": "PU College, Guwahati Zone 4", "city": "Guwahati", "state": "Assam", "lat": 26.22626, "lon": 91.73129, "capacity": 823, "contact": "guw-sch-012@example.org", "data_source": "synthetic_demo"}}, {"type": "Feature", "geometry": {"type": "Point", "coordinates": [91.73626, 26.14738]}, "properties": {"id": "GUW-HOS-001", "kind": "hospital", "name": "District Hospital, Guwahati Zone 1", "city": "Guwahati", "state": "Assam", "lat": 26.14738, "lon": 91.73626, "capacity": 420, "contact": "guw-hos-001@example.org", "data_source": "synthetic_demo"}}, {"type": "Feature", "geometry": {"type": "Point", "coordinates": [91.69811, 26.25867]}, "properties": {"id": "GUW-HOS-002", "kind": "hospital", "name": "District Hospital, Guwahati Zone 2", "city": "Guwahati", "state": "Assam", "lat": 26.25867, "lon": 91.69811, "capacity": 315, "contact": "guw-hos-002@example.org", "data_source": "synthetic_demo"}}, {"type": "Feature", "geometry": {"type": "Point", "coordinates": [91.85649, 26.07764]}, "properties": {"id": "GUW-HOS-003", "kind": "hospital", "name": "Multispeciality Hospital, Guwahati Zone 3", "city": "Guwahati", "state": "Assam", "lat": 26.07764, "lon": 91.85649, "capacity": 336, "contact": "guw-hos-003@example.org", "data_source": "synthetic_demo"}}, {"type": "Feature", "geometry": {"type": "Point", "coordinates": [91.78403, 26.18242]}, "properties": {"id": "GUW-HOS-004", "kind": "hospital", "name": "Community Health Centre, Guwahati Zone 4", "city": "Guwahati", "state": "Assam", "lat": 26.18242, "lon": 91.78403, "capacity": 319, "contact": "guw-hos-004@example.org", "data_source": "synthetic_demo"}}, {"type": "Feature", "geometry": {"type": "Point", "coordinates": [91.69218, 26.14591]}, "properties": {"id": "GUW-HOS-005", "kind": "hospital", "name": "Primary Health Centre, Guwahati Zone 5", "city": "Guwahati", "state": "Assam", "lat": 26.14591, "lon": 91.69218, "capacity": 502, "contact": "guw-hos-005@example.org", "data_source": "synthetic_demo"}}, {"type": "Feature", "geometry": {"type": "Point", "coordinates": [91.65048, 26.19172]}, "properties": {"id": "GUW-HOS-006", "kind": "hospital", "name": "Primary Health Centre, Guwahati Zone 6", "city": "Guwahati", "state": "Assam", "lat": 26.19172, "lon": 91.65048, "capacity": 640, "contact": "guw-hos-006@example.org", "data_source": "synthetic_demo"}}, {"type": "Feature", "geometry": {"type": "Point", "coordinates": [91.76706, 26.23452]}, "properties": {"id": "GUW-RES-001", "kind": "rescue_team", "name": "NDRF Team, Guwahati Zone 1", "city": "Guwahati", "state": "Assam", "lat": 26.23452, "lon": 91.76706, "capacity": 47, "contact": "guw-res-001@example.org", "data_source": "synthetic_demo"}}, {"type": "Feature", "geometry": {"type": "Point", "coordinates": [91.7379, 26.30174]}, "properties": {"id": "GUW-RES-002", "kind": "rescue_team", "name": "Civil Defence Unit, Guwahati Zone 2", "city": "Guwahati", "state": "Assam", "lat": 26.30174, "lon": 91.7379, "capacity": 51, "contact": "guw-res-002@example.org", "data_source": "synthetic_demo"}}, {"type": "Feature", "geometry": {"type": "Point", "coordinates": [91.70702, 26.19859]}, "properties": {"id": "GUW-RES-003", "kind": "rescue_team", "name": "Civil Defence Unit, Guwahati Zone 3", "city": "Guwahati", "state": "Assam", "lat": 26.19859, "lon": 91.70702, "capacity": 22, "contact": "guw-res-003@example.org", "data_source": "synthetic_demo"}}, {"type": "Feature", "geometry": {"type": "Point", "coordinates": [72.47864, 23.02978]}, "properties": {"id": "AMD-SCH-001", "kind": "school", "name": "PU College, Ahmedabad Zone 1", "city": "Ahmedabad", "state": "Gujarat", "lat": 23.02978, "lon": 72.47864, "capacity": 921, "contact": "amd-sch-001@example.org", "data_source": "synthetic_demo"}}, {"type": "Feature", "geometry": {"type": "Point", "coordinates": [72.3583, 23.0053]}, "properties": {"id": "AMD-SCH-002", "kind": "school", "name": "Engineering College, Ahmedabad Zone 2", "city": "Ahmedabad", "state": "Gujarat", "lat": 23.0053, "lon": 72.3583, "capacity": 255, "contact": "amd-sch-002@example.org", "data_source": "synthetic_demo"}}, {"type": "Feature", "geometry": {"type": "Point", "coordinates": [72.5239, 22.85843]}, "properties": {"id": "AMD-SCH-003", "kind": "school", "name": "Degree College, Ahmedabad Zone 3", "city": "Ahmedabad", "state": "Gujarat", "lat": 22.85843, "lon": 72.5239, "capacity": 2371, "contact": "amd-sch-003@example.org", "data_source": "synthetic_demo"}}, {"type": "Feature", "geometry": {"type": "Point", "coordinates": [72.5671, 23.03267]}, "properties": {"id": "AMD-SCH-004", "kind": "school", "name": "Govt. Primary School, Ahmedabad Zone 4", "city": "Ahmedabad", "state": "Gujarat", "lat": 23.03267, "lon": 72.5671, "capacity": 2547, "contact": "amd-sch-004@example.org", "data_source": "synthetic_demo"}}, {"type": "Feature", "geometry": {"type": "Point", "coordinates": [72.63994, 22.90126]}, "properties": {"id": "AMD-SCH-005", "kind": "school", "name": "Degree College, Ahmedabad Zone 5", "city": "Ahmedabad", "state": "Gujarat", "lat": 22.90126, "lon": 72.63994, "capacity": 949, "contact": "amd-sch-005@example.org", "data_source": "synthetic_demo"}}, {"type": "Feature", "geometry": {"type": "Point", "coordinates": [72.71283, 22.95345]}, "properties": {"id": "AMD-SCH-006", "kind": "school", "name": "Govt. Primary School, Ahmedabad Zone 6", "city": "Ahmedabad", "state": "Gujarat", "lat": 22.95345, "lon": 72.71283, "capacity": 1708, "contact": "amd-sch-006@example.org", "data_source": "synthetic_demo"}}, {"type": "Feature", "geometry": {"type": "Point", "coordinates": [72.68771, 22.98421]}, "properties": {"id": "AMD-SCH-007", "kind": "school", "name": "Degree College, Ahmedabad Zone 7", "city": "Ahmedabad", "state": "Gujarat", "lat": 22.98421, "lon": 72.68771, "capacity": 1687, "contact": "amd-sch-007@example.org", "data_source": "synthetic_demo"}}, {"type": "Feature", "geometry": {"type": "Point", "coordinates": [72.59537, 23.12713]}, "properties": {"id": "AMD-SCH-008", "kind": "school", "name": "PU College, Ahmedabad Zone 8", "city": "Ahmedabad", "state": "Gujarat", "lat": 23.12713, "lon": 72.59537, "capacity": 2179, "contact": "amd-sch-008@example.org", "data_source": "synthetic_demo"}}, {"type": "Feature", "geometry": {"type": "Point", "coordinates": [72.48167, 22.9221]}, "properties": {"id": "AMD-SCH-009", "kind": "school", "name": "Public School, Ahmedabad Zone 1", "city": "Ahmedabad", "state": "Gujarat", "lat": 22.9221, "lon": 72.48167, "capacity": 391, "contact": "amd-sch-009@example.org", "data_source": "synthetic_demo"}}, {"type": "Feature", "geometry": {"type": "Point", "coordinates": [72.47887, 22.93891]}, "properties": {"id": "AMD-SCH-010", "kind": "school", "name": "Engineering College, Ahmedabad Zone 2", "city": "Ahmedabad", "state": "Gujarat", "lat": 22.93891, "lon": 72.47887, "capacity": 962, "contact": "amd-sch-010@example.org", "data_source": "synthetic_demo"}}, {"type": "Feature", "geometry": {"type": "Point", "coordinates": [72.47525, 23.03468]}, "properties": {"id": "AMD-SCH-011", "kind": "school", "name": "Govt. High School, Ahmedabad Zone 3", "city": "Ahmedabad", "state": "Gujarat", "lat": 23.03468, "lon": 72.47525, "capacity": 1649, "contact": "amd-sch-011@example.org", "data_source": "synthetic_demo"}}, {"type": "Feature", "geometry": {"type": "Point", "coordinates": [72.49254, 23.03549]}, "properties": {"id": "AMD-SCH-012", "kind": "school", "name": "PU College, Ahmedabad Zone 4", "city": "Ahmedabad", "state": "Gujarat", "lat": 23.03549, "lon": 72.49254, "capacity": 1218, "contact": "amd-sch-012@example.org", "data_source": "synthetic_demo"}}, {"type": "Feature", "geometry": {"type": "Point", "coordinates": [72.60619, 22.95915]}, "properties": {"id": "AMD-SCH-013", "kind": "school", "name": "PU College, Ahmedabad Zone 5", "city": "Ahmedabad", "state": "Gujarat", "lat": 22.95915, "lon": 72.60619, "capacity": 308, "contact": "amd-sch-013@example.org", "data_source": "synthetic_demo"}}, {"type": "Feature", "geometry": {"type": "Point", "coordinates": [72.47494, 22.9315]}, "properties": {"id": "AMD-SCH-014", "kind": "school", "name": "Engineering College, Ahmedabad Zone 6", "city": "Ahmedabad", "state": "Gujarat", "lat": 22.9315, "lon": 72.47494, "capacity": 234, "contact": "amd-sch-014@example.org", "data_source": "synthetic_demo"}}, {"type": "Feature", "geometry": {"type": "Point", "coordinates": [72.66442, 22.9412]}, "properties": {"id": "AMD-SCH-015", "kind": "school", "name": "Govt. High School, Ahmedabad Zone 7", "city": "Ahmedabad", "state": "Gujarat", "lat": 22.9412, "lon": 72.66442, "capacity": 1704, "contact": "amd-sch-015@example.org", "data_source": "synthetic_demo"}}, {"type": "Feature", "geometry": {"type": "Point", "coordinates": [72.69129, 22.97317]}, "properties": {"id": "AMD-SCH-016", "kind": "school", "name": "Degree College, Ahmedabad Zone 8", "city": "Ahmedabad", "state": "Gujarat", "lat": 22.97317, "lon": 72.69129, "capacity": 2722, "contact": "amd-sch-016@example.org", "data_source": "synthetic_demo"}}, {"type": "Feature", "geometry": {"type": "Point", "coordinates": [72.46112, 22.94132]}, "properties": {"id": "AMD-SCH-017", "kind": "school", "name": "Govt. Primary School, Ahmedabad Zone 1", "city": "Ahmedabad", "state": "Gujarat", "lat": 22.94132, "lon": 72.46112, "capacity": 1370, "contact": "amd-sch-017@example.org", "data_source": "synthetic_demo"}}, {"type": "Feature", "geometry": {"type": "Point", "coordinates": [72.80081, 22.98281]}, "properties": {"id": "AMD-SCH-018", "kind": "school", "name": "Degree College, Ahmedabad Zone 2", "city": "Ahmedabad", "state": "Gujarat", "lat": 22.98281, "lon": 72.80081, "capacity": 2052, "contact": "amd-sch-018@example.org", "data_source": "synthetic_demo"}}, {"type": "Feature", "geometry": {"type": "Point", "coordinates": [72.51203, 23.00643]}, "properties": {"id": "AMD-SCH-019", "kind": "school", "name": "Engineering College, Ahmedabad Zone 3", "city": "Ahmedabad", "state": "Gujarat", "lat": 23.00643, "lon": 72.51203, "capacity": 2090, "contact": "amd-sch-019@example.org", "data_source": "synthetic_demo"}}, {"type": "Feature", "geometry": {"type": "Point", "coordinates": [72.59137, 23.22214]}, "properties": {"id": "AMD-SCH-020", "kind": "school", "name": "Govt. Primary School, Ahmedabad Zone 4", "city": "Ahmedabad", "state": "Gujarat", "lat": 23.22214, "lon": 72.59137, "capacity": 1640, "contact": "amd-sch-020@example.org", "data_source": "synthetic_demo"}}, {"type": "Feature", "geometry": {"type": "Point", "coordinates": [72.72398, 23.04935]}, "properties": {"id": "AMD-SCH-021", "kind": "school", "name": "Engineering College, Ahmedabad Zone 5", "city": "Ahmedabad", "state": "Gujarat", "lat": 23.04935, "lon": 72.72398, "capacity": 1457, "contact": "amd-sch-021@example.org", "data_source": "synthetic_demo"}}, {"type": "Feature", "geometry": {"type": "Point", "coordinates": [72.41922, 23.01017]}, "properties": {"id": "AMD-SCH-022", "kind": "school", "name": "Degree College, Ahmedabad Zone 6", "city": "Ahmedabad", "state": "Gujarat", "lat": 23.01017, "lon": 72.41922, "capacity": 952, "contact": "amd-sch-022@example.org", "data_source": "synthetic_demo"}}, {"type": "Feature", "geometry": {"type": "Point", "coordinates": [72.54579, 22.81363]}, "properties": {"id": "AMD-SCH-023", "kind": "school", "name": "Degree College, Ahmedabad Zone 7", "city": "Ahmedabad", "state": "Gujarat", "lat": 22.81363, "lon": 72.54579, "capacity": 837, "contact": "amd-sch-023@example.org", "data_source": "synthetic_demo"}}, {"type": "Feature", "geometry": {"type": "Point", "coordinates": [72.53059, 22.98]}, "properties": {"id": "AMD-SCH-024", "kind": "school", "name": "Govt. Primary School, Ahmedabad Zone 8", "city": "Ahmedabad", "state": "Gujarat", "lat": 22.98, "lon": 72.53059, "capacity": 2018, "contact": "amd-sch-024@example.org", "data_source": "synthetic_demo"}}, {"type": "Feature", "geometry": {"type": "Point", "coordinates": [72.54736, 23.062]}, "properties": {"id": "AMD-SCH-025", "kind": "school", "name": "Degree College, Ahmedabad Zone 1", "city": "Ahmedabad", "state": "Gujarat", "lat": 23.062, "lon": 72.54736, "capacity": 750, "contact": "amd-sch-025@example.org", "data_source": "synthetic_demo"}}, {"type": "Feature", "geometry": {"type": "Point", "coordinates": [72.47326, 23.0507]}, "properties": {"id": "AMD-SCH-026", "kind": "school", "name": "Public School, Ahmedabad Zone 2", "city": "Ahmedabad", "state": "Gujarat", "lat": 23.0507, "lon": 72.47326, "capacity": 2668, "contact": "amd-sch-026@example.org", "data_source": "synthetic_demo"}}, {"type": "Feature", "geometry": {"type": "Point", "coordinates": [72.5317, 22.96682]}, "properties": {"id": "AMD-SCH-027", "kind": "school", "name": "Govt. Primary School, Ahmedabad Zone 3", "city": "Ahmedabad", "state": "Gujarat", "lat": 22.96682, "lon": 72.5317, "capacity": 2548, "contact": "amd-sch-027@example.org", "data_source": "synthetic_demo"}}, {"type": "Feature", "geometry": {"type": "Point", "coordinates": [72.56525, 23.13705]}, "properties": {"id": "AMD-SCH-028", "kind": "school", "name": "Public School, Ahmedabad Zone 4", "city": "Ahmedabad", "state": "Gujarat", "lat": 23.13705, "lon": 72.56525, "capacity": 1841, "contact": "amd-sch-028@example.org", "data_source": "synthetic_demo"}}, {"type": "Feature", "geometry": {"type": "Point", "coordinates": [72.73198, 23.10438]}, "properties": {"id": "AMD-SCH-029", "kind": "school", "name": "Govt. High School, Ahmedabad Zone 5", "city": "Ahmedabad", "state": "Gujarat", "lat": 23.10438, "lon": 72.73198, "capacity": 2387, "contact": "amd-sch-029@example.org", "data_source": "synthetic_demo"}}, {"type": "Feature", "geometry": {"type": "Point", "coordinates": [72.65395, 22.88028]}, "properties": {"id": "AMD-SCH-030", "kind": "school", "name": "Public School, Ahmedabad Zone 6", "city": "Ahmedabad", "state": "Gujarat", "lat": 22.88028, "lon": 72.65395, "capacity": 1564, "contact": "amd-sch-030@example.org", "data_source": "synthetic_demo"}}, {"type": "Feature", "geometry": {"type": "Point", "coordinates": [72.43544, 22.98275]}, "properties": {"id": "AMD-SCH-031", "kind": "school", "name": "Engineering College, Ahmedabad Zone 7", "city": "Ahmedabad", "state": "Gujarat", "lat": 22.98275, "lon": 72.43544, "capacity": 650, "contact": "amd-sch-031@example.org", "data_source": "synthetic_demo"}}, {"type": "Feature", "geometry": {"type": "Point", "coordinates": [72.5171, 23.03215]}, "properties": {"id": "AMD-SCH-032", "kind": "school", "name": "Degree College, Ahmedabad Zone 8", "city": "Ahmedabad", "state": "Gujarat", "lat": 23.03215, "lon": 72.5171, "capacity": 894, "contact": "amd-sch-032@example.org", "data_source": "synthetic_demo"}}, {"type": "Feature", "geometry": {"type": "Point", "coordinates": [72.62362, 22.8848]}, "properties": {"id": "AMD-SCH-033", "kind": "school", "name": "PU College, Ahmedabad Zone 1", "city": "Ahmedabad", "state": "Gujarat", "lat": 22.8848, "lon": 72.62362, "capacity": 775, "contact": "amd-sch-033@example.org", "data_source": "synthetic_demo"}}, {"type": "Feature", "geometry": {"type": "Point", "coordinates": [72.52788, 22.91033]}, "properties": {"id": "AMD-SCH-034", "kind": "school", "name": "Govt. High School, Ahmedabad Zone 2", "city": "Ahmedabad", "state": "Gujarat", "lat": 22.91033, "lon": 72.52788, "capacity": 872, "contact": "amd-sch-034@example.org", "data_source": "synthetic_demo"}}, {"type": "Feature", "geometry": {"type": "Point", "coordinates": [72.47713, 23.02147]}, "properties": {"id": "AMD-HOS-001", "kind": "hospital", "name": "Multispeciality Hospital, Ahmedabad Zone 1", "city": "Ahmedabad", "state": "Gujarat", "lat": 23.02147, "lon": 72.47713, "capacity": 545, "contact": "amd-hos-001@example.org", "data_source": "synthetic_demo"}}, {"type": "Feature", "geometry": {"type": "Point", "coordinates": [72.62427, 22.93674]}, "properties": {"id": "AMD-HOS-002", "kind": "hospital", "name": "Multispeciality Hospital, Ahmedabad Zone 2", "city": "Ahmedabad", "state": "Gujarat", "lat": 22.93674, "lon": 72.62427, "capacity": 355, "contact": "amd-hos-002@example.org", "data_source": "synthetic_demo"}}, {"type": "Feature", "geometry": {"type": "Point", "coordinates": [72.48514, 23.06129]}, "properties": {"id": "AMD-HOS-003", "kind": "hospital", "name": "Community Health Centre, Ahmedabad Zone 3", "city": "Ahmedabad", "state": "Gujarat", "lat": 23.06129, "lon": 72.48514, "capacity": 206, "contact": "amd-hos-003@example.org", "data_source": "synthetic_demo"}}, {"type": "Feature", "geometry": {"type": "Point", "coordinates": [72.68743, 22.98069]}, "properties": {"id": "AMD-HOS-004", "kind": "hospital", "name": "District Hospital, Ahmedabad Zone 4", "city": "Ahmedabad", "state": "Gujarat", "lat": 22.98069, "lon": 72.68743, "capacity": 179, "contact": "amd-hos-004@example.org", "data_source": "synthetic_demo"}}, {"type": "Feature", "geometry": {"type": "Point", "coordinates": [72.60321, 23.11155]}, "properties": {"id": "AMD-HOS-005", "kind": "hospital", "name": "Primary Health Centre, Ahmedabad Zone 5", "city": "Ahmedabad", "state": "Gujarat", "lat": 23.11155, "lon": 72.60321, "capacity": 237, "contact": "amd-hos-005@example.org", "data_source": "synthetic_demo"}}, {"type": "Feature", "geometry": {"type": "Point", "coordinates": [72.67004, 23.03409]}, "properties": {"id": "AMD-HOS-006", "kind": "hospital", "name": "Multispeciality Hospital, Ahmedabad Zone 6", "city": "Ahmedabad", "state": "Gujarat", "lat": 23.03409, "lon": 72.67004, "capacity": 485, "contact": "amd-hos-006@example.org", "data_source": "synthetic_demo"}}, {"type": "Feature", "geometry": {"type": "Point", "coordinates": [72.68807, 23.01392]}, "properties": {"id": "AMD-HOS-007", "kind": "hospital", "name": "District Hospital, Ahmedabad Zone 7", "city": "Ahmedabad", "state": "Gujarat", "lat": 23.01392, "lon": 72.68807, "capacity": 100, "contact": "amd-hos-007@example.org", "data_source": "synthetic_demo"}}, {"type": "Feature", "geometry": {"type": "Point", "coordinates": [72.58684, 23.02999]}, "properties": {"id": "AMD-HOS-008", "kind": "hospital", "name": "District Hospital, Ahmedabad Zone 8", "city": "Ahmedabad", "state": "Gujarat", "lat": 23.02999, "lon": 72.58684, "capacity": 757, "contact": "amd-hos-008@example.org", "data_source": "synthetic_demo"}}, {"type": "Feature", "geometry": {"type": "Point", "coordinates": [72.54434, 23.08956]}, "properties": {"id": "AMD-HOS-009", "kind": "hospital", "name": "Multispeciality Hospital, Ahmedabad Zone 1", "city": "Ahmedabad", "state": "Gujarat", "lat": 23.08956, "lon": 72.54434, "capacity": 201, "contact": "amd-hos-009@example.org", "data_source": "synthetic_demo"}}, {"type": "Feature", "geometry": {"type": "Point", "coordinates": [72.63227, 23.05256]}, "properties": {"id": "AMD-HOS-010", "kind": "hospital", "name": "Community Health Centre, Ahmedabad Zone 2", "city": "Ahmedabad", "state": "Gujarat", "lat": 23.05256, "lon": 72.63227, "capacity": 69, "contact": "amd-hos-010@example.org", "data_source": "synthetic_demo"}}, {"type": "Feature", "geometry": {"type": "Point", "coordinates": [72.36465, 23.0136]}, "properties": {"id": "AMD-HOS-011", "kind": "hospital", "name": "Community Health Centre, Ahmedabad Zone 3", "city": "Ahmedabad", "state": "Gujarat", "lat": 23.0136, "lon": 72.36465, "capacity": 273, "contact": "amd-hos-011@example.org", "data_source": "synthetic_demo"}}, {"type": "Feature", "geometry": {"type": "Point", "coordinates": [72.49991, 23.03029]}, "properties": {"id": "AMD-HOS-012", "kind": "hospital", "name": "Multispeciality Hospital, Ahmedabad Zone 4", "city": "Ahmedabad", "state": "Gujarat", "lat": 23.03029, "lon": 72.49991, "capacity": 409, "contact": "amd-hos-012@example.org", "data_source": "synthetic_demo"}}, {"type": "Feature", "geometry": {"type": "Point", "coordinates": [72.63431, 22.96537]}, "properties": {"id": "AMD-HOS-013", "kind": "hospital", "name": "Community Health Centre, Ahmedabad Zone 5", "city": "Ahmedabad", "state": "Gujarat", "lat": 22.96537, "lon": 72.63431, "capacity": 556, "contact": "amd-hos-013@example.org", "data_source": "synthetic_demo"}}, {"type": "Feature", "geometry": {"type": "Point", "coordinates": [72.39873, 23.0822]}, "properties": {"id": "AMD-HOS-014", "kind": "hospital", "name": "Community Health Centre, Ahmedabad Zone 6", "city": "Ahmedabad", "state": "Gujarat", "lat": 23.0822, "lon": 72.39873, "capacity": 641, "contact": "amd-hos-014@example.org", "data_source": "synthetic_demo"}}, {"type": "Feature", "geometry": {"type": "Point", "coordinates": [72.64707, 22.94267]}, "properties": {"id": "AMD-HOS-015", "kind": "hospital", "name": "Multispeciality Hospital, Ahmedabad Zone 7", "city": "Ahmedabad", "state": "Gujarat", "lat": 22.94267, "lon": 72.64707, "capacity": 744, "contact": "amd-hos-015@example.org", "data_source": "synthetic_demo"}}, {"type": "Feature", "geometry": {"type": "Point", "coordinates": [72.78152, 22.95093]}, "properties": {"id": "AMD-HOS-016", "kind": "hospital", "name": "Community Health Centre, Ahmedabad Zone 8", "city": "Ahmedabad", "state": "Gujarat", "lat": 22.95093, "lon": 72.78152, "capacity": 722, "contact": "amd-hos-016@example.org", "data_source": "synthetic_demo"}}, {"type": "Feature", "geometry": {"type": "Point", "coordinates": [72.54548, 22.93432]}, "properties": {"id": "AMD-HOS-017", "kind": "hospital", "name": "Multispeciality Hospital, Ahmedabad Zone 1", "city": "Ahmedabad", "state": "Gujarat", "lat": 22.93432, "lon": 72.54548, "capacity": 87, "contact": "amd-hos-017@example.org", "data_source": "synthetic_demo"}}, {"type": "Feature", "geometry": {"type": "Point", "coordinates": [72.77344, 22.9466]}, "properties": {"id": "AMD-RES-001", "kind": "rescue_team", "name": "Civil Defence Unit, Ahmedabad Zone 1", "city": "Ahmedabad", "state": "Gujarat", "lat": 22.9466, "lon": 72.77344, "capacity": 25, "contact": "amd-res-001@example.org", "data_source": "synthetic_demo"}}, {"type": "Feature", "geometry": {"type": "Point", "coordinates": [72.70867, 23.14198]}, "properties": {"id": "AMD-RES-002", "kind": "rescue_team", "name": "NDRF Team, Ahmedabad Zone 2", "city": "Ahmedabad", "state": "Gujarat", "lat": 23.14198, "lon": 72.70867, "capacity": 56, "contact": "amd-res-002@example.org", "data_source": "synthetic_demo"}}, {"type": "Feature", "geometry": {"type": "Point", "coordinates": [72.70686, 22.92898]}, "properties": {"id": "AMD-RES-003", "kind": "rescue_team", "name": "Fire & Emergency Station, Ahmedabad Zone 3", "city": "Ahmedabad", "state": "Gujarat", "lat": 22.92898, "lon": 72.70686, "capacity": 16, "contact": "amd-res-003@example.org", "data_source": "synthetic_demo"}}, {"type": "Feature", "geometry": {"type": "Point", "coordinates": [72.40928, 22.86963]}, "properties": {"id": "AMD-RES-004", "kind": "rescue_team", "name": "NDRF Team, Ahmedabad Zone 4", "city": "Ahmedabad", "state": "Gujarat", "lat": 22.86963, "lon": 72.40928, "capacity": 24, "contact": "amd-res-004@example.org", "data_source": "synthetic_demo"}}, {"type": "Feature", "geometry": {"type": "Point", "coordinates": [75.72638, 27.0967]}, "properties": {"id": "JAI-SCH-001", "kind": "school", "name": "Govt. High School, Jaipur Zone 1", "city": "Jaipur", "state": "Rajasthan", "lat": 27.0967, "lon": 75.72638, "capacity": 218, "contact": "jai-sch-001@example.org", "data_source": "synthetic_demo"}}, {"type": "Feature", "geometry": {"type": "Point", "coordinates": [75.72923, 26.97691]}, "properties": {"id": "JAI-SCH-002", "kind": "school", "name": "PU College, Jaipur Zone 2", "city": "Jaipur", "state": "Rajasthan", "lat": 26.97691, "lon": 75.72923, "capacity": 468, "contact": "jai-sch-002@example.org", "data_source": "synthetic_demo"}}, {"type": "Feature", "geometry": {"type": "Point", "coordinates": [75.83138, 26.814]}, "properties": {"id": "JAI-SCH-003", "kind": "school", "name": "Govt. High School, Jaipur Zone 3", "city": "Jaipur", "state": "Rajasthan", "lat": 26.814, "lon": 75.83138, "capacity": 600, "contact": "jai-sch-003@example.org", "data_source": "synthetic_demo"}}, {"type": "Feature", "geometry": {"type": "Point", "coordinates": [75.91202, 26.87252]}, "properties": {"id": "JAI-SCH-004", "kind": "school", "name": "Govt. High School, Jaipur Zone 4", "city": "Jaipur", "state": "Rajasthan", "lat": 26.87252, "lon": 75.91202, "capacity": 2142, "contact": "jai-sch-004@example.org", "data_source": "synthetic_demo"}}, {"type": "Feature", "geometry": {"type": "Point", "coordinates": [75.87946, 26.92372]}, "properties": {"id": "JAI-SCH-005", "kind": "school", "name": "Govt. Primary School, Jaipur Zone 5", "city": "Jaipur", "state": "Rajasthan", "lat": 26.92372, "lon": 75.87946, "capacity": 874, "contact": "jai-sch-005@example.org", "data_source": "synthetic_demo"}}, {"type": "Feature", "geometry": {"type": "Point", "coordinates": [75.75287, 26.85131]}, "properties": {"id": "JAI-SCH-006", "kind": "school", "name": "Govt. Primary School, Jaipur Zone 6", "city": "Jaipur", "state": "Rajasthan", "lat": 26.85131, "lon": 75.75287, "capacity": 2732, "contact": "jai-sch-006@example.org", "data_source": "synthetic_demo"}}, {"type": "Feature", "geometry": {"type": "Point", "coordinates": [75.79724, 27.00541]}, "properties": {"id": "JAI-SCH-007", "kind": "school", "name": "Public School, Jaipur Zone 7", "city": "Jaipur", "state": "Rajasthan", "lat": 27.00541, "lon": 75.79724, "capacity": 2141, "contact": "jai-sch-007@example.org", "data_source": "synthetic_demo"}}, {"type": "Feature", "geometry": {"type": "Point", "coordinates": [75.64554, 26.9453]}, "properties": {"id": "JAI-SCH-008", "kind": "school", "name": "Govt. High School, Jaipur Zone 8", "city": "Jaipur", "state": "Rajasthan", "lat": 26.9453, "lon": 75.64554, "capacity": 1178, "contact": "jai-sch-008@example.org", "data_source": "synthetic_demo"}}, {"type": "Feature", "geometry": {"type": "Point", "coordinates": [75.82863, 26.99568]}, "properties": {"id": "JAI-SCH-009", "kind": "school", "name": "Govt. High School, Jaipur Zone 1", "city": "Jaipur", "state": "Rajasthan", "lat": 26.99568, "lon": 75.82863, "capacity": 1820, "contact": "jai-sch-009@example.org", "data_source": "synthetic_demo"}}, {"type": "Feature", "geometry": {"type": "Point", "coordinates": [75.70109, 26.98759]}, "properties": {"id": "JAI-SCH-010", "kind": "school", "name": "Govt. High School, Jaipur Zone 2", "city": "Jaipur", "state": "Rajasthan", "lat": 26.98759, "lon": 75.70109, "capacity": 2465, "contact": "jai-sch-010@example.org", "data_source": "synthetic_demo"}}, {"type": "Feature", "geometry": {"type": "Point", "coordinates": [75.5915, 26.99529]}, "properties": {"id": "JAI-SCH-011", "kind": "school", "name": "Degree College, Jaipur Zone 3", "city": "Jaipur", "state": "Rajasthan", "lat": 26.99529, "lon": 75.5915, "capacity": 2458, "contact": "jai-sch-011@example.org", "data_source": "synthetic_demo"}}, {"type": "Feature", "geometry": {"type": "Point", "coordinates": [75.75955, 26.79938]}, "properties": {"id": "JAI-SCH-012", "kind": "school", "name": "PU College, Jaipur Zone 4", "city": "Jaipur", "state": "Rajasthan", "lat": 26.79938, "lon": 75.75955, "capacity": 2190, "contact": "jai-sch-012@example.org", "data_source": "synthetic_demo"}}, {"type": "Feature", "geometry": {"type": "Point", "coordinates": [75.68244, 26.88324]}, "properties": {"id": "JAI-SCH-013", "kind": "school", "name": "Degree College, Jaipur Zone 5", "city": "Jaipur", "state": "Rajasthan", "lat": 26.88324, "lon": 75.68244, "capacity": 1660, "contact": "jai-sch-013@example.org", "data_source": "synthetic_demo"}}, {"type": "Feature", "geometry": {"type": "Point", "coordinates": [75.57896, 26.97321]}, "properties": {"id": "JAI-SCH-014", "kind": "school", "name": "PU College, Jaipur Zone 6", "city": "Jaipur", "state": "Rajasthan", "lat": 26.97321, "lon": 75.57896, "capacity": 1429, "contact": "jai-sch-014@example.org", "data_source": "synthetic_demo"}}, {"type": "Feature", "geometry": {"type": "Point", "coordinates": [75.69062, 26.9672]}, "properties": {"id": "JAI-SCH-015", "kind": "school", "name": "Engineering College, Jaipur Zone 7", "city": "Jaipur", "state": "Rajasthan", "lat": 26.9672, "lon": 75.69062, "capacity": 247, "contact": "jai-sch-015@example.org", "data_source": "synthetic_demo"}}, {"type": "Feature", "geometry": {"type": "Point", "coordinates": [75.648, 27.06153]}, "properties": {"id": "JAI-SCH-016", "kind": "school", "name": "PU College, Jaipur Zone 8", "city": "Jaipur", "state": "Rajasthan", "lat": 27.06153, "lon": 75.648, "capacity": 1018, "contact": "jai-sch-016@example.org", "data_source": "synthetic_demo"}}, {"type": "Feature", "geometry": {"type": "Point", "coordinates": [75.80972, 26.92856]}, "properties": {"id": "JAI-SCH-017", "kind": "school", "name": "Engineering College, Jaipur Zone 1", "city": "Jaipur", "state": "Rajasthan", "lat": 26.92856, "lon": 75.80972, "capacity": 2262, "contact": "jai-sch-017@example.org", "data_source": "synthetic_demo"}}, {"type": "Feature", "geometry": {"type": "Point", "coordinates": [75.74599, 26.9939]}, "properties": {"id": "JAI-SCH-018", "kind": "school", "name": "Degree College, Jaipur Zone 2", "city": "Jaipur", "state": "Rajasthan", "lat": 26.9939, "lon": 75.74599, "capacity": 2536, "contact": "jai-sch-018@example.org", "data_source": "synthetic_demo"}}, {"type": "Feature", "geometry": {"type": "Point", "coordinates": [75.88904, 26.85071]}, "properties": {"id": "JAI-SCH-019", "kind": "school", "name": "Public School, Jaipur Zone 3", "city": "Jaipur", "state": "Rajasthan", "lat": 26.85071, "lon": 75.88904, "capacity": 2389, "contact": "jai-sch-019@example.org", "data_source": "synthetic_demo"}}, {"type": "Feature", "geometry": {"type": "Point", "coordinates": [75.9592, 26.93803]}, "properties": {"id": "JAI-SCH-020", "kind": "school", "name": "Govt. Primary School, Jaipur Zone 4", "city": "Jaipur", "state": "Rajasthan", "lat": 26.93803, "lon": 75.9592, "capacity": 1276, "contact": "jai-sch-020@example.org", "data_source": "synthetic_demo"}}, {"type": "Feature", "geometry": {"type": "Point", "coordinates": [75.99058, 26.94161]}, "properties": {"id": "JAI-SCH-021", "kind": "school", "name": "Govt. Primary School, Jaipur Zone 5", "city": "Jaipur", "state": "Rajasthan", "lat": 26.94161, "lon": 75.99058, "capacity": 1896, "contact": "jai-sch-021@example.org", "data_source": "synthetic_demo"}}, {"type": "Feature", "geometry": {"type": "Point", "coordinates": [75.85391, 26.81686]}, "properties": {"id": "JAI-SCH-022", "kind": "school", "name": "Public School, Jaipur Zone 6", "city": "Jaipur", "state": "Rajasthan", "lat": 26.81686, "lon": 75.85391, "capacity": 2976, "contact": "jai-sch-022@example.org", "data_source": "synthetic_demo"}}, {"type": "Feature", "geometry": {"type": "Point", "coordinates": [75.89664, 26.86608]}, "properties": {"id": "JAI-SCH-023", "kind": "school", "name": "Govt. High School, Jaipur Zone 7", "city": "Jaipur", "state": "Rajasthan", "lat": 26.86608, "lon": 75.89664, "capacity": 2843, "contact": "jai-sch-023@example.org", "data_source": "synthetic_demo"}}, {"type": "Feature", "geometry": {"type": "Point", "coordinates": [75.8033, 26.91354]}, "properties": {"id": "JAI-SCH-024", "kind": "school", "name": "Degree College, Jaipur Zone 8", "city": "Jaipur", "state": "Rajasthan", "lat": 26.91354, "lon": 75.8033, "capacity": 2497, "contact": "jai-sch-024@example.org", "data_source": "synthetic_demo"}}, {"type": "Feature", "geometry": {"type": "Point", "coordinates": [75.83308, 26.76566]}, "properties": {"id": "JAI-HOS-001", "kind": "hospital", "name": "Primary Health Centre, Jaipur Zone 1", "city": "Jaipur", "state": "Rajasthan", "lat": 26.76566, "lon": 75.83308, "capacity": 665, "contact": "jai-hos-001@example.org", "data_source": "synthetic_demo"}}, {"type": "Feature", "geometry": {"type": "Point", "coordinates": [75.75475, 26.89276]}, "properties": {"id": "JAI-HOS-002", "kind": "hospital", "name": "Multispeciality Hospital, Jaipur Zone 2", "city": "Jaipur", "state": "Rajasthan", "lat": 26.89276, "lon": 75.75475, "capacity": 661, "contact": "jai-hos-002@example.org", "data_source": "synthetic_demo"}}, {"type": "Feature", "geometry": {"type": "Point", "coordinates": [75.68833, 26.95469]}, "properties": {"id": "JAI-HOS-003", "kind": "hospital", "name": "Primary Health Centre, Jaipur Zone 3", "city": "Jaipur", "state": "Rajasthan", "lat": 26.95469, "lon": 75.68833, "capacity": 230, "contact": "jai-hos-003@example.org", "data_source": "synthetic_demo"}}, {"type": "Feature", "geometry": {"type": "Point", "coordinates": [75.7349, 26.81417]}, "properties": {"id": "JAI-HOS-004", "kind": "hospital", "name": "Community Health Centre, Jaipur Zone 4", "city": "Jaipur", "state": "Rajasthan", "lat": 26.81417, "lon": 75.7349, "capacity": 296, "contact": "jai-hos-004@example.org", "data_source": "synthetic_demo"}}, {"type": "Feature", "geometry": {"type": "Point", "coordinates": [75.81634, 26.84313]}, "properties": {"id": "JAI-HOS-005", "kind": "hospital", "name": "Community Health Centre, Jaipur Zone 5", "city": "Jaipur", "state": "Rajasthan", "lat": 26.84313, "lon": 75.81634, "capacity": 24, "contact": "jai-hos-005@example.org", "data_source": "synthetic_demo"}}, {"type": "Feature", "geometry": {"type": "Point", "coordinates": [75.87289, 26.98661]}, "properties": {"id": "JAI-HOS-006", "kind": "hospital", "name": "Community Health Centre, Jaipur Zone 6", "city": "Jaipur", "state": "Rajasthan", "lat": 26.98661, "lon": 75.87289, "capacity": 104, "contact": "jai-hos-006@example.org", "data_source": "synthetic_demo"}}, {"type": "Feature", "geometry": {"type": "Point", "coordinates": [75.76342, 26.83442]}, "properties": {"id": "JAI-HOS-007", "kind": "hospital", "name": "Multispeciality Hospital, Jaipur Zone 7", "city": "Jaipur", "state": "Rajasthan", "lat": 26.83442, "lon": 75.76342, "capacity": 463, "contact": "jai-hos-007@example.org", "data_source": "synthetic_demo"}}, {"type": "Feature", "geometry": {"type": "Point", "coordinates": [75.81225, 26.99317]}, "properties": {"id": "JAI-HOS-008", "kind": "hospital", "name": "Primary Health Centre, Jaipur Zone 8", "city": "Jaipur", "state": "Rajasthan", "lat": 26.99317, "lon": 75.81225, "capacity": 607, "contact": "jai-hos-008@example.org", "data_source": "synthetic_demo"}}, {"type": "Feature", "geometry": {"type": "Point", "coordinates": [75.88366, 26.97323]}, "properties": {"id": "JAI-HOS-009", "kind": "hospital", "name": "Multispeciality Hospital, Jaipur Zone 1", "city": "Jaipur", "state": "Rajasthan", "lat": 26.97323, "lon": 75.88366, "capacity": 349, "contact": "jai-hos-009@example.org", "data_source": "synthetic_demo"}}, {"type": "Feature", "geometry": {"type": "Point", "coordinates": [75.82788, 26.94098]}, "properties": {"id": "JAI-HOS-010", "kind": "hospital", "name": "Multispeciality Hospital, Jaipur Zone 2", "city": "Jaipur", "state": "Rajasthan", "lat": 26.94098, "lon": 75.82788, "capacity": 228, "contact": "jai-hos-010@example.org", "data_source": "synthetic_demo"}}, {"type": "Feature", "geometry": {"type": "Point", "coordinates": [75.80551, 26.98356]}, "properties": {"id": "JAI-HOS-011", "kind": "hospital", "name": "District Hospital, Jaipur Zone 3", "city": "Jaipur", "state": "Rajasthan", "lat": 26.98356, "lon": 75.80551, "capacity": 87, "contact": "jai-hos-011@example.org", "data_source": "synthetic_demo"}}, {"type": "Feature", "geometry": {"type": "Point", "coordinates": [75.92718, 26.90476]}, "properties": {"id": "JAI-HOS-012", "kind": "hospital", "name": "Community Health Centre, Jaipur Zone 4", "city": "Jaipur", "state": "Rajasthan", "lat": 26.90476, "lon": 75.92718, "capacity": 656, "contact": "jai-hos-012@example.org", "data_source": "synthetic_demo"}}, {"type": "Feature", "geometry": {"type": "Point", "coordinates": [75.77821, 26.89024]}, "properties": {"id": "JAI-RES-001", "kind": "rescue_team", "name": "SDRF Unit, Jaipur Zone 1", "city": "Jaipur", "state": "Rajasthan", "lat": 26.89024, "lon": 75.77821, "capacity": 19, "contact": "jai-res-001@example.org", "data_source": "synthetic_demo"}}, {"type": "Feature", "geometry": {"type": "Point", "coordinates": [75.75614, 26.79767]}, "properties": {"id": "JAI-RES-002", "kind": "rescue_team", "name": "Fire & Emergency Station, Jaipur Zone 2", "city": "Jaipur", "state": "Rajasthan", "lat": 26.79767, "lon": 75.75614, "capacity": 56, "contact": "jai-res-002@example.org", "data_source": "synthetic_demo"}}, {"type": "Feature", "geometry": {"type": "Point", "coordinates": [75.75534, 27.106]}, "properties": {"id": "JAI-RES-003", "kind": "rescue_team", "name": "NDRF Team, Jaipur Zone 3", "city": "Jaipur", "state": "Rajasthan", "lat": 27.106, "lon": 75.75534, "capacity": 32, "contact": "jai-res-003@example.org", "data_source": "synthetic_demo"}}, {"type": "Feature", "geometry": {"type": "Point", "coordinates": [76.33635, 9.85832]}, "properties": {"id": "COK-SCH-001", "kind": "school", "name": "Govt. High School, Kochi Zone 1", "city": "Kochi", "state": "Kerala", "lat": 9.85832, "lon": 76.33635, "capacity": 2734, "contact": "cok-sch-001@example.org", "data_source": "synthetic_demo"}}, {"type": "Feature", "geometry": {"type": "Point", "coordinates": [76.3169, 10.06229]}, "properties": {"id": "COK-SCH-002", "kind": "school", "name": "Degree College, Kochi Zone 2", "city": "Kochi", "state": "Kerala", "lat": 10.06229, "lon": 76.3169, "capacity": 2786, "contact": "cok-sch-002@example.org", "data_source": "synthetic_demo"}}, {"type": "Feature", "geometry": {"type": "Point", "coordinates": [76.31188, 9.95322]}, "properties": {"id": "COK-SCH-003", "kind": "school", "name": "Govt. High School, Kochi Zone 3", "city": "Kochi", "state": "Kerala", "lat": 9.95322, "lon": 76.31188, "capacity": 1498, "contact": "cok-sch-003@example.org", "data_source": "synthetic_demo"}}, {"type": "Feature", "geometry": {"type": "Point", "coordinates": [76.26586, 9.91203]}, "properties": {"id": "COK-SCH-004", "kind": "school", "name": "Engineering College, Kochi Zone 4", "city": "Kochi", "state": "Kerala", "lat": 9.91203, "lon": 76.26586, "capacity": 1508, "contact": "cok-sch-004@example.org", "data_source": "synthetic_demo"}}, {"type": "Feature", "geometry": {"type": "Point", "coordinates": [76.31152, 9.97051]}, "properties": {"id": "COK-SCH-005", "kind": "school", "name": "PU College, Kochi Zone 5", "city": "Kochi", "state": "Kerala", "lat": 9.97051, "lon": 76.31152, "capacity": 1015, "contact": "cok-sch-005@example.org", "data_source": "synthetic_demo"}}, {"type": "Feature", "geometry": {"type": "Point", "coordinates": [76.16842, 10.03888]}, "properties": {"id": "COK-SCH-006", "kind": "school", "name": "Engineering College, Kochi Zone 6", "city": "Kochi", "state": "Kerala", "lat": 10.03888, "lon": 76.16842, "capacity": 956, "contact": "cok-sch-006@example.org", "data_source": "synthetic_demo"}}, {"type": "Feature", "geometry": {"type": "Point", "coordinates": [76.3424, 10.03382]}, "properties": {"id": "COK-SCH-007", "kind": "school", "name": "Govt. Primary School, Kochi Zone 7", "city": "Kochi", "state": "Kerala", "lat": 10.03382, "lon": 76.3424, "capacity": 1048, "contact": "cok-sch-007@example.org", "data_source": "synthetic_demo"}}, {"type": "Feature", "geometry": {"type": "Point", "coordinates": [76.32729, 9.91365]}, "properties": {"id": "COK-SCH-008", "kind": "school", "name": "PU College, Kochi Zone 8", "city": "Kochi", "state": "Kerala", "lat": 9.91365, "lon": 76.32729, "capacity": 2664, "contact": "cok-sch-008@example.org", "data_source": "synthetic_demo"}}, {"type": "Feature", "geometry": {"type": "Point", "coordinates": [76.26098, 9.9311]}, "properties": {"id": "COK-SCH-009", "kind": "school", "name": "Govt. High School, Kochi Zone 1", "city": "Kochi", "state": "Kerala", "lat": 9.9311, "lon": 76.26098, "capacity": 2287, "contact": "cok-sch-009@example.org", "data_source": "synthetic_demo"}}, {"type": "Feature", "geometry": {"type": "Point", "coordinates": [76.27645, 9.92001]}, "properties": {"id": "COK-SCH-010", "kind": "school", "name": "PU College, Kochi Zone 2", "city": "Kochi", "state": "Kerala", "lat": 9.92001, "lon": 76.27645, "capacity": 2372, "contact": "cok-sch-010@example.org", "data_source": "synthetic_demo"}}, {"type": "Feature", "geometry": {"type": "Point", "coordinates": [76.29251, 9.86609]}, "properties": {"id": "COK-SCH-011", "kind": "school", "name": "Govt. High School, Kochi Zone 3", "city": "Kochi", "state": "Kerala", "lat": 9.86609, "lon": 76.29251, "capacity": 2765, "contact": "cok-sch-011@example.org", "data_source": "synthetic_demo"}}, {"type": "Feature", "geometry": {"type": "Point", "coordinates": [76.26344, 9.89003]}, "properties": {"id": "COK-SCH-012", "kind": "school", "name": "Degree College, Kochi Zone 4", "city": "Kochi", "state": "Kerala", "lat": 9.89003, "lon": 76.26344, "capacity": 2339, "contact": "cok-sch-012@example.org", "data_source": "synthetic_demo"}}, {"type": "Feature", "geometry": {"type": "Point", "coordinates": [76.22218, 10.07701]}, "properties": {"id": "COK-SCH-013", "kind": "school", "name": "Public School, Kochi Zone 5", "city": "Kochi", "state": "Kerala", "lat": 10.07701, "lon": 76.22218, "capacity": 1591, "contact": "cok-sch-013@example.org", "data_source": "synthetic_demo"}}, {"type": "Feature", "geometry": {"type": "Point", "coordinates": [76.30054, 9.9273]}, "properties": {"id": "COK-SCH-014", "kind": "school", "name": "Govt. High School, Kochi Zone 6", "city": "Kochi", "state": "Kerala", "lat": 9.9273, "lon": 76.30054, "capacity": 2276, "contact": "cok-sch-014@example.org", "data_source": "synthetic_demo"}}, {"type": "Feature", "geometry": {"type": "Point", "coordinates": [76.29116, 9.92488]}, "properties": {"id": "COK-SCH-015", "kind": "school", "name": "Govt. Primary School, Kochi Zone 7", "city": "Kochi", "state": "Kerala", "lat": 9.92488, "lon": 76.29116, "capacity": 2441, "contact": "cok-sch-015@example.org", "data_source": "synthetic_demo"}}, {"type": "Feature", "geometry": {"type": "Point", "coordinates": [76.2899, 10.03382]}, "properties": {"id": "COK-SCH-016", "kind": "school", "name": "Engineering College, Kochi Zone 8", "city": "Kochi", "state": "Kerala", "lat": 10.03382, "lon": 76.2899, "capacity": 1605, "contact": "cok-sch-016@example.org", "data_source": "synthetic_demo"}}, {"type": "Feature", "geometry": {"type": "Point", "coordinates": [76.42238, 9.86702]}, "properties": {"id": "COK-SCH-017", "kind": "school", "name": "Degree College, Kochi Zone 1", "city": "Kochi", "state": "Kerala", "lat": 9.86702, "lon": 76.42238, "capacity": 693, "contact": "cok-sch-017@example.org", "data_source": "synthetic_demo"}}, {"type": "Feature", "geometry": {"type": "Point", "coordinates": [76.20152, 10.04873]}, "properties": {"id": "COK-HOS-001", "kind": "hospital", "name": "District Hospital, Kochi Zone 1", "city": "Kochi", "state": "Kerala", "lat": 10.04873, "lon": 76.20152, "capacity": 146, "contact": "cok-hos-001@example.org", "data_source": "synthetic_demo"}}, {"type": "Feature", "geometry": {"type": "Point", "coordinates": [76.26348, 9.99098]}, "properties": {"id": "COK-HOS-002", "kind": "hospital", "name": "Multispeciality Hospital, Kochi Zone 2", "city": "Kochi", "state": "Kerala", "lat": 9.99098, "lon": 76.26348, "capacity": 386, "contact": "cok-hos-002@example.org", "data_source": "synthetic_demo"}}, {"type": "Feature", "geometry": {"type": "Point", "coordinates": [76.19429, 9.90881]}, "properties": {"id": "COK-HOS-003", "kind": "hospital", "name": "Primary Health Centre, Kochi Zone 3", "city": "Kochi", "state": "Kerala", "lat": 9.90881, "lon": 76.19429, "capacity": 780, "contact": "cok-hos-003@example.org", "data_source": "synthetic_demo"}}, {"type": "Feature", "geometry": {"type": "Point", "coordinates": [76.27632, 9.92464]}, "properties": {"id": "COK-HOS-004", "kind": "hospital", "name": "Primary Health Centre, Kochi Zone 4", "city": "Kochi", "state": "Kerala", "lat": 9.92464, "lon": 76.27632, "capacity": 720, "contact": "cok-hos-004@example.org", "data_source": "synthetic_demo"}}, {"type": "Feature", "geometry": {"type": "Point", "coordinates": [76.22236, 9.90624]}, "properties": {"id": "COK-HOS-005", "kind": "hospital", "name": "Primary Health Centre, Kochi Zone 5", "city": "Kochi", "state": "Kerala", "lat": 9.90624, "lon": 76.22236, "capacity": 241, "contact": "cok-hos-005@example.org", "data_source": "synthetic_demo"}}, {"type": "Feature", "geometry": {"type": "Point", "coordinates": [76.30203, 10.02925]}, "properties": {"id": "COK-HOS-006", "kind": "hospital", "name": "Multispeciality Hospital, Kochi Zone 6", "city": "Kochi", "state": "Kerala", "lat": 10.02925, "lon": 76.30203, "capacity": 487, "contact": "cok-hos-006@example.org", "data_source": "synthetic_demo"}}, {"type": "Feature", "geometry": {"type": "Point", "coordinates": [76.25969, 9.90415]}, "properties": {"id": "COK-HOS-007", "kind": "hospital", "name": "Community Health Centre, Kochi Zone 7", "city": "Kochi", "state": "Kerala", "lat": 9.90415, "lon": 76.25969, "capacity": 263, "contact": "cok-hos-007@example.org", "data_source": "synthetic_demo"}}, {"type": "Feature", "geometry": {"type": "Point", "coordinates": [76.2048, 9.92173]}, "properties": {"id": "COK-HOS-008", "kind": "hospital", "name": "Multispeciality Hospital, Kochi Zone 8", "city": "Kochi", "state": "Kerala", "lat": 9.92173, "lon": 76.2048, "capacity": 205, "contact": "cok-hos-008@example.org", "data_source": "synthetic_demo"}}, {"type": "Feature", "geometry": {"type": "Point", "coordinates": [76.32448, 9.93923]}, "properties": {"id": "COK-RES-001", "kind": "rescue_team", "name": "Civil Defence Unit, Kochi Zone 1", "city": "Kochi", "state": "Kerala", "lat": 9.93923, "lon": 76.32448, "capacity": 57, "contact": "cok-res-001@example.org", "data_source": "synthetic_demo"}}, {"type": "Feature", "geometry": {"type": "Point", "coordinates": [76.29768, 9.91127]}, "properties": {"id": "COK-RES-002", "kind": "rescue_team", "name": "Fire & Emergency Station, Kochi Zone 2", "city": "Kochi", "state": "Kerala", "lat": 9.91127, "lon": 76.29768, "capacity": 40, "contact": "cok-res-002@example.org", "data_source": "synthetic_demo"}}, {"type": "Feature", "geometry": {"type": "Point", "coordinates": [76.3162, 9.95451]}, "properties": {"id": "COK-RES-003", "kind": "rescue_team", "name": "NDRF Team, Kochi Zone 3", "city": "Kochi", "state": "Kerala", "lat": 9.95451, "lon": 76.3162, "capacity": 32, "contact": "cok-res-003@example.org", "data_source": "synthetic_demo"}}, {"type": "Feature", "geometry": {"type": "Point", "coordinates": [76.69645, 12.36476]}, "properties": {"id": "MYS-SCH-001", "kind": "school", "name": "Public School, Mysuru Zone 1", "city": "Mysuru", "state": "Karnataka", "lat": 12.36476, "lon": 76.69645, "capacity": 541, "contact": "mys-sch-001@example.org", "data_source": "synthetic_demo"}}, {"type": "Feature", "geometry": {"type": "Point", "coordinates": [76.59416, 12.38337]}, "properties": {"id": "MYS-SCH-002", "kind": "school", "name": "Degree College, Mysuru Zone 2", "city": "Mysuru", "state": "Karnataka", "lat": 12.38337, "lon": 76.59416, "capacity": 1579, "contact": "mys-sch-002@example.org", "data_source": "synthetic_demo"}}, {"type": "Feature", "geometry": {"type": "Point", "coordinates": [76.59663, 12.22898]}, "properties": {"id": "MYS-SCH-003", "kind": "school", "name": "Public School, Mysuru Zone 3", "city": "Mysuru", "state": "Karnataka", "lat": 12.22898, "lon": 76.59663, "capacity": 1779, "contact": "mys-sch-003@example.org", "data_source": "synthetic_demo"}}, {"type": "Feature", "geometry": {"type": "Point", "coordinates": [76.61055, 12.20615]}, "properties": {"id": "MYS-SCH-004", "kind": "school", "name": "Public School, Mysuru Zone 4", "city": "Mysuru", "state": "Karnataka", "lat": 12.20615, "lon": 76.61055, "capacity": 1954, "contact": "mys-sch-004@example.org", "data_source": "synthetic_demo"}}, {"type": "Feature", "geometry": {"type": "Point", "coordinates": [76.56525, 12.2273]}, "properties": {"id": "MYS-SCH-005", "kind": "school", "name": "PU College, Mysuru Zone 5", "city": "Mysuru", "state": "Karnataka", "lat": 12.2273, "lon": 76.56525, "capacity": 762, "contact": "mys-sch-005@example.org", "data_source": "synthetic_demo"}}, {"type": "Feature", "geometry": {"type": "Point", "coordinates": [76.59983, 12.29176]}, "properties": {"id": "MYS-SCH-006", "kind": "school", "name": "Govt. Primary School, Mysuru Zone 6", "city": "Mysuru", "state": "Karnataka", "lat": 12.29176, "lon": 76.59983, "capacity": 2432, "contact": "mys-sch-006@example.org", "data_source": "synthetic_demo"}}, {"type": "Feature", "geometry": {"type": "Point", "coordinates": [76.6865, 12.27673]}, "properties": {"id": "MYS-SCH-007", "kind": "school", "name": "Public School, Mysuru Zone 7", "city": "Mysuru", "state": "Karnataka", "lat": 12.27673, "lon": 76.6865, "capacity": 1270, "contact": "mys-sch-007@example.org", "data_source": "synthetic_demo"}}, {"type": "Feature", "geometry": {"type": "Point", "coordinates": [76.59159, 12.39469]}, "properties": {"id": "MYS-SCH-008", "kind": "school", "name": "Public School, Mysuru Zone 8", "city": "Mysuru", "state": "Karnataka", "lat": 12.39469, "lon": 76.59159, "capacity": 1732, "contact": "mys-sch-008@example.org", "data_source": "synthetic_demo"}}, {"type": "Feature", "geometry": {"type": "Point", "coordinates": [76.5755, 12.29603]}, "properties": {"id": "MYS-SCH-009", "kind": "school", "name": "Govt. High School, Mysuru Zone 1", "city": "Mysuru", "state": "Karnataka", "lat": 12.29603, "lon": 76.5755, "capacity": 2088, "contact": "mys-sch-009@example.org", "data_source": "synthetic_demo"}}, {"type": "Feature", "geometry": {"type": "Point", "coordinates": [76.66717, 12.39932]}, "properties": {"id": "MYS-SCH-010", "kind": "school", "name": "Engineering College, Mysuru Zone 2", "city": "Mysuru", "state": "Karnataka", "lat": 12.39932, "lon": 76.66717, "capacity": 1198, "contact": "mys-sch-010@example.org", "data_source": "synthetic_demo"}}, {"type": "Feature", "geometry": {"type": "Point", "coordinates": [76.60816, 12.29075]}, "properties": {"id": "MYS-SCH-011", "kind": "school", "name": "PU College, Mysuru Zone 3", "city": "Mysuru", "state": "Karnataka", "lat": 12.29075, "lon": 76.60816, "capacity": 1543, "contact": "mys-sch-011@example.org", "data_source": "synthetic_demo"}}, {"type": "Feature", "geometry": {"type": "Point", "coordinates": [76.65385, 12.30435]}, "properties": {"id": "MYS-SCH-012", "kind": "school", "name": "Public School, Mysuru Zone 4", "city": "Mysuru", "state": "Karnataka", "lat": 12.30435, "lon": 76.65385, "capacity": 542, "contact": "mys-sch-012@example.org", "data_source": "synthetic_demo"}}, {"type": "Feature", "geometry": {"type": "Point", "coordinates": [76.64442, 12.1905]}, "properties": {"id": "MYS-HOS-001", "kind": "hospital", "name": "Community Health Centre, Mysuru Zone 1", "city": "Mysuru", "state": "Karnataka", "lat": 12.1905, "lon": 76.64442, "capacity": 264, "contact": "mys-hos-001@example.org", "data_source": "synthetic_demo"}}, {"type": "Feature", "geometry": {"type": "Point", "coordinates": [76.64518, 12.23262]}, "properties": {"id": "MYS-HOS-002", "kind": "hospital", "name": "Community Health Centre, Mysuru Zone 2", "city": "Mysuru", "state": "Karnataka", "lat": 12.23262, "lon": 76.64518, "capacity": 182, "contact": "mys-hos-002@example.org", "data_source": "synthetic_demo"}}, {"type": "Feature", "geometry": {"type": "Point", "coordinates": [76.62057, 12.31299]}, "properties": {"id": "MYS-HOS-003", "kind": "hospital", "name": "District Hospital, Mysuru Zone 3", "city": "Mysuru", "state": "Karnataka", "lat": 12.31299, "lon": 76.62057, "capacity": 50, "contact": "mys-hos-003@example.org", "data_source": "synthetic_demo"}}, {"type": "Feature", "geometry": {"type": "Point", "coordinates": [76.59362, 12.33542]}, "properties": {"id": "MYS-HOS-004", "kind": "hospital", "name": "Multispeciality Hospital, Mysuru Zone 4", "city": "Mysuru", "state": "Karnataka", "lat": 12.33542, "lon": 76.59362, "capacity": 456, "contact": "mys-hos-004@example.org", "data_source": "synthetic_demo"}}, {"type": "Feature", "geometry": {"type": "Point", "coordinates": [76.61369, 12.2264]}, "properties": {"id": "MYS-HOS-005", "kind": "hospital", "name": "Primary Health Centre, Mysuru Zone 5", "city": "Mysuru", "state": "Karnataka", "lat": 12.2264, "lon": 76.61369, "capacity": 162, "contact": "mys-hos-005@example.org", "data_source": "synthetic_demo"}}, {"type": "Feature", "geometry": {"type": "Point", "coordinates": [76.67296, 12.21442]}, "properties": {"id": "MYS-HOS-006", "kind": "hospital", "name": "District Hospital, Mysuru Zone 6", "city": "Mysuru", "state": "Karnataka", "lat": 12.21442, "lon": 76.67296, "capacity": 22, "contact": "mys-hos-006@example.org", "data_source": "synthetic_demo"}}, {"type": "Feature", "geometry": {"type": "Point", "coordinates": [76.68559, 12.27209]}, "properties": {"id": "MYS-RES-001", "kind": "rescue_team", "name": "Fire & Emergency Station, Mysuru Zone 1", "city": "Mysuru", "state": "Karnataka", "lat": 12.27209, "lon": 76.68559, "capacity": 15, "contact": "mys-res-001@example.org", "data_source": "synthetic_demo"}}, {"type": "Feature", "geometry": {"type": "Point", "coordinates": [76.56753, 12.37819]}, "properties": {"id": "MYS-RES-002", "kind": "rescue_team", "name": "NDRF Team, Mysuru Zone 2", "city": "Mysuru", "state": "Karnataka", "lat": 12.37819, "lon": 76.56753, "capacity": 45, "contact": "mys-res-002@example.org", "data_source": "synthetic_demo"}}, {"type": "Feature", "geometry": {"type": "Point", "coordinates": [76.65456, 12.18544]}, "properties": {"id": "MYS-RES-003", "kind": "rescue_team", "name": "SDRF Unit, Mysuru Zone 3", "city": "Mysuru", "state": "Karnataka", "lat": 12.18544, "lon": 76.65456, "capacity": 24, "contact": "mys-res-003@example.org", "data_source": "synthetic_demo"}}, {"type": "Feature", "geometry": {"type": "Point", "coordinates": [73.94831, 18.67275]}, "properties": {"id": "PNQ-SCH-001", "kind": "school", "name": "PU College, Pune Zone 1", "city": "Pune", "state": "Maharashtra", "lat": 18.67275, "lon": 73.94831, "capacity": 2007, "contact": "pnq-sch-001@example.org", "data_source": "synthetic_demo"}}, {"type": "Feature", "geometry": {"type": "Point", "coordinates": [73.97369, 18.46635]}, "properties": {"id": "PNQ-SCH-002", "kind": "school", "name": "Govt. High School, Pune Zone 2", "city": "Pune", "state": "Maharashtra", "lat": 18.46635, "lon": 73.97369, "capacity": 2345, "contact": "pnq-sch-002@example.org", "data_source": "synthetic_demo"}}, {"type": "Feature", "geometry": {"type": "Point", "coordinates": [73.85681, 18.55803]}, "properties": {"id": "PNQ-SCH-003", "kind": "school", "name": "Public School, Pune Zone 3", "city": "Pune", "state": "Maharashtra", "lat": 18.55803, "lon": 73.85681, "capacity": 2255, "contact": "pnq-sch-003@example.org", "data_source": "synthetic_demo"}}, {"type": "Feature", "geometry": {"type": "Point", "coordinates": [73.94493, 18.63802]}, "properties": {"id": "PNQ-SCH-004", "kind": "school", "name": "Govt. High School, Pune Zone 4", "city": "Pune", "state": "Maharashtra", "lat": 18.63802, "lon": 73.94493, "capacity": 2155, "contact": "pnq-sch-004@example.org", "data_source": "synthetic_demo"}}, {"type": "Feature", "geometry": {"type": "Point", "coordinates": [73.72958, 18.55158]}, "properties": {"id": "PNQ-SCH-005", "kind": "school", "name": "Public School, Pune Zone 5", "city": "Pune", "state": "Maharashtra", "lat": 18.55158, "lon": 73.72958, "capacity": 1454, "contact": "pnq-sch-005@example.org", "data_source": "synthetic_demo"}}, {"type": "Feature", "geometry": {"type": "Point", "coordinates": [73.63434, 18.59231]}, "properties": {"id": "PNQ-SCH-006", "kind": "school", "name": "Engineering College, Pune Zone 6", "city": "Pune", "state": "Maharashtra", "lat": 18.59231, "lon": 73.63434, "capacity": 2026, "contact": "pnq-sch-006@example.org", "data_source": "synthetic_demo"}}, {"type": "Feature", "geometry": {"type": "Point", "coordinates": [73.812, 18.70835]}, "properties": {"id": "PNQ-SCH-007", "kind": "school", "name": "Degree College, Pune Zone 7", "city": "Pune", "state": "Maharashtra", "lat": 18.70835, "lon": 73.812, "capacity": 1291, "contact": "pnq-sch-007@example.org", "data_source": "synthetic_demo"}}, {"type": "Feature", "geometry": {"type": "Point", "coordinates": [73.78604, 18.5294]}, "properties": {"id": "PNQ-SCH-008", "kind": "school", "name": "Govt. High School, Pune Zone 8", "city": "Pune", "state": "Maharashtra", "lat": 18.5294, "lon": 73.78604, "capacity": 1825, "contact": "pnq-sch-008@example.org", "data_source": "synthetic_demo"}}, {"type": "Feature", "geometry": {"type": "Point", "coordinates": [73.78526, 18.55476]}, "properties": {"id": "PNQ-SCH-009", "kind": "school", "name": "Govt. High School, Pune Zone 1", "city": "Pune", "state": "Maharashtra", "lat": 18.55476, "lon": 73.78526, "capacity": 2744, "contact": "pnq-sch-009@example.org", "data_source": "synthetic_demo"}}, {"type": "Feature", "geometry": {"type": "Point", "coordinates": [73.8144, 18.66882]}, "properties": {"id": "PNQ-SCH-010", "kind": "school", "name": "Govt. Primary School, Pune Zone 2", "city": "Pune", "state": "Maharashtra", "lat": 18.66882, "lon": 73.8144, "capacity": 2232, "contact": "pnq-sch-010@example.org", "data_source": "synthetic_demo"}}, {"type": "Feature", "geometry": {"type": "Point", "coordinates": [73.932, 18.56743]}, "properties": {"id": "PNQ-SCH-011", "kind": "school", "name": "Public School, Pune Zone 3", "city": "Pune", "state": "Maharashtra", "lat": 18.56743, "lon": 73.932, "capacity": 1008, "contact": "pnq-sch-011@example.org", "data_source": "synthetic_demo"}}, {"type": "Feature", "geometry": {"type": "Point", "coordinates": [73.99331, 18.51866]}, "properties": {"id": "PNQ-SCH-012", "kind": "school", "name": "Degree College, Pune Zone 4", "city": "Pune", "state": "Maharashtra", "lat": 18.51866, "lon": 73.99331, "capacity": 499, "contact": "pnq-sch-012@example.org", "data_source": "synthetic_demo"}}, {"type": "Feature", "geometry": {"type": "Point", "coordinates": [73.76747, 18.49772]}, "properties": {"id": "PNQ-SCH-013", "kind": "school", "name": "Govt. High School, Pune Zone 5", "city": "Pune", "state": "Maharashtra", "lat": 18.49772, "lon": 73.76747, "capacity": 2565, "contact": "pnq-sch-013@example.org", "data_source": "synthetic_demo"}}, {"type": "Feature", "geometry": {"type": "Point", "coordinates": [73.82446, 18.56651]}, "properties": {"id": "PNQ-SCH-014", "kind": "school", "name": "Public School, Pune Zone 6", "city": "Pune", "state": "Maharashtra", "lat": 18.56651, "lon": 73.82446, "capacity": 2288, "contact": "pnq-sch-014@example.org", "data_source": "synthetic_demo"}}, {"type": "Feature", "geometry": {"type": "Point", "coordinates": [73.79449, 18.52087]}, "properties": {"id": "PNQ-SCH-015", "kind": "school", "name": "Public School, Pune Zone 7", "city": "Pune", "state": "Maharashtra", "lat": 18.52087, "lon": 73.79449, "capacity": 1670, "contact": "pnq-sch-015@example.org", "data_source": "synthetic_demo"}}, {"type": "Feature", "geometry": {"type": "Point", "coordinates": [73.78743, 18.41463]}, "properties": {"id": "PNQ-SCH-016", "kind": "school", "name": "Govt. Primary School, Pune Zone 8", "city": "Pune", "state": "Maharashtra", "lat": 18.41463, "lon": 73.78743, "capacity": 1610, "contact": "pnq-sch-016@example.org", "data_source": "synthetic_demo"}}, {"type": "Feature", "geometry": {"type": "Point", "coordinates": [73.69425, 18.53023]}, "properties": {"id": "PNQ-SCH-017", "kind": "school", "name": "Govt. Primary School, Pune Zone 1", "city": "Pune", "state": "Maharashtra", "lat": 18.53023, "lon": 73.69425, "capacity": 1605, "contact": "pnq-sch-017@example.org", "data_source": "synthetic_demo"}}, {"type": "Feature", "geometry": {"type": "Point", "coordinates": [73.79501, 18.4305]}, "properties": {"id": "PNQ-SCH-018", "kind": "school", "name": "PU College, Pune Zone 2", "city": "Pune", "state": "Maharashtra", "lat": 18.4305, "lon": 73.79501, "capacity": 2582, "contact": "pnq-sch-018@example.org", "data_source": "synthetic_demo"}}, {"type": "Feature", "geometry": {"type": "Point", "coordinates": [74.03221, 18.40105]}, "properties": {"id": "PNQ-SCH-019", "kind": "school", "name": "Govt. High School, Pune Zone 3", "city": "Pune", "state": "Maharashtra", "lat": 18.40105, "lon": 74.03221, "capacity": 1818, "contact": "pnq-sch-019@example.org", "data_source": "synthetic_demo"}}, {"type": "Feature", "geometry": {"type": "Point", "coordinates": [73.91299, 18.48803]}, "properties": {"id": "PNQ-SCH-020", "kind": "school", "name": "Govt. High School, Pune Zone 4", "city": "Pune", "state": "Maharashtra", "lat": 18.48803, "lon": 73.91299, "capacity": 2258, "contact": "pnq-sch-020@example.org", "data_source": "synthetic_demo"}}, {"type": "Feature", "geometry": {"type": "Point", "coordinates": [73.95448, 18.67422]}, "properties": {"id": "PNQ-SCH-021", "kind": "school", "name": "Govt. Primary School, Pune Zone 5", "city": "Pune", "state": "Maharashtra", "lat": 18.67422, "lon": 73.95448, "capacity": 1515, "contact": "pnq-sch-021@example.org", "data_source": "synthetic_demo"}}, {"type": "Feature", "geometry": {"type": "Point", "coordinates": [73.82868, 18.61392]}, "properties": {"id": "PNQ-SCH-022", "kind": "school", "name": "Degree College, Pune Zone 6", "city": "Pune", "state": "Maharashtra", "lat": 18.61392, "lon": 73.82868, "capacity": 270, "contact": "pnq-sch-022@example.org", "data_source": "synthetic_demo"}}, {"type": "Feature", "geometry": {"type": "Point", "coordinates": [74.04428, 18.4697]}, "properties": {"id": "PNQ-SCH-023", "kind": "school", "name": "Govt. Primary School, Pune Zone 7", "city": "Pune", "state": "Maharashtra", "lat": 18.4697, "lon": 74.04428, "capacity": 2600, "contact": "pnq-sch-023@example.org", "data_source": "synthetic_demo"}}, {"type": "Feature", "geometry": {"type": "Point", "coordinates": [73.73938, 18.70679]}, "properties": {"id": "PNQ-SCH-024", "kind": "school", "name": "Degree College, Pune Zone 8", "city": "Pune", "state": "Maharashtra", "lat": 18.70679, "lon": 73.73938, "capacity": 1502, "contact": "pnq-sch-024@example.org", "data_source": "synthetic_demo"}}, {"type": "Feature", "geometry": {"type": "Point", "coordinates": [73.64961, 18.50922]}, "properties": {"id": "PNQ-SCH-025", "kind": "school", "name": "Govt. High School, Pune Zone 1", "city": "Pune", "state": "Maharashtra", "lat": 18.50922, "lon": 73.64961, "capacity": 1969, "contact": "pnq-sch-025@example.org", "data_source": "synthetic_demo"}}, {"type": "Feature", "geometry": {"type": "Point", "coordinates": [74.03636, 18.49027]}, "properties": {"id": "PNQ-SCH-026", "kind": "school", "name": "Engineering College, Pune Zone 2", "city": "Pune", "state": "Maharashtra", "lat": 18.49027, "lon": 74.03636, "capacity": 1954, "contact": "pnq-sch-026@example.org", "data_source": "synthetic_demo"}}, {"type": "Feature", "geometry": {"type": "Point", "coordinates": [73.91236, 18.66147]}, "properties": {"id": "PNQ-SCH-027", "kind": "school", "name": "Engineering College, Pune Zone 3", "city": "Pune", "state": "Maharashtra", "lat": 18.66147, "lon": 73.91236, "capacity": 923, "contact": "pnq-sch-027@example.org", "data_source": "synthetic_demo"}}, {"type": "Feature", "geometry": {"type": "Point", "coordinates": [73.95419, 18.56647]}, "properties": {"id": "PNQ-SCH-028", "kind": "school", "name": "Govt. High School, Pune Zone 4", "city": "Pune", "state": "Maharashtra", "lat": 18.56647, "lon": 73.95419, "capacity": 1812, "contact": "pnq-sch-028@example.org", "data_source": "synthetic_demo"}}, {"type": "Feature", "geometry": {"type": "Point", "coordinates": [73.86397, 18.52295]}, "properties": {"id": "PNQ-SCH-029", "kind": "school", "name": "PU College, Pune Zone 5", "city": "Pune", "state": "Maharashtra", "lat": 18.52295, "lon": 73.86397, "capacity": 1249, "contact": "pnq-sch-029@example.org", "data_source": "synthetic_demo"}}, {"type": "Feature", "geometry": {"type": "Point", "coordinates": [73.75783, 18.43894]}, "properties": {"id": "PNQ-SCH-030", "kind": "school", "name": "Govt. High School, Pune Zone 6", "city": "Pune", "state": "Maharashtra", "lat": 18.43894, "lon": 73.75783, "capacity": 2211, "contact": "pnq-sch-030@example.org", "data_source": "synthetic_demo"}}, {"type": "Feature", "geometry": {"type": "Point", "coordinates": [73.72674, 18.62456]}, "properties": {"id": "PNQ-SCH-031", "kind": "school", "name": "Govt. Primary School, Pune Zone 7", "city": "Pune", "state": "Maharashtra", "lat": 18.62456, "lon": 73.72674, "capacity": 2552, "contact": "pnq-sch-031@example.org", "data_source": "synthetic_demo"}}, {"type": "Feature", "geometry": {"type": "Point", "coordinates": [73.84797, 18.45233]}, "properties": {"id": "PNQ-SCH-032", "kind": "school", "name": "Engineering College, Pune Zone 8", "city": "Pune", "state": "Maharashtra", "lat": 18.45233, "lon": 73.84797, "capacity": 2708, "contact": "pnq-sch-032@example.org", "data_source": "synthetic_demo"}}, {"type": "Feature", "geometry": {"type": "Point", "coordinates": [73.89611, 18.57914]}, "properties": {"id": "PNQ-HOS-001", "kind": "hospital", "name": "District Hospital, Pune Zone 1", "city": "Pune", "state": "Maharashtra", "lat": 18.57914, "lon": 73.89611, "capacity": 444, "contact": "pnq-hos-001@example.org", "data_source": "synthetic_demo"}}, {"type": "Feature", "geometry": {"type": "Point", "coordinates": [73.93941, 18.47633]}, "properties": {"id": "PNQ-HOS-002", "kind": "hospital", "name": "Primary Health Centre, Pune Zone 2", "city": "Pune", "state": "Maharashtra", "lat": 18.47633, "lon": 73.93941, "capacity": 131, "contact": "pnq-hos-002@example.org", "data_source": "synthetic_demo"}}, {"type": "Feature", "geometry": {"type": "Point", "coordinates": [73.72595, 18.58077]}, "properties": {"id": "PNQ-HOS-003", "kind": "hospital", "name": "Primary Health Centre, Pune Zone 3", "city": "Pune", "state": "Maharashtra", "lat": 18.58077, "lon": 73.72595, "capacity": 614, "contact": "pnq-hos-003@example.org", "data_source": "synthetic_demo"}}, {"type": "Feature", "geometry": {"type": "Point", "coordinates": [73.82205, 18.61222]}, "properties": {"id": "PNQ-HOS-004", "kind": "hospital", "name": "Community Health Centre, Pune Zone 4", "city": "Pune", "state": "Maharashtra", "lat": 18.61222, "lon": 73.82205, "capacity": 289, "contact": "pnq-hos-004@example.org", "data_source": "synthetic_demo"}}, {"type": "Feature", "geometry": {"type": "Point", "coordinates": [73.6219, 18.52355]}, "properties": {"id": "PNQ-HOS-005", "kind": "hospital", "name": "Community Health Centre, Pune Zone 5", "city": "Pune", "state": "Maharashtra", "lat": 18.52355, "lon": 73.6219, "capacity": 398, "contact": "pnq-hos-005@example.org", "data_source": "synthetic_demo"}}, {"type": "Feature", "geometry": {"type": "Point", "coordinates": [73.94563, 18.71716]}, "properties": {"id": "PNQ-HOS-006", "kind": "hospital", "name": "Primary Health Centre, Pune Zone 6", "city": "Pune", "state": "Maharashtra", "lat": 18.71716, "lon": 73.94563, "capacity": 88, "contact": "pnq-hos-006@example.org", "data_source": "synthetic_demo"}}, {"type": "Feature", "geometry": {"type": "Point", "coordinates": [73.86292, 18.50056]}, "properties": {"id": "PNQ-HOS-007", "kind": "hospital", "name": "District Hospital, Pune Zone 7", "city": "Pune", "state": "Maharashtra", "lat": 18.50056, "lon": 73.86292, "capacity": 727, "contact": "pnq-hos-007@example.org", "data_source": "synthetic_demo"}}, {"type": "Feature", "geometry": {"type": "Point", "coordinates": [73.91044, 18.62215]}, "properties": {"id": "PNQ-HOS-008", "kind": "hospital", "name": "Multispeciality Hospital, Pune Zone 8", "city": "Pune", "state": "Maharashtra", "lat": 18.62215, "lon": 73.91044, "capacity": 251, "contact": "pnq-hos-008@example.org", "data_source": "synthetic_demo"}}, {"type": "Feature", "geometry": {"type": "Point", "coordinates": [73.98773, 18.44676]}, "properties": {"id": "PNQ-HOS-009", "kind": "hospital", "name": "Community Health Centre, Pune Zone 1", "city": "Pune", "state": "Maharashtra", "lat": 18.44676, "lon": 73.98773, "capacity": 140, "contact": "pnq-hos-009@example.org", "data_source": "synthetic_demo"}}, {"type": "Feature", "geometry": {"type": "Point", "coordinates": [73.95329, 18.57678]}, "properties": {"id": "PNQ-HOS-010", "kind": "hospital", "name": "Primary Health Centre, Pune Zone 2", "city": "Pune", "state": "Maharashtra", "lat": 18.57678, "lon": 73.95329, "capacity": 567, "contact": "pnq-hos-010@example.org", "data_source": "synthetic_demo"}}, {"type": "Feature", "geometry": {"type": "Point", "coordinates": [73.79818, 18.48385]}, "properties": {"id": "PNQ-HOS-011", "kind": "hospital", "name": "Primary Health Centre, Pune Zone 3", "city": "Pune", "state": "Maharashtra", "lat": 18.48385, "lon": 73.79818, "capacity": 415, "contact": "pnq-hos-011@example.org", "data_source": "synthetic_demo"}}, {"type": "Feature", "geometry": {"type": "Point", "coordinates": [73.95232, 18.41828]}, "properties": {"id": "PNQ-HOS-012", "kind": "hospital", "name": "District Hospital, Pune Zone 4", "city": "Pune", "state": "Maharashtra", "lat": 18.41828, "lon": 73.95232, "capacity": 722, "contact": "pnq-hos-012@example.org", "data_source": "synthetic_demo"}}, {"type": "Feature", "geometry": {"type": "Point", "coordinates": [73.90755, 18.56453]}, "properties": {"id": "PNQ-HOS-013", "kind": "hospital", "name": "Multispeciality Hospital, Pune Zone 5", "city": "Pune", "state": "Maharashtra", "lat": 18.56453, "lon": 73.90755, "capacity": 234, "contact": "pnq-hos-013@example.org", "data_source": "synthetic_demo"}}, {"type": "Feature", "geometry": {"type": "Point", "coordinates": [73.98328, 18.55896]}, "properties": {"id": "PNQ-HOS-014", "kind": "hospital", "name": "Multispeciality Hospital, Pune Zone 6", "city": "Pune", "state": "Maharashtra", "lat": 18.55896, "lon": 73.98328, "capacity": 467, "contact": "pnq-hos-014@example.org", "data_source": "synthetic_demo"}}, {"type": "Feature", "geometry": {"type": "Point", "coordinates": [73.90368, 18.66215]}, "properties": {"id": "PNQ-HOS-015", "kind": "hospital", "name": "Primary Health Centre, Pune Zone 7", "city": "Pune", "state": "Maharashtra", "lat": 18.66215, "lon": 73.90368, "capacity": 96, "contact": "pnq-hos-015@example.org", "data_source": "synthetic_demo"}}, {"type": "Feature", "geometry": {"type": "Point", "coordinates": [73.96359, 18.49977]}, "properties": {"id": "PNQ-HOS-016", "kind": "hospital", "name": "Community Health Centre, Pune Zone 8", "city": "Pune", "state": "Maharashtra", "lat": 18.49977, "lon": 73.96359, "capacity": 36, "contact": "pnq-hos-016@example.org", "data_source": "synthetic_demo"}}, {"type": "Feature", "geometry": {"type": "Point", "coordinates": [73.75567, 18.33575]}, "properties": {"id": "PNQ-RES-001", "kind": "rescue_team", "name": "Civil Defence Unit, Pune Zone 1", "city": "Pune", "state": "Maharashtra", "lat": 18.33575, "lon": 73.75567, "capacity": 17, "contact": "pnq-res-001@example.org", "data_source": "synthetic_demo"}}, {"type": "Feature", "geometry": {"type": "Point", "coordinates": [73.78508, 18.56923]}, "properties": {"id": "PNQ-RES-002", "kind": "rescue_team", "name": "NDRF Team, Pune Zone 2", "city": "Pune", "state": "Maharashtra", "lat": 18.56923, "lon": 73.78508, "capacity": 59, "contact": "pnq-res-002@example.org", "data_source": "synthetic_demo"}}, {"type": "Feature", "geometry": {"type": "Point", "coordinates": [74.00589, 18.54727]}, "properties": {"id": "PNQ-RES-003", "kind": "rescue_team", "name": "NDRF Team, Pune Zone 3", "city": "Pune", "state": "Maharashtra", "lat": 18.54727, "lon": 74.00589, "capacity": 49, "contact": "pnq-res-003@example.org", "data_source": "synthetic_demo"}}, {"type": "Feature", "geometry": {"type": "Point", "coordinates": [73.78277, 18.44261]}, "properties": {"id": "PNQ-RES-004", "kind": "rescue_team", "name": "Civil Defence Unit, Pune Zone 4", "city": "Pune", "state": "Maharashtra", "lat": 18.44261, "lon": 73.78277, "capacity": 36, "contact": "pnq-res-004@example.org", "data_source": "synthetic_demo"}}, {"type": "Feature", "geometry": {"type": "Point", "coordinates": [80.89687, 26.84719]}, "properties": {"id": "LKO-SCH-001", "kind": "school", "name": "Engineering College, Lucknow Zone 1", "city": "Lucknow", "state": "Uttar Pradesh", "lat": 26.84719, "lon": 80.89687, "capacity": 1296, "contact": "lko-sch-001@example.org", "data_source": "synthetic_demo"}}, {"type": "Feature", "geometry": {"type": "Point", "coordinates": [80.81803, 26.82521]}, "properties": {"id": "LKO-SCH-002", "kind": "school", "name": "Degree College, Lucknow Zone 2", "city": "Lucknow", "state": "Uttar Pradesh", "lat": 26.82521, "lon": 80.81803, "capacity": 2961, "contact": "lko-sch-002@example.org", "data_source": "synthetic_demo"}}, {"type": "Feature", "geometry": {"type": "Point", "coordinates": [80.96069, 26.99745]}, "properties": {"id": "LKO-SCH-003", "kind": "school", "name": "Degree College, Lucknow Zone 3", "city": "Lucknow", "state": "Uttar Pradesh", "lat": 26.99745, "lon": 80.96069, "capacity": 1722, "contact": "lko-sch-003@example.org", "data_source": "synthetic_demo"}}, {"type": "Feature", "geometry": {"type": "Point", "coordinates": [80.91783, 26.71533]}, "properties": {"id": "LKO-SCH-004", "kind": "school", "name": "Degree College, Lucknow Zone 4", "city": "Lucknow", "state": "Uttar Pradesh", "lat": 26.71533, "lon": 80.91783, "capacity": 1187, "contact": "lko-sch-004@example.org", "data_source": "synthetic_demo"}}, {"type": "Feature", "geometry": {"type": "Point", "coordinates": [80.79336, 26.90539]}, "properties": {"id": "LKO-SCH-005", "kind": "school", "name": "Govt. High School, Lucknow Zone 5", "city": "Lucknow", "state": "Uttar Pradesh", "lat": 26.90539, "lon": 80.79336, "capacity": 339, "contact": "lko-sch-005@example.org", "data_source": "synthetic_demo"}}, {"type": "Feature", "geometry": {"type": "Point", "coordinates": [80.95187, 26.79641]}, "properties": {"id": "LKO-SCH-006", "kind": "school", "name": "Govt. High School, Lucknow Zone 6", "city": "Lucknow", "state": "Uttar Pradesh", "lat": 26.79641, "lon": 80.95187, "capacity": 222, "contact": "lko-sch-006@example.org", "data_source": "synthetic_demo"}}, {"type": "Feature", "geometry": {"type": "Point", "coordinates": [81.07321, 26.79132]}, "properties": {"id": "LKO-SCH-007", "kind": "school", "name": "Govt. Primary School, Lucknow Zone 7", "city": "Lucknow", "state": "Uttar Pradesh", "lat": 26.79132, "lon": 81.07321, "capacity": 1333, "contact": "lko-sch-007@example.org", "data_source": "synthetic_demo"}}, {"type": "Feature", "geometry": {"type": "Point", "coordinates": [80.87313, 26.91741]}, "properties": {"id": "LKO-SCH-008", "kind": "school", "name": "Govt. Primary School, Lucknow Zone 8", "city": "Lucknow", "state": "Uttar Pradesh", "lat": 26.91741, "lon": 80.87313, "capacity": 2070, "contact": "lko-sch-008@example.org", "data_source": "synthetic_demo"}}, {"type": "Feature", "geometry": {"type": "Point", "coordinates": [80.84354, 26.73451]}, "properties": {"id": "LKO-SCH-009", "kind": "school", "name": "PU College, Lucknow Zone 1", "city": "Lucknow", "state": "Uttar Pradesh", "lat": 26.73451, "lon": 80.84354, "capacity": 1576, "contact": "lko-sch-009@example.org", "data_source": "synthetic_demo"}}, {"type": "Feature", "geometry": {"type": "Point", "coordinates": [80.98887, 27.05441]}, "properties": {"id": "LKO-SCH-010", "kind": "school", "name": "Govt. High School, Lucknow Zone 2", "city": "Lucknow", "state": "Uttar Pradesh", "lat": 27.05441, "lon": 80.98887, "capacity": 1802, "contact": "lko-sch-010@example.org", "data_source": "synthetic_demo"}}, {"type": "Feature", "geometry": {"type": "Point", "coordinates": [81.03242, 26.867]}, "properties": {"id": "LKO-SCH-011", "kind": "school", "name": "Govt. High School, Lucknow Zone 3", "city": "Lucknow", "state": "Uttar Pradesh", "lat": 26.867, "lon": 81.03242, "capacity": 2842, "contact": "lko-sch-011@example.org", "data_source": "synthetic_demo"}}, {"type": "Feature", "geometry": {"type": "Point", "coordinates": [80.92113, 26.82787]}, "properties": {"id": "LKO-SCH-012", "kind": "school", "name": "Public School, Lucknow Zone 4", "city": "Lucknow", "state": "Uttar Pradesh", "lat": 26.82787, "lon": 80.92113, "capacity": 1008, "contact": "lko-sch-012@example.org", "data_source": "synthetic_demo"}}, {"type": "Feature", "geometry": {"type": "Point", "coordinates": [81.12114, 26.69259]}, "properties": {"id": "LKO-SCH-013", "kind": "school", "name": "Govt. Primary School, Lucknow Zone 5", "city": "Lucknow", "state": "Uttar Pradesh", "lat": 26.69259, "lon": 81.12114, "capacity": 1684, "contact": "lko-sch-013@example.org", "data_source": "synthetic_demo"}}, {"type": "Feature", "geometry": {"type": "Point", "coordinates": [80.97624, 26.79984]}, "properties": {"id": "LKO-SCH-014", "kind": "school", "name": "Public School, Lucknow Zone 6", "city": "Lucknow", "state": "Uttar Pradesh", "lat": 26.79984, "lon": 80.97624, "capacity": 2339, "contact": "lko-sch-014@example.org", "data_source": "synthetic_demo"}}, {"type": "Feature", "geometry": {"type": "Point", "coordinates": [81.02572, 26.85905]}, "properties": {"id": "LKO-SCH-015", "kind": "school", "name": "Engineering College, Lucknow Zone 7", "city": "Lucknow", "state": "Uttar Pradesh", "lat": 26.85905, "lon": 81.02572, "capacity": 736, "contact": "lko-sch-015@example.org", "data_source": "synthetic_demo"}}, {"type": "Feature", "geometry": {"type": "Point", "coordinates": [81.00899, 26.68241]}, "properties": {"id": "LKO-SCH-016", "kind": "school", "name": "Public School, Lucknow Zone 8", "city": "Lucknow", "state": "Uttar Pradesh", "lat": 26.68241, "lon": 81.00899, "capacity": 1142, "contact": "lko-sch-016@example.org", "data_source": "synthetic_demo"}}, {"type": "Feature", "geometry": {"type": "Point", "coordinates": [81.15265, 26.926]}, "properties": {"id": "LKO-SCH-017", "kind": "school", "name": "Degree College, Lucknow Zone 1", "city": "Lucknow", "state": "Uttar Pradesh", "lat": 26.926, "lon": 81.15265, "capacity": 2169, "contact": "lko-sch-017@example.org", "data_source": "synthetic_demo"}}, {"type": "Feature", "geometry": {"type": "Point", "coordinates": [80.81859, 26.83713]}, "properties": {"id": "LKO-SCH-018", "kind": "school", "name": "Govt. Primary School, Lucknow Zone 2", "city": "Lucknow", "state": "Uttar Pradesh", "lat": 26.83713, "lon": 80.81859, "capacity": 2061, "contact": "lko-sch-018@example.org", "data_source": "synthetic_demo"}}, {"type": "Feature", "geometry": {"type": "Point", "coordinates": [80.89299, 26.92488]}, "properties": {"id": "LKO-SCH-019", "kind": "school", "name": "Govt. Primary School, Lucknow Zone 3", "city": "Lucknow", "state": "Uttar Pradesh", "lat": 26.92488, "lon": 80.89299, "capacity": 435, "contact": "lko-sch-019@example.org", "data_source": "synthetic_demo"}}, {"type": "Feature", "geometry": {"type": "Point", "coordinates": [80.93441, 26.6924]}, "properties": {"id": "LKO-SCH-020", "kind": "school", "name": "Degree College, Lucknow Zone 4", "city": "Lucknow", "state": "Uttar Pradesh", "lat": 26.6924, "lon": 80.93441, "capacity": 935, "contact": "lko-sch-020@example.org", "data_source": "synthetic_demo"}}, {"type": "Feature", "geometry": {"type": "Point", "coordinates": [80.95436, 26.78972]}, "properties": {"id": "LKO-SCH-021", "kind": "school", "name": "Engineering College, Lucknow Zone 5", "city": "Lucknow", "state": "Uttar Pradesh", "lat": 26.78972, "lon": 80.95436, "capacity": 453, "contact": "lko-sch-021@example.org", "data_source": "synthetic_demo"}}, {"type": "Feature", "geometry": {"type": "Point", "coordinates": [81.11714, 26.74889]}, "properties": {"id": "LKO-SCH-022", "kind": "school", "name": "PU College, Lucknow Zone 6", "city": "Lucknow", "state": "Uttar Pradesh", "lat": 26.74889, "lon": 81.11714, "capacity": 2460, "contact": "lko-sch-022@example.org", "data_source": "synthetic_demo"}}, {"type": "Feature", "geometry": {"type": "Point", "coordinates": [80.87289, 26.94362]}, "properties": {"id": "LKO-SCH-023", "kind": "school", "name": "Govt. High School, Lucknow Zone 7", "city": "Lucknow", "state": "Uttar Pradesh", "lat": 26.94362, "lon": 80.87289, "capacity": 479, "contact": "lko-sch-023@example.org", "data_source": "synthetic_demo"}}, {"type": "Feature", "geometry": {"type": "Point", "coordinates": [80.97296, 26.79515]}, "properties": {"id": "LKO-HOS-001", "kind": "hospital", "name": "District Hospital, Lucknow Zone 1", "city": "Lucknow", "state": "Uttar Pradesh", "lat": 26.79515, "lon": 80.97296, "capacity": 203, "contact": "lko-hos-001@example.org", "data_source": "synthetic_demo"}}, {"type": "Feature", "geometry": {"type": "Point", "coordinates": [81.03197, 26.78123]}, "properties": {"id": "LKO-HOS-002", "kind": "hospital", "name": "Community Health Centre, Lucknow Zone 2", "city": "Lucknow", "state": "Uttar Pradesh", "lat": 26.78123, "lon": 81.03197, "capacity": 282, "contact": "lko-hos-002@example.org", "data_source": "synthetic_demo"}}, {"type": "Feature", "geometry": {"type": "Point", "coordinates": [81.0603, 26.85175]}, "properties": {"id": "LKO-HOS-003", "kind": "hospital", "name": "Multispeciality Hospital, Lucknow Zone 3", "city": "Lucknow", "state": "Uttar Pradesh", "lat": 26.85175, "lon": 81.0603, "capacity": 755, "contact": "lko-hos-003@example.org", "data_source": "synthetic_demo"}}, {"type": "Feature", "geometry": {"type": "Point", "coordinates": [81.00659, 26.95839]}, "properties": {"id": "LKO-HOS-004", "kind": "hospital", "name": "Primary Health Centre, Lucknow Zone 4", "city": "Lucknow", "state": "Uttar Pradesh", "lat": 26.95839, "lon": 81.00659, "capacity": 68, "contact": "lko-hos-004@example.org", "data_source": "synthetic_demo"}}, {"type": "Feature", "geometry": {"type": "Point", "coordinates": [81.04134, 26.81973]}, "properties": {"id": "LKO-HOS-005", "kind": "hospital", "name": "Primary Health Centre, Lucknow Zone 5", "city": "Lucknow", "state": "Uttar Pradesh", "lat": 26.81973, "lon": 81.04134, "capacity": 350, "contact": "lko-hos-005@example.org", "data_source": "synthetic_demo"}}, {"type": "Feature", "geometry": {"type": "Point", "coordinates": [80.95447, 26.8313]}, "properties": {"id": "LKO-HOS-006", "kind": "hospital", "name": "Community Health Centre, Lucknow Zone 6", "city": "Lucknow", "state": "Uttar Pradesh", "lat": 26.8313, "lon": 80.95447, "capacity": 194, "contact": "lko-hos-006@example.org", "data_source": "synthetic_demo"}}, {"type": "Feature", "geometry": {"type": "Point", "coordinates": [80.81754, 26.779]}, "properties": {"id": "LKO-HOS-007", "kind": "hospital", "name": "Community Health Centre, Lucknow Zone 7", "city": "Lucknow", "state": "Uttar Pradesh", "lat": 26.779, "lon": 80.81754, "capacity": 192, "contact": "lko-hos-007@example.org", "data_source": "synthetic_demo"}}, {"type": "Feature", "geometry": {"type": "Point", "coordinates": [81.10428, 26.89342]}, "properties": {"id": "LKO-HOS-008", "kind": "hospital", "name": "Multispeciality Hospital, Lucknow Zone 8", "city": "Lucknow", "state": "Uttar Pradesh", "lat": 26.89342, "lon": 81.10428, "capacity": 204, "contact": "lko-hos-008@example.org", "data_source": "synthetic_demo"}}, {"type": "Feature", "geometry": {"type": "Point", "coordinates": [80.90457, 26.84116]}, "properties": {"id": "LKO-HOS-009", "kind": "hospital", "name": "District Hospital, Lucknow Zone 1", "city": "Lucknow", "state": "Uttar Pradesh", "lat": 26.84116, "lon": 80.90457, "capacity": 527, "contact": "lko-hos-009@example.org", "data_source": "synthetic_demo"}}, {"type": "Feature", "geometry": {"type": "Point", "coordinates": [80.85911, 26.77556]}, "properties": {"id": "LKO-HOS-010", "kind": "hospital", "name": "Primary Health Centre, Lucknow Zone 2", "city": "Lucknow", "state": "Uttar Pradesh", "lat": 26.77556, "lon": 80.85911, "capacity": 225, "contact": "lko-hos-010@example.org", "data_source": "synthetic_demo"}}, {"type": "Feature", "geometry": {"type": "Point", "coordinates": [80.9204, 26.77027]}, "properties": {"id": "LKO-HOS-011", "kind": "hospital", "name": "District Hospital, Lucknow Zone 3", "city": "Lucknow", "state": "Uttar Pradesh", "lat": 26.77027, "lon": 80.9204, "capacity": 152, "contact": "lko-hos-011@example.org", "data_source": "synthetic_demo"}}, {"type": "Feature", "geometry": {"type": "Point", "coordinates": [80.91969, 26.93845]}, "properties": {"id": "LKO-RES-001", "kind": "rescue_team", "name": "Civil Defence Unit, Lucknow Zone 1", "city": "Lucknow", "state": "Uttar Pradesh", "lat": 26.93845, "lon": 80.91969, "capacity": 43, "contact": "lko-res-001@example.org", "data_source": "synthetic_demo"}}, {"type": "Feature", "geometry": {"type": "Point", "coordinates": [80.91596, 26.85817]}, "properties": {"id": "LKO-RES-002", "kind": "rescue_team", "name": "Fire & Emergency Station, Lucknow Zone 2", "city": "Lucknow", "state": "Uttar Pradesh", "lat": 26.85817, "lon": 80.91596, "capacity": 49, "contact": "lko-res-002@example.org", "data_source": "synthetic_demo"}}, {"type": "Feature", "geometry": {"type": "Point", "coordinates": [80.87894, 26.81059]}, "properties": {"id": "LKO-RES-003", "kind": "rescue_team", "name": "Fire & Emergency Station, Lucknow Zone 3", "city": "Lucknow", "state": "Uttar Pradesh", "lat": 26.81059, "lon": 80.87894, "capacity": 59, "contact": "lko-res-003@example.org", "data_source": "synthetic_demo"}}, {"type": "Feature", "geometry": {"type": "Point", "coordinates": [85.18976, 25.68769]}, "properties": {"id": "PAT-SCH-001", "kind": "school", "name": "Degree College, Patna Zone 1", "city": "Patna", "state": "Bihar", "lat": 25.68769, "lon": 85.18976, "capacity": 2514, "contact": "pat-sch-001@example.org", "data_source": "synthetic_demo"}}, {"type": "Feature", "geometry": {"type": "Point", "coordinates": [85.10589, 25.56393]}, "properties": {"id": "PAT-SCH-002", "kind": "school", "name": "PU College, Patna Zone 2", "city": "Patna", "state": "Bihar", "lat": 25.56393, "lon": 85.10589, "capacity": 2024, "contact": "pat-sch-002@example.org", "data_source": "synthetic_demo"}}, {"type": "Feature", "geometry": {"type": "Point", "coordinates": [85.10112, 25.55676]}, "properties": {"id": "PAT-SCH-003", "kind": "school", "name": "PU College, Patna Zone 3", "city": "Patna", "state": "Bihar", "lat": 25.55676, "lon": 85.10112, "capacity": 384, "contact": "pat-sch-003@example.org", "data_source": "synthetic_demo"}}, {"type": "Feature", "geometry": {"type": "Point", "coordinates": [85.15197, 25.50923]}, "properties": {"id": "PAT-SCH-004", "kind": "school", "name": "Govt. High School, Patna Zone 4", "city": "Patna", "state": "Bihar", "lat": 25.50923, "lon": 85.15197, "capacity": 1159, "contact": "pat-sch-004@example.org", "data_source": "synthetic_demo"}}, {"type": "Feature", "geometry": {"type": "Point", "coordinates": [85.21802, 25.55234]}, "properties": {"id": "PAT-SCH-005", "kind": "school", "name": "Govt. High School, Patna Zone 5", "city": "Patna", "state": "Bihar", "lat": 25.55234, "lon": 85.21802, "capacity": 2538, "contact": "pat-sch-005@example.org", "data_source": "synthetic_demo"}}, {"type": "Feature", "geometry": {"type": "Point", "coordinates": [85.07829, 25.67601]}, "properties": {"id": "PAT-SCH-006", "kind": "school", "name": "Engineering College, Patna Zone 6", "city": "Patna", "state": "Bihar", "lat": 25.67601, "lon": 85.07829, "capacity": 2044, "contact": "pat-sch-006@example.org", "data_source": "synthetic_demo"}}, {"type": "Feature", "geometry": {"type": "Point", "coordinates": [85.07283, 25.56695]}, "properties": {"id": "PAT-SCH-007", "kind": "school", "name": "PU College, Patna Zone 7", "city": "Patna", "state": "Bihar", "lat": 25.56695, "lon": 85.07283, "capacity": 321, "contact": "pat-sch-007@example.org", "data_source": "synthetic_demo"}}, {"type": "Feature", "geometry": {"type": "Point", "coordinates": [85.1531, 25.60684]}, "properties": {"id": "PAT-SCH-008", "kind": "school", "name": "Engineering College, Patna Zone 8", "city": "Patna", "state": "Bihar", "lat": 25.60684, "lon": 85.1531, "capacity": 906, "contact": "pat-sch-008@example.org", "data_source": "synthetic_demo"}}, {"type": "Feature", "geometry": {"type": "Point", "coordinates": [85.09269, 25.32771]}, "properties": {"id": "PAT-SCH-009", "kind": "school", "name": "Degree College, Patna Zone 1", "city": "Patna", "state": "Bihar", "lat": 25.32771, "lon": 85.09269, "capacity": 2328, "contact": "pat-sch-009@example.org", "data_source": "synthetic_demo"}}, {"type": "Feature", "geometry": {"type": "Point", "coordinates": [84.98461, 25.61187]}, "properties": {"id": "PAT-SCH-010", "kind": "school", "name": "PU College, Patna Zone 2", "city": "Patna", "state": "Bihar", "lat": 25.61187, "lon": 84.98461, "capacity": 2908, "contact": "pat-sch-010@example.org", "data_source": "synthetic_demo"}}, {"type": "Feature", "geometry": {"type": "Point", "coordinates": [85.1597, 25.56576]}, "properties": {"id": "PAT-SCH-011", "kind": "school", "name": "PU College, Patna Zone 3", "city": "Patna", "state": "Bihar", "lat": 25.56576, "lon": 85.1597, "capacity": 581, "contact": "pat-sch-011@example.org", "data_source": "synthetic_demo"}}, {"type": "Feature", "geometry": {"type": "Point", "coordinates": [85.12686, 25.55414]}, "properties": {"id": "PAT-SCH-012", "kind": "school", "name": "PU College, Patna Zone 4", "city": "Patna", "state": "Bihar", "lat": 25.55414, "lon": 85.12686, "capacity": 2415, "contact": "pat-sch-012@example.org", "data_source": "synthetic_demo"}}, {"type": "Feature", "geometry": {"type": "Point", "coordinates": [85.06306, 25.68055]}, "properties": {"id": "PAT-SCH-013", "kind": "school", "name": "Govt. High School, Patna Zone 5", "city": "Patna", "state": "Bihar", "lat": 25.68055, "lon": 85.06306, "capacity": 1252, "contact": "pat-sch-013@example.org", "data_source": "synthetic_demo"}}, {"type": "Feature", "geometry": {"type": "Point", "coordinates": [85.21475, 25.57591]}, "properties": {"id": "PAT-SCH-014", "kind": "school", "name": "Public School, Patna Zone 6", "city": "Patna", "state": "Bihar", "lat": 25.57591, "lon": 85.21475, "capacity": 564, "contact": "pat-sch-014@example.org", "data_source": "synthetic_demo"}}, {"type": "Feature", "geometry": {"type": "Point", "coordinates": [85.12385, 25.62778]}, "properties": {"id": "PAT-SCH-015", "kind": "school", "name": "Public School, Patna Zone 7", "city": "Patna", "state": "Bihar", "lat": 25.62778, "lon": 85.12385, "capacity": 2608, "contact": "pat-sch-015@example.org", "data_source": "synthetic_demo"}}, {"type": "Feature", "geometry": {"type": "Point", "coordinates": [85.15694, 25.54507]}, "properties": {"id": "PAT-SCH-016", "kind": "school", "name": "Govt. High School, Patna Zone 8", "city": "Patna", "state": "Bihar", "lat": 25.54507, "lon": 85.15694, "capacity": 2294, "contact": "pat-sch-016@example.org", "data_source": "synthetic_demo"}}, {"type": "Feature", "geometry": {"type": "Point", "coordinates": [85.27146, 25.57372]}, "properties": {"id": "PAT-SCH-017", "kind": "school", "name": "Degree College, Patna Zone 1", "city": "Patna", "state": "Bihar", "lat": 25.57372, "lon": 85.27146, "capacity": 2717, "contact": "pat-sch-017@example.org", "data_source": "synthetic_demo"}}, {"type": "Feature", "geometry": {"type": "Point", "coordinates": [85.2558, 25.67326]}, "properties": {"id": "PAT-SCH-018", "kind": "school", "name": "Govt. High School, Patna Zone 2", "city": "Patna", "state": "Bihar", "lat": 25.67326, "lon": 85.2558, "capacity": 2372, "contact": "pat-sch-018@example.org", "data_source": "synthetic_demo"}}, {"type": "Feature", "geometry": {"type": "Point", "coordinates": [85.10896, 25.7463]}, "properties": {"id": "PAT-HOS-001", "kind": "hospital", "name": "Primary Health Centre, Patna Zone 1", "city": "Patna", "state": "Bihar", "lat": 25.7463, "lon": 85.10896, "capacity": 250, "contact": "pat-hos-001@example.org", "data_source": "synthetic_demo"}}, {"type": "Feature", "geometry": {"type": "Point", "coordinates": [85.17683, 25.58303]}, "properties": {"id": "PAT-HOS-002", "kind": "hospital", "name": "Community Health Centre, Patna Zone 2", "city": "Patna", "state": "Bihar", "lat": 25.58303, "lon": 85.17683, "capacity": 382, "contact": "pat-hos-002@example.org", "data_source": "synthetic_demo"}}, {"type": "Feature", "geometry": {"type": "Point", "coordinates": [85.04188, 25.62042]}, "properties": {"id": "PAT-HOS-003", "kind": "hospital", "name": "Community Health Centre, Patna Zone 3", "city": "Patna", "state": "Bihar", "lat": 25.62042, "lon": 85.04188, "capacity": 34, "contact": "pat-hos-003@example.org", "data_source": "synthetic_demo"}}, {"type": "Feature", "geometry": {"type": "Point", "coordinates": [85.12039, 25.51832]}, "properties": {"id": "PAT-HOS-004", "kind": "hospital", "name": "Multispeciality Hospital, Patna Zone 4", "city": "Patna", "state": "Bihar", "lat": 25.51832, "lon": 85.12039, "capacity": 675, "contact": "pat-hos-004@example.org", "data_source": "synthetic_demo"}}, {"type": "Feature", "geometry": {"type": "Point", "coordinates": [85.11409, 25.49992]}, "properties": {"id": "PAT-HOS-005", "kind": "hospital", "name": "District Hospital, Patna Zone 5", "city": "Patna", "state": "Bihar", "lat": 25.49992, "lon": 85.11409, "capacity": 484, "contact": "pat-hos-005@example.org", "data_source": "synthetic_demo"}}, {"type": "Feature", "geometry": {"type": "Point", "coordinates": [85.22026, 25.77708]}, "properties": {"id": "PAT-HOS-006", "kind": "hospital", "name": "District Hospital, Patna Zone 6", "city": "Patna", "state": "Bihar", "lat": 25.77708, "lon": 85.22026, "capacity": 176, "contact": "pat-hos-006@example.org", "data_source": "synthetic_demo"}}, {"type": "Feature", "geometry": {"type": "Point", "coordinates": [85.09508, 25.53772]}, "properties": {"id": "PAT-HOS-007", "kind": "hospital", "name": "Community Health Centre, Patna Zone 7", "city": "Patna", "state": "Bihar", "lat": 25.53772, "lon": 85.09508, "capacity": 697, "contact": "pat-hos-007@example.org", "data_source": "synthetic_demo"}}, {"type": "Feature", "geometry": {"type": "Point", "coordinates": [85.11014, 25.55562]}, "properties": {"id": "PAT-HOS-008", "kind": "hospital", "name": "District Hospital, Patna Zone 8", "city": "Patna", "state": "Bihar", "lat": 25.55562, "lon": 85.11014, "capacity": 224, "contact": "pat-hos-008@example.org", "data_source": "synthetic_demo"}}, {"type": "Feature", "geometry": {"type": "Point", "coordinates": [85.20701, 25.63366]}, "properties": {"id": "PAT-HOS-009", "kind": "hospital", "name": "Primary Health Centre, Patna Zone 1", "city": "Patna", "state": "Bihar", "lat": 25.63366, "lon": 85.20701, "capacity": 684, "contact": "pat-hos-009@example.org", "data_source": "synthetic_demo"}}, {"type": "Feature", "geometry": {"type": "Point", "coordinates": [85.15675, 25.64753]}, "properties": {"id": "PAT-RES-001", "kind": "rescue_team", "name": "Civil Defence Unit, Patna Zone 1", "city": "Patna", "state": "Bihar", "lat": 25.64753, "lon": 85.15675, "capacity": 25, "contact": "pat-res-001@example.org", "data_source": "synthetic_demo"}}, {"type": "Feature", "geometry": {"type": "Point", "coordinates": [85.04214, 25.55713]}, "properties": {"id": "PAT-RES-002", "kind": "rescue_team", "name": "Fire & Emergency Station, Patna Zone 2", "city": "Patna", "state": "Bihar", "lat": 25.55713, "lon": 85.04214, "capacity": 31, "contact": "pat-res-002@example.org", "data_source": "synthetic_demo"}}, {"type": "Feature", "geometry": {"type": "Point", "coordinates": [85.2827, 25.69895]}, "properties": {"id": "PAT-RES-003", "kind": "rescue_team", "name": "SDRF Unit, Patna Zone 3", "city": "Patna", "state": "Bihar", "lat": 25.69895, "lon": 85.2827, "capacity": 40, "contact": "pat-res-003@example.org", "data_source": "synthetic_demo"}}, {"type": "Feature", "geometry": {"type": "Point", "coordinates": [78.99469, 21.15838]}, "properties": {"id": "NAG-SCH-001", "kind": "school", "name": "Govt. Primary School, Nagpur Zone 1", "city": "Nagpur", "state": "Maharashtra", "lat": 21.15838, "lon": 78.99469, "capacity": 946, "contact": "nag-sch-001@example.org", "data_source": "synthetic_demo"}}, {"type": "Feature", "geometry": {"type": "Point", "coordinates": [79.09451, 21.13211]}, "properties": {"id": "NAG-SCH-002", "kind": "school", "name": "Govt. Primary School, Nagpur Zone 2", "city": "Nagpur", "state": "Maharashtra", "lat": 21.13211, "lon": 79.09451, "capacity": 481, "contact": "nag-sch-002@example.org", "data_source": "synthetic_demo"}}, {"type": "Feature", "geometry": {"type": "Point", "coordinates": [79.0574, 21.20798]}, "properties": {"id": "NAG-SCH-003", "kind": "school", "name": "Govt. High School, Nagpur Zone 3", "city": "Nagpur", "state": "Maharashtra", "lat": 21.20798, "lon": 79.0574, "capacity": 1443, "contact": "nag-sch-003@example.org", "data_source": "synthetic_demo"}}, {"type": "Feature", "geometry": {"type": "Point", "coordinates": [79.06534, 21.13766]}, "properties": {"id": "NAG-SCH-004", "kind": "school", "name": "Degree College, Nagpur Zone 4", "city": "Nagpur", "state": "Maharashtra", "lat": 21.13766, "lon": 79.06534, "capacity": 1345, "contact": "nag-sch-004@example.org", "data_source": "synthetic_demo"}}, {"type": "Feature", "geometry": {"type": "Point", "coordinates": [79.1517, 21.12605]}, "properties": {"id": "NAG-SCH-005", "kind": "school", "name": "Govt. High School, Nagpur Zone 5", "city": "Nagpur", "state": "Maharashtra", "lat": 21.12605, "lon": 79.1517, "capacity": 2699, "contact": "nag-sch-005@example.org", "data_source": "synthetic_demo"}}, {"type": "Feature", "geometry": {"type": "Point", "coordinates": [79.05759, 21.03774]}, "properties": {"id": "NAG-SCH-006", "kind": "school", "name": "Engineering College, Nagpur Zone 6", "city": "Nagpur", "state": "Maharashtra", "lat": 21.03774, "lon": 79.05759, "capacity": 2533, "contact": "nag-sch-006@example.org", "data_source": "synthetic_demo"}}, {"type": "Feature", "geometry": {"type": "Point", "coordinates": [79.00565, 21.19522]}, "properties": {"id": "NAG-SCH-007", "kind": "school", "name": "Govt. Primary School, Nagpur Zone 7", "city": "Nagpur", "state": "Maharashtra", "lat": 21.19522, "lon": 79.00565, "capacity": 647, "contact": "nag-sch-007@example.org", "data_source": "synthetic_demo"}}, {"type": "Feature", "geometry": {"type": "Point", "coordinates": [78.959, 21.07706]}, "properties": {"id": "NAG-SCH-008", "kind": "school", "name": "PU College, Nagpur Zone 8", "city": "Nagpur", "state": "Maharashtra", "lat": 21.07706, "lon": 78.959, "capacity": 2432, "contact": "nag-sch-008@example.org", "data_source": "synthetic_demo"}}, {"type": "Feature", "geometry": {"type": "Point", "coordinates": [79.02417, 21.05979]}, "properties": {"id": "NAG-SCH-009", "kind": "school", "name": "Degree College, Nagpur Zone 1", "city": "Nagpur", "state": "Maharashtra", "lat": 21.05979, "lon": 79.02417, "capacity": 2531, "contact": "nag-sch-009@example.org", "data_source": "synthetic_demo"}}, {"type": "Feature", "geometry": {"type": "Point", "coordinates": [79.06951, 21.17386]}, "properties": {"id": "NAG-SCH-010", "kind": "school", "name": "PU College, Nagpur Zone 2", "city": "Nagpur", "state": "Maharashtra", "lat": 21.17386, "lon": 79.06951, "capacity": 2584, "contact": "nag-sch-010@example.org", "data_source": "synthetic_demo"}}, {"type": "Feature", "geometry": {"type": "Point", "coordinates": [79.11202, 21.09114]}, "properties": {"id": "NAG-SCH-011", "kind": "school", "name": "Degree College, Nagpur Zone 3", "city": "Nagpur", "state": "Maharashtra", "lat": 21.09114, "lon": 79.11202, "capacity": 2667, "contact": "nag-sch-011@example.org", "data_source": "synthetic_demo"}}, {"type": "Feature", "geometry": {"type": "Point", "coordinates": [79.13359, 21.14908]}, "properties": {"id": "NAG-SCH-012", "kind": "school", "name": "PU College, Nagpur Zone 4", "city": "Nagpur", "state": "Maharashtra", "lat": 21.14908, "lon": 79.13359, "capacity": 1678, "contact": "nag-sch-012@example.org", "data_source": "synthetic_demo"}}, {"type": "Feature", "geometry": {"type": "Point", "coordinates": [79.00342, 21.158]}, "properties": {"id": "NAG-SCH-013", "kind": "school", "name": "Public School, Nagpur Zone 5", "city": "Nagpur", "state": "Maharashtra", "lat": 21.158, "lon": 79.00342, "capacity": 2694, "contact": "nag-sch-013@example.org", "data_source": "synthetic_demo"}}, {"type": "Feature", "geometry": {"type": "Point", "coordinates": [79.06804, 21.08982]}, "properties": {"id": "NAG-SCH-014", "kind": "school", "name": "Engineering College, Nagpur Zone 6", "city": "Nagpur", "state": "Maharashtra", "lat": 21.08982, "lon": 79.06804, "capacity": 2767, "contact": "nag-sch-014@example.org", "data_source": "synthetic_demo"}}, {"type": "Feature", "geometry": {"type": "Point", "coordinates": [79.28182, 21.12379]}, "properties": {"id": "NAG-SCH-015", "kind": "school", "name": "Public School, Nagpur Zone 7", "city": "Nagpur", "state": "Maharashtra", "lat": 21.12379, "lon": 79.28182, "capacity": 284, "contact": "nag-sch-015@example.org", "data_source": "synthetic_demo"}}, {"type": "Feature", "geometry": {"type": "Point", "coordinates": [79.11764, 20.95906]}, "properties": {"id": "NAG-SCH-016", "kind": "school", "name": "Engineering College, Nagpur Zone 8", "city": "Nagpur", "state": "Maharashtra", "lat": 20.95906, "lon": 79.11764, "capacity": 1637, "contact": "nag-sch-016@example.org", "data_source": "synthetic_demo"}}, {"type": "Feature", "geometry": {"type": "Point", "coordinates": [79.03308, 21.24655]}, "properties": {"id": "NAG-SCH-017", "kind": "school", "name": "PU College, Nagpur Zone 1", "city": "Nagpur", "state": "Maharashtra", "lat": 21.24655, "lon": 79.03308, "capacity": 1312, "contact": "nag-sch-017@example.org", "data_source": "synthetic_demo"}}, {"type": "Feature", "geometry": {"type": "Point", "coordinates": [79.02754, 21.1299]}, "properties": {"id": "NAG-SCH-018", "kind": "school", "name": "Engineering College, Nagpur Zone 2", "city": "Nagpur", "state": "Maharashtra", "lat": 21.1299, "lon": 79.02754, "capacity": 2220, "contact": "nag-sch-018@example.org", "data_source": "synthetic_demo"}}, {"type": "Feature", "geometry": {"type": "Point", "coordinates": [79.08917, 21.10506]}, "properties": {"id": "NAG-SCH-019", "kind": "school", "name": "Govt. High School, Nagpur Zone 3", "city": "Nagpur", "state": "Maharashtra", "lat": 21.10506, "lon": 79.08917, "capacity": 2663, "contact": "nag-sch-019@example.org", "data_source": "synthetic_demo"}}, {"type": "Feature", "geometry": {"type": "Point", "coordinates": [78.98255, 21.12941]}, "properties": {"id": "NAG-SCH-020", "kind": "school", "name": "Govt. Primary School, Nagpur Zone 4", "city": "Nagpur", "state": "Maharashtra", "lat": 21.12941, "lon": 78.98255, "capacity": 2780, "contact": "nag-sch-020@example.org", "data_source": "synthetic_demo"}}, {"type": "Feature", "geometry": {"type": "Point", "coordinates": [79.22476, 21.1915]}, "properties": {"id": "NAG-HOS-001", "kind": "hospital", "name": "Multispeciality Hospital, Nagpur Zone 1", "city": "Nagpur", "state": "Maharashtra", "lat": 21.1915, "lon": 79.22476, "capacity": 346, "contact": "nag-hos-001@example.org", "data_source": "synthetic_demo"}}, {"type": "Feature", "geometry": {"type": "Point", "coordinates": [79.17029, 21.21171]}, "properties": {"id": "NAG-HOS-002", "kind": "hospital", "name": "District Hospital, Nagpur Zone 2", "city": "Nagpur", "state": "Maharashtra", "lat": 21.21171, "lon": 79.17029, "capacity": 193, "contact": "nag-hos-002@example.org", "data_source": "synthetic_demo"}}, {"type": "Feature", "geometry": {"type": "Point", "coordinates": [79.16328, 21.13818]}, "properties": {"id": "NAG-HOS-003", "kind": "hospital", "name": "Primary Health Centre, Nagpur Zone 3", "city": "Nagpur", "state": "Maharashtra", "lat": 21.13818, "lon": 79.16328, "capacity": 44, "contact": "nag-hos-003@example.org", "data_source": "synthetic_demo"}}, {"type": "Feature", "geometry": {"type": "Point", "coordinates": [79.10062, 21.16534]}, "properties": {"id": "NAG-HOS-004", "kind": "hospital", "name": "Community Health Centre, Nagpur Zone 4", "city": "Nagpur", "state": "Maharashtra", "lat": 21.16534, "lon": 79.10062, "capacity": 514, "contact": "nag-hos-004@example.org", "data_source": "synthetic_demo"}}, {"type": "Feature", "geometry": {"type": "Point", "coordinates": [79.03394, 21.00974]}, "properties": {"id": "NAG-HOS-005", "kind": "hospital", "name": "District Hospital, Nagpur Zone 5", "city": "Nagpur", "state": "Maharashtra", "lat": 21.00974, "lon": 79.03394, "capacity": 537, "contact": "nag-hos-005@example.org", "data_source": "synthetic_demo"}}, {"type": "Feature", "geometry": {"type": "Point", "coordinates": [78.9477, 21.1502]}, "properties": {"id": "NAG-HOS-006", "kind": "hospital", "name": "Multispeciality Hospital, Nagpur Zone 6", "city": "Nagpur", "state": "Maharashtra", "lat": 21.1502, "lon": 78.9477, "capacity": 313, "contact": "nag-hos-006@example.org", "data_source": "synthetic_demo"}}, {"type": "Feature", "geometry": {"type": "Point", "coordinates": [78.972, 21.19031]}, "properties": {"id": "NAG-HOS-007", "kind": "hospital", "name": "Community Health Centre, Nagpur Zone 7", "city": "Nagpur", "state": "Maharashtra", "lat": 21.19031, "lon": 78.972, "capacity": 161, "contact": "nag-hos-007@example.org", "data_source": "synthetic_demo"}}, {"type": "Feature", "geometry": {"type": "Point", "coordinates": [79.09485, 21.25366]}, "properties": {"id": "NAG-HOS-008", "kind": "hospital", "name": "Primary Health Centre, Nagpur Zone 8", "city": "Nagpur", "state": "Maharashtra", "lat": 21.25366, "lon": 79.09485, "capacity": 690, "contact": "nag-hos-008@example.org", "data_source": "synthetic_demo"}}, {"type": "Feature", "geometry": {"type": "Point", "coordinates": [79.00457, 21.21285]}, "properties": {"id": "NAG-HOS-009", "kind": "hospital", "name": "District Hospital, Nagpur Zone 1", "city": "Nagpur", "state": "Maharashtra", "lat": 21.21285, "lon": 79.00457, "capacity": 483, "contact": "nag-hos-009@example.org", "data_source": "synthetic_demo"}}, {"type": "Feature", "geometry": {"type": "Point", "coordinates": [79.11721, 21.20624]}, "properties": {"id": "NAG-HOS-010", "kind": "hospital", "name": "Primary Health Centre, Nagpur Zone 2", "city": "Nagpur", "state": "Maharashtra", "lat": 21.20624, "lon": 79.11721, "capacity": 366, "contact": "nag-hos-010@example.org", "data_source": "synthetic_demo"}}, {"type": "Feature", "geometry": {"type": "Point", "coordinates": [79.03685, 21.07897]}, "properties": {"id": "NAG-RES-001", "kind": "rescue_team", "name": "SDRF Unit, Nagpur Zone 1", "city": "Nagpur", "state": "Maharashtra", "lat": 21.07897, "lon": 79.03685, "capacity": 47, "contact": "nag-res-001@example.org", "data_source": "synthetic_demo"}}, {"type": "Feature", "geometry": {"type": "Point", "coordinates": [79.07966, 21.02842]}, "properties": {"id": "NAG-RES-002", "kind": "rescue_team", "name": "NDRF Team, Nagpur Zone 2", "city": "Nagpur", "state": "Maharashtra", "lat": 21.02842, "lon": 79.07966, "capacity": 51, "contact": "nag-res-002@example.org", "data_source": "synthetic_demo"}}, {"type": "Feature", "geometry": {"type": "Point", "coordinates": [79.13826, 21.14006]}, "properties": {"id": "NAG-RES-003", "kind": "rescue_team", "name": "Fire & Emergency Station, Nagpur Zone 3", "city": "Nagpur", "state": "Maharashtra", "lat": 21.14006, "lon": 79.13826, "capacity": 15, "contact": "nag-res-003@example.org", "data_source": "synthetic_demo"}}]}