{"type": "FeatureCollection", "features": [{"type": "Feature", "geometry": {"type": "Point", "coordinates": [77.40651, 12.72394]}, "properties": {"id": "VEH-BEN-001", "kind": "bus", "city": "Bengaluru", "lat": 12.72394, "lon": 77.40651, "heading_deg": 10.3, "speed_kmh": 38.0, "data_source": "synthetic_demo"}}, {"type": "Feature", "geometry": {"type": "Point", "coordinates": [77.64714, 13.07961]}, "properties": {"id": "VEH-BEN-002", "kind": "bus", "city": "Bengaluru", "lat": 13.07961, "lon": 77.64714, "heading_deg": 46.7, "speed_kmh": 54.0, "data_source": "synthetic_demo"}}, {"type": "Feature", "geometry": {"type": "Point", "coordinates": [77.56859, 12.61748]}, "properties": {"id": "VEH-BEN-003", "kind": "two_wheeler", "city": "Bengaluru", "lat": 12.61748, "lon": 77.56859, "heading_deg": 238.6, "speed_kmh": 26.9, "data_source": "synthetic_demo"}}, {"type": "Feature", "geometry": {"type": "Point", "coordinates": [77.50893, 12.99193]}, "properties": {"id": "VEH-BEN-004", "kind": "truck", "city": "Bengaluru", "lat": 12.99193, "lon": 77.50893, "heading_deg": 241.3, "speed_kmh": 37.8, "data_source": "synthetic_demo"}}, {"type": "Feature", "geometry": {"type": "Point", "coordinates": [77.57551, 13.12588]}, "properties": {"id": "VEH-BEN-005", "kind": "two_wheeler", "city": "Bengaluru", "lat": 13.12588, "lon": 77.57551, "heading_deg": 73.6, "speed_kmh": 33.8, "data_source": "synthetic_demo"}}, {"type": "Feature", "geometry": {"type": "Point", "coordinates": [77.71881, 12.87973]}, "properties": {"id": "VEH-BEN-006", "kind": "two_wheeler", "city": "Bengaluru", "lat": 12.87973, "lon": 77.71881, "heading_deg": 213.0, "speed_kmh": 25.9, "data_source": "synthetic_demo"}}, {"type": "Feature", "geometry": {"type": "Point", "coordinates": [77.846, 13.20493]}, "properties": {"id": "VEH-BEN-007", "kind": "truck", "city": "Bengaluru", "lat": 13.20493, "lon": 77.846, "heading_deg": 168.1, "speed_kmh": 31.9, "data_source": "synthetic_demo"}}, {"type": "Feature", "geometry": {"type": "Point", "coordinates": [77.48936, 13.10535]}, "properties": {"id": "VEH-BEN-008", "kind": "two_wheeler", "city": "Bengaluru", "lat": 13.10535, "lon": 77.48936, "heading_deg": 154.8, "speed_kmh": 23.7, "data_source": "synthetic_demo"}}, {"type": "Feature", "geometry": {"type": "Point", "coordinates": [77.4537, 13.16401]}, "properties": {"id": "VEH-BEN-009", "kind": "two_wheeler", "city": "Bengaluru", "lat": 13.16401, "lon": 77.4537, "heading_deg": 78.2, "speed_kmh": 20.8, "data_source": "synthetic_demo"}}, {"type": "Feature", "geometry": {"type": "Point", "coordinates": [77.64206, 12.93984]}, "properties": {"id": "VEH-BEN-010", "kind": "truck", "city": "Bengaluru", "lat": 12.93984, "lon": 77.64206, "heading_deg": 168.8, "speed_kmh": 47.7, "data_source": "synthetic_demo"}}, {"type": "Feature", "geometry": {"type": "Point", "coordinates": [77.63735, 13.36237]}, "properties": {"id": "VEH-BEN-011", "kind": "truck", "city": "Bengaluru", "lat": 13.36237, "lon": 77.63735, "heading_deg": 57.5, "speed_kmh": 49.9, "data_source": "synthetic_demo"}}, {"type": "Feature", "geometry": {"type": "Point", "coordinates": [77.29435, 12.85774]}, "properties": {"id": "VEH-BEN-012", "kind": "truck", "city": "Bengaluru", "lat": 12.85774, "lon": 77.29435, "heading_deg": 19.7, "speed_kmh": 25.9, "data_source": "synthetic_demo"}}, {"type": "Feature", "geometry": {"type": "Point", "coordinates": [77.88341, 12.8626]}, "properties": {"id": "VEH-BEN-013", "kind": "bus", "city": "Bengaluru", "lat": 12.8626, "lon": 77.88341, "heading_deg": 114.3, "speed_kmh": 36.8, "data_source": "synthetic_demo"}}, {"type": "Feature", "geometry": {"type": "Point", "coordinates": [77.60702, 13.04931]}, "properties": {"id": "VEH-BEN-014", "kind": "two_wheeler", "city": "Bengaluru", "lat": 13.04931, "lon": 77.60702, "heading_deg": 302.1, "speed_kmh": 31.7, "data_source": "synthetic_demo"}}, {"type": "Feature", "geometry": {"type": "Point", "coordinates": [77.62485, 13.04349]}, "properties": {"id": "VEH-BEN-015", "kind": "car", "city": "Bengaluru", "lat": 13.04349, "lon": 77.62485, "heading_deg": 215.4, "speed_kmh": 65.8, "data_source": "synthetic_demo"}}, {"type": "Feature", "geometry": {"type": "Point", "coordinates": [77.48685, 13.00947]}, "properties": {"id": "VEH-BEN-016", "kind": "bus", "city": "Bengaluru", "lat": 13.00947, "lon": 77.48685, "heading_deg": 68.5, "speed_kmh": 36.9, "data_source": "synthetic_demo"}}, {"type": "Feature", "geometry": {"type": "Point", "coordinates": [77.44916, 12.95103]}, "properties": {"id": "VEH-BEN-017", "kind": "truck", "city": "Bengaluru", "lat": 12.95103, "lon": 77.44916, "heading_deg": 177.5, "speed_kmh": 46.3, "data_source": "synthetic_demo"}}, {"type": "Feature", "geometry": {"type": "Point", "coordinates": [77.78294, 12.89184]}, "properties": {"id": "VEH-BEN-018", "kind": "bus", "city": "Bengaluru", "lat": 12.89184, "lon": 77.78294, "heading_deg": 92.9, "speed_kmh": 54.6, "data_source": "synthetic_demo"}}, {"type": "Feature", "geometry": {"type": "Point", "coordinates": [77.70932, 12.70844]}, "properties": {"id": "VEH-BEN-019", "kind": "car", "city": "Bengaluru", "lat": 12.70844, "lon": 77.70932, "heading_deg": 113.2, "speed_kmh": 59.9, "data_source": "synthetic_demo"}}, {"type": "Feature", "geometry": {"type": "Point", "coordinates": [77.62353, 13.03409]}, "properties": {"id": "VEH-BEN-020", "kind": "two_wheeler", "city": "Bengaluru", "lat": 13.03409, "lon": 77.62353, "heading_deg": 145.5, "speed_kmh": 26.1, "data_source": "synthetic_demo"}}, {"type": "Feature", "geometry": {"type": "Point", "coordinates": [77.47743, 12.58517]}, "properties": {"id": "VEH-BEN-021", "kind": "bus", "city": "Bengaluru", "lat": 12.58517, "lon": 77.47743, "heading_deg": 238.1, "speed_kmh": 48.8, "data_source": "synthetic_demo"}}, {"type": "Feature", "geometry": {"type": "Point", "coordinates": [77.55149, 13.05732]}, "properties": {"id": "VEH-BEN-022", "kind": "two_wheeler", "city": "Bengaluru", "lat": 13.05732, "lon": 77.55149, "heading_deg": 53.9, "speed_kmh": 35.7, "data_source": "synthetic_demo"}}, {"type": "Feature", "geometry": {"type": "Point", "coordinates": [77.42818, 13.00917]}, "properties": {"id": "VEH-BEN-023", "kind": "bus", "city": "Bengaluru", "lat": 13.00917, "lon": 77.42818, "heading_deg": 322.1, "speed_kmh": 50.2, "data_source": "synthetic_demo"}}, {"type": "Feature", "geometry": {"type": "Point", "coordinates": [77.63444, 12.93972]}, "properties": {"id": "VEH-BEN-024", "kind": "bus", "city": "Bengaluru", "lat": 12.93972, "lon": 77.63444, "heading_deg": 58.7, "speed_kmh": 55.0, "data_source": "synthetic_demo"}}, {"type": "Feature", "geometry": {"type": "Point", "coordinates": [77.85606, 12.76792]}, "properties": {"id": "VEH-BEN-025", "kind": "bus", "city": "Bengaluru", "lat": 12.76792, "lon": 77.85606, "heading_deg": 21.9, "speed_kmh": 52.4, "data_source": "synthetic_demo"}}, {"type": "Feature", "geometry": {"type": "Point", "coordinates": [72.88944, 19.08307]}, "properties": {"id": "VEH-MUM-001", "kind": "bus", "city": "Mumbai", "lat": 19.08307, "lon": 72.88944, "heading_deg": 179.4, "speed_kmh": 36.6, "data_source": "synthetic_demo"}}, {"type": "Feature", "geometry": {"type": "Point", "coordinates": [72.92169, 19.24369]}, "properties": {"id": "VEH-MUM-002", "kind": "bus", "city": "Mumbai", "lat": 19.24369, "lon": 72.92169, "heading_deg": 41.5, "speed_kmh": 46.1, "data_source": "synthetic_demo"}}, {"type": "Feature", "geometry": {"type": "Point", "coordinates": [72.9314, 19.05021]}, "properties": {"id": "VEH-MUM-003", "kind": "truck", "city": "Mumbai", "lat": 19.05021, "lon": 72.9314, "heading_deg": 231.6, "speed_kmh": 33.8, "data_source": "synthetic_demo"}}, {"type": "Feature", "geometry": {"type": "Point", "coordinates": [73.00272, 18.92296]}, "properties": {"id": "VEH-MUM-004", "kind": "bus", "city": "Mumbai", "lat": 18.92296, "lon": 73.00272, "heading_deg": 328.5, "speed_kmh": 37.3, "data_source": "synthetic_demo"}}, {"type": "Feature", "geometry": {"type": "Point", "coordinates": [72.75623, 18.79333]}, "properties": {"id": "VEH-MUM-005", "kind": "bus", "city": "Mumbai", "lat": 18.79333, "lon": 72.75623, "heading_deg": 346.8, "speed_kmh": 53.1, "data_source": "synthetic_demo"}}, {"type": "Feature", "geometry": {"type": "Point", "coordinates": [72.6014, 19.17235]}, "properties": {"id": "VEH-MUM-006", "kind": "car", "city": "Mumbai", "lat": 19.17235, "lon": 72.6014, "heading_deg": 246.0, "speed_kmh": 35.8, "data_source": "synthetic_demo"}}, {"type": "Feature", "geometry": {"type": "Point", "coordinates": [72.92516, 19.21594]}, "properties": {"id": "VEH-MUM-007", "kind": "truck", "city": "Mumbai", "lat": 19.21594, "lon": 72.92516, "heading_deg": 288.7, "speed_kmh": 43.0, "data_source": "synthetic_demo"}}, {"type": "Feature", "geometry": {"type": "Point", "coordinates": [72.89819, 19.07389]}, "properties": {"id": "VEH-MUM-008", "kind": "truck", "city": "Mumbai", "lat": 19.07389, "lon": 72.89819, "heading_deg": 284.3, "speed_kmh": 31.2, "data_source": "synthetic_demo"}}, {"type": "Feature", "geometry": {"type": "Point", "coordinates": [72.88793, 19.06426]}, "properties": {"id": "VEH-MUM-009", "kind": "two_wheeler", "city": "Mumbai", "lat": 19.06426, "lon": 72.88793, "heading_deg": 179.2, "speed_kmh": 27.1, "data_source": "synthetic_demo"}}, {"type": "Feature", "geometry": {"type": "Point", "coordinates": [73.03854, 19.08567]}, "properties": {"id": "VEH-MUM-010", "kind": "truck", "city": "Mumbai", "lat": 19.08567, "lon": 73.03854, "heading_deg": 224.1, "speed_kmh": 33.9, "data_source": "synthetic_demo"}}, {"type": "Feature", "geometry": {"type": "Point", "coordinates": [73.33634, 18.96285]}, "properties": {"id": "VEH-MUM-011", "kind": "truck", "city": "Mumbai", "lat": 18.96285, "lon": 73.33634, "heading_deg": 287.6, "speed_kmh": 35.4, "data_source": "synthetic_demo"}}, {"type": "Feature", "geometry": {"type": "Point", "coordinates": [72.86381, 18.96272]}, "properties": {"id": "VEH-MUM-012", "kind": "truck", "city": "Mumbai", "lat": 18.96272, "lon": 72.86381, "heading_deg": 92.7, "speed_kmh": 49.5, "data_source": "synthetic_demo"}}, {"type": "Feature", "geometry": {"type": "Point", "coordinates": [72.86652, 19.04284]}, "properties": {"id": "VEH-MUM-013", "kind": "truck", "city": "Mumbai", "lat": 19.04284, "lon": 72.86652, "heading_deg": 10.3, "speed_kmh": 28.9, "data_source": "synthetic_demo"}}, {"type": "Feature", "geometry": {"type": "Point", "coordinates": [72.73951, 18.96357]}, "properties": {"id": "VEH-MUM-014", "kind": "truck", "city": "Mumbai", "lat": 18.96357, "lon": 72.73951, "heading_deg": 324.6, "speed_kmh": 43.9, "data_source": "synthetic_demo"}}, {"type": "Feature", "geometry": {"type": "Point", "coordinates": [72.79899, 19.01816]}, "properties": {"id": "VEH-MUM-015", "kind": "two_wheeler", "city": "Mumbai", "lat": 19.01816, "lon": 72.79899, "heading_deg": 122.4, "speed_kmh": 38.7, "data_source": "synthetic_demo"}}, {"type": "Feature", "geometry": {"type": "Point", "coordinates": [72.81715, 19.13425]}, "properties": {"id": "VEH-MUM-016", "kind": "bus", "city": "Mumbai", "lat": 19.13425, "lon": 72.81715, "heading_deg": 248.5, "speed_kmh": 49.9, "data_source": "synthetic_demo"}}, {"type": "Feature", "geometry": {"type": "Point", "coordinates": [72.68419, 19.11429]}, "properties": {"id": "VEH-MUM-017", "kind": "car", "city": "Mumbai", "lat": 19.11429, "lon": 72.68419, "heading_deg": 161.2, "speed_kmh": 52.6, "data_source": "synthetic_demo"}}, {"type": "Feature", "geometry": {"type": "Point", "coordinates": [72.81813, 19.10018]}, "properties": {"id": "VEH-MUM-018", "kind": "car", "city": "Mumbai", "lat": 19.10018, "lon": 72.81813, "heading_deg": 254.0, "speed_kmh": 62.1, "data_source": "synthetic_demo"}}, {"type": "Feature", "geometry": {"type": "Point", "coordinates": [72.67927, 19.27874]}, "properties": {"id": "VEH-MUM-019", "kind": "bus", "city": "Mumbai", "lat": 19.27874, "lon": 72.67927, "heading_deg": 39.0, "speed_kmh": 52.5, "data_source": "synthetic_demo"}}, {"type": "Feature", "geometry": {"type": "Point", "coordinates": [72.60659, 18.8002]}, "properties": {"id": "VEH-MUM-020", "kind": "two_wheeler", "city": "Mumbai", "lat": 18.8002, "lon": 72.60659, "heading_deg": 163.8, "speed_kmh": 30.7, "data_source": "synthetic_demo"}}, {"type": "Feature", "geometry": {"type": "Point", "coordinates": [73.12389, 19.27358]}, "properties": {"id": "VEH-MUM-021", "kind": "car", "city": "Mumbai", "lat": 19.27358, "lon": 73.12389, "heading_deg": 222.1, "speed_kmh": 46.6, "data_source": "synthetic_demo"}}, {"type": "Feature", "geometry": {"type": "Point", "coordinates": [72.86178, 18.87684]}, "properties": {"id": "VEH-MUM-022", "kind": "car", "city": "Mumbai", "lat": 18.87684, "lon": 72.86178, "heading_deg": 310.4, "speed_kmh": 36.8, "data_source": "synthetic_demo"}}, {"type": "Feature", "geometry": {"type": "Point", "coordinates": [72.88932, 19.1003]}, "properties": {"id": "VEH-MUM-023", "kind": "truck", "city": "Mumbai", "lat": 19.1003, "lon": 72.88932, "heading_deg": 165.5, "speed_kmh": 49.4, "data_source": "synthetic_demo"}}, {"type": "Feature", "geometry": {"type": "Point", "coordinates": [72.82323, 18.85234]}, "properties": {"id": "VEH-MUM-024", "kind": "car", "city": "Mumbai", "lat": 18.85234, "lon": 72.82323, "heading_deg": 43.3, "speed_kmh": 46.7, "data_source": "synthetic_demo"}}, {"type": "Feature", "geometry": {"type": "Point", "coordinates": [72.7658, 19.05173]}, "properties": {"id": "VEH-MUM-025", "kind": "bus", "city": "Mumbai", "lat": 19.05173, "lon": 72.7658, "heading_deg": 194.9, "speed_kmh": 40.8, "data_source": "synthetic_demo"}}, {"type": "Feature", "geometry": {"type": "Point", "coordinates": [76.44338, 28.68053]}, "properties": {"id": "VEH-DEL-001", "kind": "car", "city": "Delhi", "lat": 28.68053, "lon": 76.44338, "heading_deg": 157.0, "speed_kmh": 46.2, "data_source": "synthetic_demo"}}, {"type": "Feature", "geometry": {"type": "Point", "coordinates": [77.11916, 29.03624]}, "properties": {"id": "VEH-DEL-002", "kind": "car", "city": "Delhi", "lat": 29.03624, "lon": 77.11916, "heading_deg": 28.7, "speed_kmh": 36.4, "data_source": "synthetic_demo"}}, {"type": "Feature", "geometry": {"type": "Point", "coordinates": [77.21263, 28.62052]}, "properties": {"id": "VEH-DEL-003", "kind": "bus", "city": "Delhi", "lat": 28.62052, "lon": 77.21263, "heading_deg": 19.3, "speed_kmh": 39.4, "data_source": "synthetic_demo"}}, {"type": "Feature", "geometry": {"type": "Point", "coordinates": [77.15935, 28.61095]}, "properties": {"id": "VEH-DEL-004", "kind": "car", "city": "Delhi", "lat": 28.61095, "lon": 77.15935, "heading_deg": 219.6, "speed_kmh": 31.2, "data_source": "synthetic_demo"}}, {"type": "Feature", "geometry": {"type": "Point", "coordinates": [77.00582, 28.79148]}, "properties": {"id": "VEH-DEL-005", "kind": "truck", "city": "Delhi", "lat": 28.79148, "lon": 77.00582, "heading_deg": 329.4, "speed_kmh": 34.1, "data_source": "synthetic_demo"}}, {"type": "Feature", "geometry": {"type": "Point", "coordinates": [77.17735, 28.67208]}, "properties": {"id": "VEH-DEL-006", "kind": "bus", "city": "Delhi", "lat": 28.67208, "lon": 77.17735, "heading_deg": 146.4, "speed_kmh": 49.9, "data_source": "synthetic_demo"}}, {"type": "Feature", "geometry": {"type": "Point", "coordinates": [77.14613, 28.50578]}, "properties": {"id": "VEH-DEL-007", "kind": "truck", "city": "Delhi", "lat": 28.50578, "lon": 77.14613, "heading_deg": 31.1, "speed_kmh": 41.6, "data_source": "synthetic_demo"}}, {"type": "Feature", "geometry": {"type": "Point", "coordinates": [77.03234, 28.87689]}, "properties": {"id": "VEH-DEL-008", "kind": "car", "city": "Delhi", "lat": 28.87689, "lon": 77.03234, "heading_deg": 161.3, "speed_kmh": 34.7, "data_source": "synthetic_demo"}}, {"type": "Feature", "geometry": {"type": "Point", "coordinates": [77.02676, 28.53017]}, "properties": {"id": "VEH-DEL-009", "kind": "bus", "city": "Delhi", "lat": 28.53017, "lon": 77.02676, "heading_deg": 134.4, "speed_kmh": 38.7, "data_source": "synthetic_demo"}}, {"type": "Feature", "geometry": {"type": "Point", "coordinates": [77.02522, 28.58368]}, "properties": {"id": "VEH-DEL-010", "kind": "two_wheeler", "city": "Delhi", "lat": 28.58368, "lon": 77.02522, "heading_deg": 117.0, "speed_kmh": 37.3, "data_source": "synthetic_demo"}}, {"type": "Feature", "geometry": {"type": "Point", "coordinates": [77.12871, 28.95452]}, "properties": {"id": "VEH-DEL-011", "kind": "truck", "city": "Delhi", "lat": 28.95452, "lon": 77.12871, "heading_deg": 59.8, "speed_kmh": 37.2, "data_source": "synthetic_demo"}}, {"type": "Feature", "geometry": {"type": "Point", "coordinates": [77.1324, 28.77585]}, "properties": {"id": "VEH-DEL-012", "kind": "truck", "city": "Delhi", "lat": 28.77585, "lon": 77.1324, "heading_deg": 175.9, "speed_kmh": 33.3, "data_source": "synthetic_demo"}}, {"type": "Feature", "geometry": {"type": "Point", "coordinates": [77.33396, 28.4647]}, "properties": {"id": "VEH-DEL-013", "kind": "truck", "city": "Delhi", "lat": 28.4647, "lon": 77.33396, "heading_deg": 45.8, "speed_kmh": 25.8, "data_source": "synthetic_demo"}}, {"type": "Feature", "geometry": {"type": "Point", "coordinates": [77.17407, 28.56063]}, "properties": {"id": "VEH-DEL-014", "kind": "bus", "city": "Delhi", "lat": 28.56063, "lon": 77.17407, "heading_deg": 186.8, "speed_kmh": 53.0, "data_source": "synthetic_demo"}}, {"type": "Feature", "geometry": {"type": "Point", "coordinates": [76.87477, 28.70811]}, "properties": {"id": "VEH-DEL-015", "kind": "truck", "city": "Delhi", "lat": 28.70811, "lon": 76.87477, "heading_deg": 171.9, "speed_kmh": 38.1, "data_source": "synthetic_demo"}}, {"type": "Feature", "geometry": {"type": "Point", "coordinates": [77.26432, 28.54741]}, "properties": {"id": "VEH-DEL-016", "kind": "two_wheeler", "city": "Delhi", "lat": 28.54741, "lon": 77.26432, "heading_deg": 15.0, "speed_kmh": 40.0, "data_source": "synthetic_demo"}}, {"type": "Feature", "geometry": {"type": "Point", "coordinates": [77.22814, 28.53525]}, "properties": {"id": "VEH-DEL-017", "kind": "two_wheeler", "city": "Delhi", "lat": 28.53525, "lon": 77.22814, "heading_deg": 258.4, "speed_kmh": 30.9, "data_source": "synthetic_demo"}}, {"type": "Feature", "geometry": {"type": "Point", "coordinates": [76.76953, 28.36272]}, "properties": {"id": "VEH-DEL-018", "kind": "bus", "city": "Delhi", "lat": 28.36272, "lon": 76.76953, "heading_deg": 58.6, "speed_kmh": 35.2, "data_source": "synthetic_demo"}}, {"type": "Feature", "geometry": {"type": "Point", "coordinates": [77.11042, 28.6909]}, "properties": {"id": "VEH-DEL-019", "kind": "two_wheeler", "city": "Delhi", "lat": 28.6909, "lon": 77.11042, "heading_deg": 149.7, "speed_kmh": 39.7, "data_source": "synthetic_demo"}}, {"type": "Feature", "geometry": {"type": "Point", "coordinates": [77.2266, 28.70311]}, "properties": {"id": "VEH-DEL-020", "kind": "truck", "city": "Delhi", "lat": 28.70311, "lon": 77.2266, "heading_deg": 215.5, "speed_kmh": 30.7, "data_source": "synthetic_demo"}}, {"type": "Feature", "geometry": {"type": "Point", "coordinates": [77.21803, 28.606]}, "properties": {"id": "VEH-DEL-021", "kind": "bus", "city": "Delhi", "lat": 28.606, "lon": 77.21803, "heading_deg": 121.4, "speed_kmh": 46.3, "data_source": "synthetic_demo"}}, {"type": "Feature", "geometry": {"type": "Point", "coordinates": [77.25227, 28.58011]}, "properties": {"id": "VEH-DEL-022", "kind": "bus", "city": "Delhi", "lat": 28.58011, "lon": 77.25227, "heading_deg": 66.3, "speed_kmh": 46.6, "data_source": "synthetic_demo"}}, {"type": "Feature", "geometry": {"type": "Point", "coordinates": [77.22249, 28.60858]}, "properties": {"id": "VEH-DEL-023", "kind": "truck", "city": "Delhi", "lat": 28.60858, "lon": 77.22249, "heading_deg": 139.5, "speed_kmh": 26.3, "data_source": "synthetic_demo"}}, {"type": "Feature", "geometry": {"type": "Point", "coordinates": [77.15966, 28.5701]}, "properties": {"id": "VEH-DEL-024", "kind": "bus", "city": "Delhi", "lat": 28.5701, "lon": 77.15966, "heading_deg": 269.8, "speed_kmh": 54.1, "data_source": "synthetic_demo"}}, {"type": "Feature", "geometry": {"type": "Point", "coordinates": [77.22578, 28.57523]}, "properties": {"id": "VEH-DEL-025", "kind": "two_wheeler", "city": "Delhi", "lat": 28.57523, "lon": 77.22578, "heading_deg": 77.4, "speed_kmh": 42.2, "data_source": "synthetic_demo"}}, {"type": "Feature", "geometry": {"type": "Point", "coordinates": [80.12358, 13.46338]}, "properties": {"id": "VEH-CHE-001", "kind": "car", "city": "Chennai", "lat": 13.46338, "lon": 80.12358, "heading_deg": 295.8, "speed_kmh": 66.7, "data_source": "synthetic_demo"}}, {"type": "Feature", "geometry": {"type": "Point", "coordinates": [80.3404, 13.10542]}, "properties": {"id": "VEH-CHE-002", "kind": "truck", "city": "Chennai", "lat": 13.10542, "lon": 80.3404, "heading_deg": 148.4, "speed_kmh": 42.2, "data_source": "synthetic_demo"}}, {"type": "Feature", "geometry": {"type": "Point", "coordinates": [80.24765, 12.81531]}, "properties": {"id": "VEH-CHE-003", "kind": "bus", "city": "Chennai", "lat": 12.81531, "lon": 80.24765, "heading_deg": 274.0, "speed_kmh": 36.4, "data_source": "synthetic_demo"}}, {"type": "Feature", "geometry": {"type": "Point", "coordinates": [80.40811, 13.0838]}, "properties": {"id": "VEH-CHE-004", "kind": "bus", "city": "Chennai", "lat": 13.0838, "lon": 80.40811, "heading_deg": 260.0, "speed_kmh": 48.7, "data_source": "synthetic_demo"}}, {"type": "Feature", "geometry": {"type": "Point", "coordinates": [80.38831, 13.04973]}, "properties": {"id": "VEH-CHE-005", "kind": "truck", "city": "Chennai", "lat": 13.04973, "lon": 80.38831, "heading_deg": 298.1, "speed_kmh": 31.9, "data_source": "synthetic_demo"}}, {"type": "Feature", "geometry": {"type": "Point", "coordinates": [80.34184, 13.59887]}, "properties": {"id": "VEH-CHE-006", "kind": "truck", "city": "Chennai", "lat": 13.59887, "lon": 80.34184, "heading_deg": 291.8, "speed_kmh": 28.1, "data_source": "synthetic_demo"}}, {"type": "Feature", "geometry": {"type": "Point", "coordinates": [80.65773, 13.17167]}, "properties": {"id": "VEH-CHE-007", "kind": "bus", "city": "Chennai", "lat": 13.17167, "lon": 80.65773, "heading_deg": 110.2, "speed_kmh": 46.7, "data_source": "synthetic_demo"}}, {"type": "Feature", "geometry": {"type": "Point", "coordinates": [80.27433, 13.08731]}, "properties": {"id": "VEH-CHE-008", "kind": "bus", "city": "Chennai", "lat": 13.08731, "lon": 80.27433, "heading_deg": 140.1, "speed_kmh": 35.5, "data_source": "synthetic_demo"}}, {"type": "Feature", "geometry": {"type": "Point", "coordinates": [80.09595, 13.3486]}, "properties": {"id": "VEH-CHE-009", "kind": "car", "city": "Chennai", "lat": 13.3486, "lon": 80.09595, "heading_deg": 101.1, "speed_kmh": 40.8, "data_source": "synthetic_demo"}}, {"type": "Feature", "geometry": {"type": "Point", "coordinates": [80.29498, 13.07569]}, "properties": {"id": "VEH-CHE-010", "kind": "bus", "city": "Chennai", "lat": 13.07569, "lon": 80.29498, "heading_deg": 135.5, "speed_kmh": 49.3, "data_source": "synthetic_demo"}}, {"type": "Feature", "geometry": {"type": "Point", "coordinates": [80.19965, 13.00296]}, "properties": {"id": "VEH-CHE-011", "kind": "truck", "city": "Chennai", "lat": 13.00296, "lon": 80.19965, "heading_deg": 64.4, "speed_kmh": 29.5, "data_source": "synthetic_demo"}}, {"type": "Feature", "geometry": {"type": "Point", "coordinates": [80.14064, 13.24861]}, "properties": {"id": "VEH-CHE-012", "kind": "bus", "city": "Chennai", "lat": 13.24861, "lon": 80.14064, "heading_deg": 280.7, "speed_kmh": 43.4, "data_source": "synthetic_demo"}}, {"type": "Feature", "geometry": {"type": "Point", "coordinates": [80.25422, 13.10223]}, "properties": {"id": "VEH-CHE-013", "kind": "two_wheeler", "city": "Chennai", "lat": 13.10223, "lon": 80.25422, "heading_deg": 250.4, "speed_kmh": 34.4, "data_source": "synthetic_demo"}}, {"type": "Feature", "geometry": {"type": "Point", "coordinates": [80.28777, 13.07166]}, "properties": {"id": "VEH-CHE-014", "kind": "bus", "city": "Chennai", "lat": 13.07166, "lon": 80.28777, "heading_deg": 207.2, "speed_kmh": 44.7, "data_source": "synthetic_demo"}}, {"type": "Feature", "geometry": {"type": "Point", "coordinates": [80.22508, 13.1873]}, "properties": {"id": "VEH-CHE-015", "kind": "truck", "city": "Chennai", "lat": 13.1873, "lon": 80.22508, "heading_deg": 305.0, "speed_kmh": 34.7, "data_source": "synthetic_demo"}}, {"type": "Feature", "geometry": {"type": "Point", "coordinates": [80.31773, 13.02391]}, "properties": {"id": "VEH-CHE-016", "kind": "car", "city": "Chennai", "lat": 13.02391, "lon": 80.31773, "heading_deg": 288.1, "speed_kmh": 33.7, "data_source": "synthetic_demo"}}, {"type": "Feature", "geometry": {"type": "Point", "coordinates": [80.25876, 12.96902]}, "properties": {"id": "VEH-CHE-017", "kind": "car", "city": "Chennai", "lat": 12.96902, "lon": 80.25876, "heading_deg": 291.2, "speed_kmh": 65.1, "data_source": "synthetic_demo"}}, {"type": "Feature", "geometry": {"type": "Point", "coordinates": [80.15269, 12.97351]}, "properties": {"id": "VEH-CHE-018", "kind": "car", "city": "Chennai", "lat": 12.97351, "lon": 80.15269, "heading_deg": 54.6, "speed_kmh": 63.3, "data_source": "synthetic_demo"}}, {"type": "Feature", "geometry": {"type": "Point", "coordinates": [80.21979, 13.2847]}, "properties": {"id": "VEH-CHE-019", "kind": "bus", "city": "Chennai", "lat": 13.2847, "lon": 80.21979, "heading_deg": 67.1, "speed_kmh": 45.5, "data_source": "synthetic_demo"}}, {"type": "Feature", "geometry": {"type": "Point", "coordinates": [80.2328, 13.03695]}, "properties": {"id": "VEH-CHE-020", "kind": "two_wheeler", "city": "Chennai", "lat": 13.03695, "lon": 80.2328, "heading_deg": 184.5, "speed_kmh": 28.1, "data_source": "synthetic_demo"}}, {"type": "Feature", "geometry": {"type": "Point", "coordinates": [80.27677, 13.07699]}, "properties": {"id": "VEH-CHE-021", "kind": "car", "city": "Chennai", "lat": 13.07699, "lon": 80.27677, "heading_deg": 320.7, "speed_kmh": 48.5, "data_source": "synthetic_demo"}}, {"type": "Feature", "geometry": {"type": "Point", "coordinates": [80.29631, 13.0821]}, "properties": {"id": "VEH-CHE-022", "kind": "truck", "city": "Chennai", "lat": 13.0821, "lon": 80.29631, "heading_deg": 343.4, "speed_kmh": 32.9, "data_source": "synthetic_demo"}}, {"type": "Feature", "geometry": {"type": "Point", "coordinates": [80.00896, 12.70572]}, "properties": {"id": "VEH-CHE-023", "kind": "car", "city": "Chennai", "lat": 12.70572, "lon": 80.00896, "heading_deg": 353.0, "speed_kmh": 36.6, "data_source": "synthetic_demo"}}, {"type": "Feature", "geometry": {"type": "Point", "coordinates": [80.25468, 13.04844]}, "properties": {"id": "VEH-CHE-024", "kind": "two_wheeler", "city": "Chennai", "lat": 13.04844, "lon": 80.25468, "heading_deg": 255.2, "speed_kmh": 38.1, "data_source": "synthetic_demo"}}, {"type": "Feature", "geometry": {"type": "Point", "coordinates": [80.14932, 12.97771]}, "properties": {"id": "VEH-CHE-025", "kind": "two_wheeler", "city": "Chennai", "lat": 12.97771, "lon": 80.14932, "heading_deg": 82.3, "speed_kmh": 20.5, "data_source": "synthetic_demo"}}, {"type": "Feature", "geometry": {"type": "Point", "coordinates": [88.14485, 22.87172]}, "properties": {"id": "VEH-KOL-001", "kind": "bus", "city": "Kolkata", "lat": 22.87172, "lon": 88.14485, "heading_deg": 95.1, "speed_kmh": 51.4, "data_source": "synthetic_demo"}}, {"type": "Feature", "geometry": {"type": "Point", "coordinates": [88.17986, 22.80019]}, "properties": {"id": "VEH-KOL-002", "kind": "truck", "city": "Kolkata", "lat": 22.80019, "lon": 88.17986, "heading_deg": 347.2, "speed_kmh": 29.0, "data_source": "synthetic_demo"}}, {"type": "Feature", "geometry": {"type": "Point", "coordinates": [88.4179, 22.53054]}, "properties": {"id": "VEH-KOL-003", "kind": "truck", "city": "Kolkata", "lat": 22.53054, "lon": 88.4179, "heading_deg": 41.5, "speed_kmh": 28.8, "data_source": "synthetic_demo"}}, {"type": "Feature", "geometry": {"type": "Point", "coordinates": [88.34607, 22.60955]}, "properties": {"id": "VEH-KOL-004", "kind": "bus", "city": "Kolkata", "lat": 22.60955, "lon": 88.34607, "heading_deg": 130.0, "speed_kmh": 47.5, "data_source": "synthetic_demo"}}, {"type": "Feature", "geometry": {"type": "Point", "coordinates": [87.85223, 22.74548]}, "properties": {"id": "VEH-KOL-005", "kind": "bus", "city": "Kolkata", "lat": 22.74548, "lon": 87.85223, "heading_deg": 137.9, "speed_kmh": 45.7, "data_source": "synthetic_demo"}}, {"type": "Feature", "geometry": {"type": "Point", "coordinates": [88.9224, 22.45464]}, "properties": {"id": "VEH-KOL-006", "kind": "car", "city": "Kolkata", "lat": 22.45464, "lon": 88.9224, "heading_deg": 80.2, "speed_kmh": 42.3, "data_source": "synthetic_demo"}}, {"type": "Feature", "geometry": {"type": "Point", "coordinates": [88.50672, 22.49698]}, "properties": {"id": "VEH-KOL-007", "kind": "truck", "city": "Kolkata", "lat": 22.49698, "lon": 88.50672, "heading_deg": 117.7, "speed_kmh": 45.8, "data_source": "synthetic_demo"}}, {"type": "Feature", "geometry": {"type": "Point", "coordinates": [88.36562, 22.62066]}, "properties": {"id": "VEH-KOL-008", "kind": "car", "city": "Kolkata", "lat": 22.62066, "lon": 88.36562, "heading_deg": 20.6, "speed_kmh": 64.6, "data_source": "synthetic_demo"}}, {"type": "Feature", "geometry": {"type": "Point", "coordinates": [88.30067, 22.78667]}, "properties": {"id": "VEH-KOL-009", "kind": "truck", "city": "Kolkata", "lat": 22.78667, "lon": 88.30067, "heading_deg": 78.5, "speed_kmh": 48.0, "data_source": "synthetic_demo"}}, {"type": "Feature", "geometry": {"type": "Point", "coordinates": [88.30799, 22.13777]}, "properties": {"id": "VEH-KOL-010", "kind": "truck", "city": "Kolkata", "lat": 22.13777, "lon": 88.30799, "heading_deg": 245.2, "speed_kmh": 44.9, "data_source": "synthetic_demo"}}, {"type": "Feature", "geometry": {"type": "Point", "coordinates": [88.43164, 22.7846]}, "properties": {"id": "VEH-KOL-011", "kind": "bus", "city": "Kolkata", "lat": 22.7846, "lon": 88.43164, "heading_deg": 103.6, "speed_kmh": 54.6, "data_source": "synthetic_demo"}}, {"type": "Feature", "geometry": {"type": "Point", "coordinates": [88.32762, 22.51348]}, "properties": {"id": "VEH-KOL-012", "kind": "bus", "city": "Kolkata", "lat": 22.51348, "lon": 88.32762, "heading_deg": 283.1, "speed_kmh": 53.0, "data_source": "synthetic_demo"}}, {"type": "Feature", "geometry": {"type": "Point", "coordinates": [88.44777, 22.34113]}, "properties": {"id": "VEH-KOL-013", "kind": "bus", "city": "Kolkata", "lat": 22.34113, "lon": 88.44777, "heading_deg": 57.2, "speed_kmh": 45.6, "data_source": "synthetic_demo"}}, {"type": "Feature", "geometry": {"type": "Point", "coordinates": [88.14435, 22.49629]}, "properties": {"id": "VEH-KOL-014", "kind": "car", "city": "Kolkata", "lat": 22.49629, "lon": 88.14435, "heading_deg": 241.5, "speed_kmh": 31.7, "data_source": "synthetic_demo"}}, {"type": "Feature", "geometry": {"type": "Point", "coordinates": [88.21508, 22.49706]}, "properties": {"id": "VEH-KOL-015", "kind": "two_wheeler", "city": "Kolkata", "lat": 22.49706, "lon": 88.21508, "heading_deg": 351.1, "speed_kmh": 32.8, "data_source": "synthetic_demo"}}, {"type": "Feature", "geometry": {"type": "Point", "coordinates": [88.54668, 22.7115]}, "properties": {"id": "VEH-KOL-016", "kind": "truck", "city": "Kolkata", "lat": 22.7115, "lon": 88.54668, "heading_deg": 322.4, "speed_kmh": 35.9, "data_source": "synthetic_demo"}}, {"type": "Feature", "geometry": {"type": "Point", "coordinates": [88.23662, 22.45391]}, "properties": {"id": "VEH-KOL-017", "kind": "bus", "city": "Kolkata", "lat": 22.45391, "lon": 88.23662, "heading_deg": 304.8, "speed_kmh": 49.2, "data_source": "synthetic_demo"}}, {"type": "Feature", "geometry": {"type": "Point", "coordinates": [88.33121, 22.73422]}, "properties": {"id": "VEH-KOL-018", "kind": "two_wheeler", "city": "Kolkata", "lat": 22.73422, "lon": 88.33121, "heading_deg": 31.7, "speed_kmh": 22.5, "data_source": "synthetic_demo"}}, {"type": "Feature", "geometry": {"type": "Point", "coordinates": [88.09661, 22.4682]}, "properties": {"id": "VEH-KOL-019", "kind": "truck", "city": "Kolkata", "lat": 22.4682, "lon": 88.09661, "heading_deg": 111.5, "speed_kmh": 27.7, "data_source": "synthetic_demo"}}, {"type": "Feature", "geometry": {"type": "Point", "coordinates": [88.38589, 22.40926]}, "properties": {"id": "VEH-KOL-020", "kind": "truck", "city": "Kolkata", "lat": 22.40926, "lon": 88.38589, "heading_deg": 168.6, "speed_kmh": 40.5, "data_source": "synthetic_demo"}}, {"type": "Feature", "geometry": {"type": "Point", "coordinates": [88.36932, 22.57137]}, "properties": {"id": "VEH-KOL-021", "kind": "bus", "city": "Kolkata", "lat": 22.57137, "lon": 88.36932, "heading_deg": 38.5, "speed_kmh": 42.0, "data_source": "synthetic_demo"}}, {"type": "Feature", "geometry": {"type": "Point", "coordinates": [88.53324, 22.67247]}, "properties": {"id": "VEH-KOL-022", "kind": "car", "city": "Kolkata", "lat": 22.67247, "lon": 88.53324, "heading_deg": 100.0, "speed_kmh": 67.1, "data_source": "synthetic_demo"}}, {"type": "Feature", "geometry": {"type": "Point", "coordinates": [88.45118, 22.84665]}, "properties": {"id": "VEH-KOL-023", "kind": "car", "city": "Kolkata", "lat": 22.84665, "lon": 88.45118, "heading_deg": 319.9, "speed_kmh": 39.5, "data_source": "synthetic_demo"}}, {"type": "Feature", "geometry": {"type": "Point", "coordinates": [88.24277, 22.5671]}, "properties": {"id": "VEH-KOL-024", "kind": "car", "city": "Kolkata", "lat": 22.5671, "lon": 88.24277, "heading_deg": 356.2, "speed_kmh": 68.4, "data_source": "synthetic_demo"}}, {"type": "Feature", "geometry": {"type": "Point", "coordinates": [88.35998, 22.61706]}, "properties": {"id": "VEH-KOL-025", "kind": "truck", "city": "Kolkata", "lat": 22.61706, "lon": 88.35998, "heading_deg": 199.0, "speed_kmh": 28.6, "data_source": "synthetic_demo"}}, {"type": "Feature", "geometry": {"type": "Point", "coordinates": [78.67797, 17.14657]}, "properties": {"id": "VEH-HYD-001", "kind": "two_wheeler", "city": "Hyderabad", "lat": 17.14657, "lon": 78.67797, "heading_deg": 112.6, "speed_kmh": 32.5, "data_source": "synthetic_demo"}}, {"type": "Feature", "geometry": {"type": "Point", "coordinates": [78.60079, 17.37515]}, "properties": {"id": "VEH-HYD-002", "kind": "two_wheeler", "city": "Hyderabad", "lat": 17.37515, "lon": 78.60079, "heading_deg": 214.5, "speed_kmh": 38.7, "data_source": "synthetic_demo"}}, {"type": "Feature", "geometry": {"type": "Point", "coordinates": [78.38026, 17.43132]}, "properties": {"id": "VEH-HYD-003", "kind": "bus", "city": "Hyderabad", "lat": 17.43132, "lon": 78.38026, "heading_deg": 338.8, "speed_kmh": 47.7, "data_source": "synthetic_demo"}}, {"type": "Feature", "geometry": {"type": "Point", "coordinates": [78.64293, 17.65006]}, "properties": {"id": "VEH-HYD-004", "kind": "two_wheeler", "city": "Hyderabad", "lat": 17.65006, "lon": 78.64293, "heading_deg": 22.3, "speed_kmh": 39.0, "data_source": "synthetic_demo"}}, {"type": "Feature", "geometry": {"type": "Point", "coordinates": [78.25134, 17.44224]}, "properties": {"id": "VEH-HYD-005", "kind": "truck", "city": "Hyderabad", "lat": 17.44224, "lon": 78.25134, "heading_deg": 167.1, "speed_kmh": 25.2, "data_source": "synthetic_demo"}}, {"type": "Feature", "geometry": {"type": "Point", "coordinates": [78.51738, 17.44345]}, "properties": {"id": "VEH-HYD-006", "kind": "car", "city": "Hyderabad", "lat": 17.44345, "lon": 78.51738, "heading_deg": 94.0, "speed_kmh": 42.3, "data_source": "synthetic_demo"}}, {"type": "Feature", "geometry": {"type": "Point", "coordinates": [78.31105, 17.33829]}, "properties": {"id": "VEH-HYD-007", "kind": "truck", "city": "Hyderabad", "lat": 17.33829, "lon": 78.31105, "heading_deg": 60.2, "speed_kmh": 36.1, "data_source": "synthetic_demo"}}, {"type": "Feature", "geometry": {"type": "Point", "coordinates": [78.60996, 17.51831]}, "properties": {"id": "VEH-HYD-008", "kind": "car", "city": "Hyderabad", "lat": 17.51831, "lon": 78.60996, "heading_deg": 28.6, "speed_kmh": 37.7, "data_source": "synthetic_demo"}}, {"type": "Feature", "geometry": {"type": "Point", "coordinates": [78.85164, 17.59703]}, "properties": {"id": "VEH-HYD-009", "kind": "truck", "city": "Hyderabad", "lat": 17.59703, "lon": 78.85164, "heading_deg": 27.4, "speed_kmh": 30.2, "data_source": "synthetic_demo"}}, {"type": "Feature", "geometry": {"type": "Point", "coordinates": [77.98712, 17.02683]}, "properties": {"id": "VEH-HYD-010", "kind": "bus", "city": "Hyderabad", "lat": 17.02683, "lon": 77.98712, "heading_deg": 131.0, "speed_kmh": 38.4, "data_source": "synthetic_demo"}}, {"type": "Feature", "geometry": {"type": "Point", "coordinates": [78.68316, 17.36946]}, "properties": {"id": "VEH-HYD-011", "kind": "bus", "city": "Hyderabad", "lat": 17.36946, "lon": 78.68316, "heading_deg": 61.5, "speed_kmh": 44.6, "data_source": "synthetic_demo"}}, {"type": "Feature", "geometry": {"type": "Point", "coordinates": [78.76757, 17.46587]}, "properties": {"id": "VEH-HYD-012", "kind": "car", "city": "Hyderabad", "lat": 17.46587, "lon": 78.76757, "heading_deg": 12.9, "speed_kmh": 32.7, "data_source": "synthetic_demo"}}, {"type": "Feature", "geometry": {"type": "Point", "coordinates": [78.77619, 17.14523]}, "properties": {"id": "VEH-HYD-013", "kind": "two_wheeler", "city": "Hyderabad", "lat": 17.14523, "lon": 78.77619, "heading_deg": 245.7, "speed_kmh": 22.1, "data_source": "synthetic_demo"}}, {"type": "Feature", "geometry": {"type": "Point", "coordinates": [78.47062, 17.35133]}, "properties": {"id": "VEH-HYD-014", "kind": "car", "city": "Hyderabad", "lat": 17.35133, "lon": 78.47062, "heading_deg": 186.0, "speed_kmh": 66.1, "data_source": "synthetic_demo"}}, {"type": "Feature", "geometry": {"type": "Point", "coordinates": [78.82639, 17.50025]}, "properties": {"id": "VEH-HYD-015", "kind": "car", "city": "Hyderabad", "lat": 17.50025, "lon": 78.82639, "heading_deg": 203.6, "speed_kmh": 52.6, "data_source": "synthetic_demo"}}, {"type": "Feature", "geometry": {"type": "Point", "coordinates": [78.34746, 17.16715]}, "properties": {"id": "VEH-HYD-016", "kind": "bus", "city": "Hyderabad", "lat": 17.16715, "lon": 78.34746, "heading_deg": 273.2, "speed_kmh": 48.9, "data_source": "synthetic_demo"}}, {"type": "Feature", "geometry": {"type": "Point", "coordinates": [78.46056, 17.35168]}, "properties": {"id": "VEH-HYD-017", "kind": "two_wheeler", "city": "Hyderabad", "lat": 17.35168, "lon": 78.46056, "heading_deg": 110.1, "speed_kmh": 29.0, "data_source": "synthetic_demo"}}, {"type": "Feature", "geometry": {"type": "Point", "coordinates": [78.45115, 17.41085]}, "properties": {"id": "VEH-HYD-018", "kind": "car", "city": "Hyderabad", "lat": 17.41085, "lon": 78.45115, "heading_deg": 258.1, "speed_kmh": 60.1, "data_source": "synthetic_demo"}}, {"type": "Feature", "geometry": {"type": "Point", "coordinates": [78.51134, 17.34383]}, "properties": {"id": "VEH-HYD-019", "kind": "bus", "city": "Hyderabad", "lat": 17.34383, "lon": 78.51134, "heading_deg": 63.4, "speed_kmh": 47.0, "data_source": "synthetic_demo"}}, {"type": "Feature", "geometry": {"type": "Point", "coordinates": [78.45074, 17.46266]}, "properties": {"id": "VEH-HYD-020", "kind": "car", "city": "Hyderabad", "lat": 17.46266, "lon": 78.45074, "heading_deg": 93.8, "speed_kmh": 58.1, "data_source": "synthetic_demo"}}, {"type": "Feature", "geometry": {"type": "Point", "coordinates": [78.48522, 17.37892]}, "properties": {"id": "VEH-HYD-021", "kind": "two_wheeler", "city": "Hyderabad", "lat": 17.37892, "lon": 78.48522, "heading_deg": 39.7, "speed_kmh": 33.5, "data_source": "synthetic_demo"}}, {"type": "Feature", "geometry": {"type": "Point", "coordinates": [78.76813, 17.19077]}, "properties": {"id": "VEH-HYD-022", "kind": "two_wheeler", "city": "Hyderabad", "lat": 17.19077, "lon": 78.76813, "heading_deg": 256.0, "speed_kmh": 32.0, "data_source": "synthetic_demo"}}, {"type": "Feature", "geometry": {"type": "Point", "coordinates": [78.50435, 17.40466]}, "properties": {"id": "VEH-HYD-023", "kind": "truck", "city": "Hyderabad", "lat": 17.40466, "lon": 78.50435, "heading_deg": 101.6, "speed_kmh": 46.2, "data_source": "synthetic_demo"}}, {"type": "Feature", "geometry": {"type": "Point", "coordinates": [78.20573, 17.63882]}, "properties": {"id": "VEH-HYD-024", "kind": "bus", "city": "Hyderabad", "lat": 17.63882, "lon": 78.20573, "heading_deg": 314.5, "speed_kmh": 39.4, "data_source": "synthetic_demo"}}, {"type": "Feature", "geometry": {"type": "Point", "coordinates": [78.4453, 17.37106]}, "properties": {"id": "VEH-HYD-025", "kind": "two_wheeler", "city": "Hyderabad", "lat": 17.37106, "lon": 78.4453, "heading_deg": 110.2, "speed_kmh": 43.9, "data_source": "synthetic_demo"}}, {"type": "Feature", "geometry": {"type": "Point", "coordinates": [85.63134, 20.24616]}, "properties": {"id": "VEH-BHU-001", "kind": "bus", "city": "Bhubaneswar", "lat": 20.24616, "lon": 85.63134, "heading_deg": 76.9, "speed_kmh": 52.3, "data_source": "synthetic_demo"}}, {"type": "Feature", "geometry": {"type": "Point", "coordinates": [85.92102, 20.40532]}, "properties": {"id": "VEH-BHU-002", "kind": "car", "city": "Bhubaneswar", "lat": 20.40532, "lon": 85.92102, "heading_deg": 18.1, "speed_kmh": 48.1, "data_source": "synthetic_demo"}}, {"type": "Feature", "geometry": {"type": "Point", "coordinates": [85.77443, 20.32669]}, "properties": {"id": "VEH-BHU-003", "kind": "truck", "city": "Bhubaneswar", "lat": 20.32669, "lon": 85.77443, "heading_deg": 96.3, "speed_kmh": 46.2, "data_source": "synthetic_demo"}}, {"type": "Feature", "geometry": {"type": "Point", "coordinates": [85.86248, 20.29326]}, "properties": {"id": "VEH-BHU-004", "kind": "truck", "city": "Bhubaneswar", "lat": 20.29326, "lon": 85.86248, "heading_deg": 57.4, "speed_kmh": 36.2, "data_source": "synthetic_demo"}}, {"type": "Feature", "geometry": {"type": "Point", "coordinates": [85.78994, 20.32013]}, "properties": {"id": "VEH-BHU-005", "kind": "car", "city": "Bhubaneswar", "lat": 20.32013, "lon": 85.78994, "heading_deg": 208.6, "speed_kmh": 54.2, "data_source": "synthetic_demo"}}, {"type": "Feature", "geometry": {"type": "Point", "coordinates": [85.80028, 20.30477]}, "properties": {"id": "VEH-BHU-006", "kind": "car", "city": "Bhubaneswar", "lat": 20.30477, "lon": 85.80028, "heading_deg": 180.6, "speed_kmh": 59.8, "data_source": "synthetic_demo"}}, {"type": "Feature", "geometry": {"type": "Point", "coordinates": [85.90966, 20.11078]}, "properties": {"id": "VEH-BHU-007", "kind": "bus", "city": "Bhubaneswar", "lat": 20.11078, "lon": 85.90966, "heading_deg": 94.9, "speed_kmh": 53.2, "data_source": "synthetic_demo"}}, {"type": "Feature", "geometry": {"type": "Point", "coordinates": [85.81686, 20.2984]}, "properties": {"id": "VEH-BHU-008", "kind": "two_wheeler", "city": "Bhubaneswar", "lat": 20.2984, "lon": 85.81686, "heading_deg": 79.7, "speed_kmh": 30.9, "data_source": "synthetic_demo"}}, {"type": "Feature", "geometry": {"type": "Point", "coordinates": [85.51751, 20.41801]}, "properties": {"id": "VEH-BHU-009", "kind": "truck", "city": "Bhubaneswar", "lat": 20.41801, "lon": 85.51751, "heading_deg": 193.9, "speed_kmh": 30.5, "data_source": "synthetic_demo"}}, {"type": "Feature", "geometry": {"type": "Point", "coordinates": [85.8251, 20.29718]}, "properties": {"id": "VEH-BHU-010", "kind": "two_wheeler", "city": "Bhubaneswar", "lat": 20.29718, "lon": 85.8251, "heading_deg": 242.3, "speed_kmh": 38.2, "data_source": "synthetic_demo"}}, {"type": "Feature", "geometry": {"type": "Point", "coordinates": [85.77975, 20.30107]}, "properties": {"id": "VEH-BHU-011", "kind": "bus", "city": "Bhubaneswar", "lat": 20.30107, "lon": 85.77975, "heading_deg": 72.1, "speed_kmh": 45.7, "data_source": "synthetic_demo"}}, {"type": "Feature", "geometry": {"type": "Point", "coordinates": [85.78965, 20.22656]}, "properties": {"id": "VEH-BHU-012", "kind": "bus", "city": "Bhubaneswar", "lat": 20.22656, "lon": 85.78965, "heading_deg": 44.0, "speed_kmh": 53.2, "data_source": "synthetic_demo"}}, {"type": "Feature", "geometry": {"type": "Point", "coordinates": [85.89082, 20.26042]}, "properties": {"id": "VEH-BHU-013", "kind": "truck", "city": "Bhubaneswar", "lat": 20.26042, "lon": 85.89082, "heading_deg": 209.6, "speed_kmh": 34.8, "data_source": "synthetic_demo"}}, {"type": "Feature", "geometry": {"type": "Point", "coordinates": [85.96068, 20.42834]}, "properties": {"id": "VEH-BHU-014", "kind": "truck", "city": "Bhubaneswar", "lat": 20.42834, "lon": 85.96068, "heading_deg": 16.3, "speed_kmh": 29.3, "data_source": "synthetic_demo"}}, {"type": "Feature", "geometry": {"type": "Point", "coordinates": [85.81971, 20.28795]}, "properties": {"id": "VEH-BHU-015", "kind": "bus", "city": "Bhubaneswar", "lat": 20.28795, "lon": 85.81971, "heading_deg": 212.6, "speed_kmh": 51.4, "data_source": "synthetic_demo"}}, {"type": "Feature", "geometry": {"type": "Point", "coordinates": [85.95124, 20.15423]}, "properties": {"id": "VEH-BHU-016", "kind": "bus", "city": "Bhubaneswar", "lat": 20.15423, "lon": 85.95124, "heading_deg": 28.5, "speed_kmh": 43.4, "data_source": "synthetic_demo"}}, {"type": "Feature", "geometry": {"type": "Point", "coordinates": [85.90732, 20.39714]}, "properties": {"id": "VEH-BHU-017", "kind": "bus", "city": "Bhubaneswar", "lat": 20.39714, "lon": 85.90732, "heading_deg": 140.4, "speed_kmh": 50.3, "data_source": "synthetic_demo"}}, {"type": "Feature", "geometry": {"type": "Point", "coordinates": [85.80029, 20.29493]}, "properties": {"id": "VEH-BHU-018", "kind": "bus", "city": "Bhubaneswar", "lat": 20.29493, "lon": 85.80029, "heading_deg": 84.0, "speed_kmh": 40.7, "data_source": "synthetic_demo"}}, {"type": "Feature", "geometry": {"type": "Point", "coordinates": [85.84063, 20.25063]}, "properties": {"id": "VEH-BHU-019", "kind": "bus", "city": "Bhubaneswar", "lat": 20.25063, "lon": 85.84063, "heading_deg": 210.1, "speed_kmh": 51.5, "data_source": "synthetic_demo"}}, {"type": "Feature", "geometry": {"type": "Point", "coordinates": [85.77409, 20.31143]}, "properties": {"id": "VEH-BHU-020", "kind": "car", "city": "Bhubaneswar", "lat": 20.31143, "lon": 85.77409, "heading_deg": 205.1, "speed_kmh": 53.1, "data_source": "synthetic_demo"}}, {"type": "Feature", "geometry": {"type": "Point", "coordinates": [85.84163, 20.29331]}, "properties": {"id": "VEH-BHU-021", "kind": "bus", "city": "Bhubaneswar", "lat": 20.29331, "lon": 85.84163, "heading_deg": 196.7, "speed_kmh": 45.8, "data_source": "synthetic_demo"}}, {"type": "Feature", "geometry": {"type": "Point", "coordinates": [85.80671, 20.27356]}, "properties": {"id": "VEH-BHU-022", "kind": "bus", "city": "Bhubaneswar", "lat": 20.27356, "lon": 85.80671, "heading_deg": 356.9, "speed_kmh": 39.6, "data_source": "synthetic_demo"}}, {"type": "Feature", "geometry": {"type": "Point", "coordinates": [85.80882, 20.12339]}, "properties": {"id": "VEH-BHU-023", "kind": "car", "city": "Bhubaneswar", "lat": 20.12339, "lon": 85.80882, "heading_deg": 225.9, "speed_kmh": 52.0, "data_source": "synthetic_demo"}}, {"type": "Feature", "geometry": {"type": "Point", "coordinates": [85.65719, 20.1687]}, "properties": {"id": "VEH-BHU-024", "kind": "truck", "city": "Bhubaneswar", "lat": 20.1687, "lon": 85.65719, "heading_deg": 30.0, "speed_kmh": 37.0, "data_source": "synthetic_demo"}}, {"type": "Feature", "geometry": {"type": "Point", "coordinates": [85.75999, 20.16328]}, "properties": {"id": "VEH-BHU-025", "kind": "two_wheeler", "city": "Bhubaneswar", "lat": 20.16328, "lon": 85.75999, "heading_deg": 241.2, "speed_kmh": 23.1, "data_source": "synthetic_demo"}}, {"type": "Feature", "geometry": {"type": "Point", "coordinates": [85.85379, 19.86523]}, "properties": {"id": "VEH-PUR-001", "kind": "car", "city": "Puri", "lat": 19.86523, "lon": 85.85379, "heading_deg": 215.0, "speed_kmh": 33.3, "data_source": "synthetic_demo"}}, {"type": "Feature", "geometry": {"type": "Point", "coordinates": [85.85883, 19.73037]}, "properties": {"id": "VEH-PUR-002", "kind": "bus", "city": "Puri", "lat": 19.73037, "lon": 85.85883, "heading_deg": 11.9, "speed_kmh": 53.9, "data_source": "synthetic_demo"}}, {"type": "Feature", "geometry": {"type": "Point", "coordinates": [85.72227, 19.68945]}, "properties": {"id": "VEH-PUR-003", "kind": "bus", "city": "Puri", "lat": 19.68945, "lon": 85.72227, "heading_deg": 80.0, "speed_kmh": 46.9, "data_source": "synthetic_demo"}}, {"type": "Feature", "geometry": {"type": "Point", "coordinates": [85.84725, 19.72039]}, "properties": {"id": "VEH-PUR-004", "kind": "two_wheeler", "city": "Puri", "lat": 19.72039, "lon": 85.84725, "heading_deg": 211.1, "speed_kmh": 35.0, "data_source": "synthetic_demo"}}, {"type": "Feature", "geometry": {"type": "Point", "coordinates": [85.9277, 19.80282]}, "properties": {"id": "VEH-PUR-005", "kind": "car", "city": "Puri", "lat": 19.80282, "lon": 85.9277, "heading_deg": 33.0, "speed_kmh": 40.1, "data_source": "synthetic_demo"}}, {"type": "Feature", "geometry": {"type": "Point", "coordinates": [85.89241, 19.71691]}, "properties": {"id": "VEH-PUR-006", "kind": "truck", "city": "Puri", "lat": 19.71691, "lon": 85.89241, "heading_deg": 112.1, "speed_kmh": 27.5, "data_source": "synthetic_demo"}}, {"type": "Feature", "geometry": {"type": "Point", "coordinates": [85.93097, 19.92689]}, "properties": {"id": "VEH-PUR-007", "kind": "car", "city": "Puri", "lat": 19.92689, "lon": 85.93097, "heading_deg": 186.1, "speed_kmh": 57.5, "data_source": "synthetic_demo"}}, {"type": "Feature", "geometry": {"type": "Point", "coordinates": [85.8499, 19.79968]}, "properties": {"id": "VEH-PUR-008", "kind": "truck", "city": "Puri", "lat": 19.79968, "lon": 85.8499, "heading_deg": 338.7, "speed_kmh": 27.3, "data_source": "synthetic_demo"}}, {"type": "Feature", "geometry": {"type": "Point", "coordinates": [85.84292, 19.78739]}, "properties": {"id": "VEH-PUR-009", "kind": "truck", "city": "Puri", "lat": 19.78739, "lon": 85.84292, "heading_deg": 220.9, "speed_kmh": 34.8, "data_source": "synthetic_demo"}}, {"type": "Feature", "geometry": {"type": "Point", "coordinates": [85.83343, 19.86817]}, "properties": {"id": "VEH-PUR-010", "kind": "bus", "city": "Puri", "lat": 19.86817, "lon": 85.83343, "heading_deg": 311.1, "speed_kmh": 51.0, "data_source": "synthetic_demo"}}, {"type": "Feature", "geometry": {"type": "Point", "coordinates": [85.79038, 19.59317]}, "properties": {"id": "VEH-PUR-011", "kind": "bus", "city": "Puri", "lat": 19.59317, "lon": 85.79038, "heading_deg": 352.7, "speed_kmh": 35.9, "data_source": "synthetic_demo"}}, {"type": "Feature", "geometry": {"type": "Point", "coordinates": [85.75726, 19.83014]}, "properties": {"id": "VEH-PUR-012", "kind": "car", "city": "Puri", "lat": 19.83014, "lon": 85.75726, "heading_deg": 262.8, "speed_kmh": 46.9, "data_source": "synthetic_demo"}}, {"type": "Feature", "geometry": {"type": "Point", "coordinates": [85.82595, 19.80981]}, "properties": {"id": "VEH-PUR-013", "kind": "car", "city": "Puri", "lat": 19.80981, "lon": 85.82595, "heading_deg": 146.4, "speed_kmh": 34.7, "data_source": "synthetic_demo"}}, {"type": "Feature", "geometry": {"type": "Point", "coordinates": [85.90933, 19.78628]}, "properties": {"id": "VEH-PUR-014", "kind": "two_wheeler", "city": "Puri", "lat": 19.78628, "lon": 85.90933, "heading_deg": 96.9, "speed_kmh": 33.0, "data_source": "synthetic_demo"}}, {"type": "Feature", "geometry": {"type": "Point", "coordinates": [85.96919, 19.64958]}, "properties": {"id": "VEH-PUR-015", "kind": "truck", "city": "Puri", "lat": 19.64958, "lon": 85.96919, "heading_deg": 339.1, "speed_kmh": 36.9, "data_source": "synthetic_demo"}}, {"type": "Feature", "geometry": {"type": "Point", "coordinates": [85.8199, 19.83209]}, "properties": {"id": "VEH-PUR-016", "kind": "truck", "city": "Puri", "lat": 19.83209, "lon": 85.8199, "heading_deg": 311.8, "speed_kmh": 41.9, "data_source": "synthetic_demo"}}, {"type": "Feature", "geometry": {"type": "Point", "coordinates": [85.8, 19.81472]}, "properties": {"id": "VEH-PUR-017", "kind": "car", "city": "Puri", "lat": 19.81472, "lon": 85.8, "heading_deg": 244.9, "speed_kmh": 47.1, "data_source": "synthetic_demo"}}, {"type": "Feature", "geometry": {"type": "Point", "coordinates": [85.7208, 19.72099]}, "properties": {"id": "VEH-PUR-018", "kind": "two_wheeler", "city": "Puri", "lat": 19.72099, "lon": 85.7208, "heading_deg": 348.4, "speed_kmh": 28.0, "data_source": "synthetic_demo"}}, {"type": "Feature", "geometry": {"type": "Point", "coordinates": [85.83298, 19.81383]}, "properties": {"id": "VEH-PUR-019", "kind": "bus", "city": "Puri", "lat": 19.81383, "lon": 85.83298, "heading_deg": 340.7, "speed_kmh": 54.9, "data_source": "synthetic_demo"}}, {"type": "Feature", "geometry": {"type": "Point", "coordinates": [85.83067, 19.85917]}, "properties": {"id": "VEH-PUR-020", "kind": "truck", "city": "Puri", "lat": 19.85917, "lon": 85.83067, "heading_deg": 348.6, "speed_kmh": 41.8, "data_source": "synthetic_demo"}}, {"type": "Feature", "geometry": {"type": "Point", "coordinates": [85.83152, 19.82067]}, "properties": {"id": "VEH-PUR-021", "kind": "bus", "city": "Puri", "lat": 19.82067, "lon": 85.83152, "heading_deg": 89.7, "speed_kmh": 53.9, "data_source": "synthetic_demo"}}, {"type": "Feature", "geometry": {"type": "Point", "coordinates": [85.7857, 19.81652]}, "properties": {"id": "VEH-PUR-022", "kind": "two_wheeler", "city": "Puri", "lat": 19.81652, "lon": 85.7857, "heading_deg": 324.8, "speed_kmh": 27.5, "data_source": "synthetic_demo"}}, {"type": "Feature", "geometry": {"type": "Point", "coordinates": [85.99358, 19.73102]}, "properties": {"id": "VEH-PUR-023", "kind": "two_wheeler", "city": "Puri", "lat": 19.73102, "lon": 85.99358, "heading_deg": 16.1, "speed_kmh": 24.0, "data_source": "synthetic_demo"}}, {"type": "Feature", "geometry": {"type": "Point", "coordinates": [85.81993, 19.77766]}, "properties": {"id": "VEH-PUR-024", "kind": "truck", "city": "Puri", "lat": 19.77766, "lon": 85.81993, "heading_deg": 61.2, "speed_kmh": 43.7, "data_source": "synthetic_demo"}}, {"type": "Feature", "geometry": {"type": "Point", "coordinates": [85.833, 19.81397]}, "properties": {"id": "VEH-PUR-025", "kind": "truck", "city": "Puri", "lat": 19.81397, "lon": 85.833, "heading_deg": 96.8, "speed_kmh": 39.6, "data_source": "synthetic_demo"}}, {"type": "Feature", "geometry": {"type": "Point", "coordinates": [83.21113, 17.68641]}, "properties": {"id": "VEH-VIS-001", "kind": "car", "city": "Visakhapatnam", "lat": 17.68641, "lon": 83.21113, "heading_deg": 245.4, "speed_kmh": 51.7, "data_source": "synthetic_demo"}}, {"type": "Feature", "geometry": {"type": "Point", "coordinates": [83.41446, 17.77471]}, "properties": {"id": "VEH-VIS-002", "kind": "two_wheeler", "city": "Visakhapatnam", "lat": 17.77471, "lon": 83.41446, "heading_deg": 310.9, "speed_kmh": 30.2, "data_source": "synthetic_demo"}}, {"type": "Feature", "geometry": {"type": "Point", "coordinates": [83.36478, 17.57007]}, "properties": {"id": "VEH-VIS-003", "kind": "truck", "city": "Visakhapatnam", "lat": 17.57007, "lon": 83.36478, "heading_deg": 36.1, "speed_kmh": 33.9, "data_source": "synthetic_demo"}}, {"type": "Feature", "geometry": {"type": "Point", "coordinates": [83.42117, 17.56212]}, "properties": {"id": "VEH-VIS-004", "kind": "truck", "city": "Visakhapatnam", "lat": 17.56212, "lon": 83.42117, "heading_deg": 245.6, "speed_kmh": 28.1, "data_source": "synthetic_demo"}}, {"type": "Feature", "geometry": {"type": "Point", "coordinates": [83.21451, 17.61991]}, "properties": {"id": "VEH-VIS-005", "kind": "truck", "city": "Visakhapatnam", "lat": 17.61991, "lon": 83.21451, "heading_deg": 82.2, "speed_kmh": 42.5, "data_source": "synthetic_demo"}}, {"type": "Feature", "geometry": {"type": "Point", "coordinates": [83.20497, 17.69215]}, "properties": {"id": "VEH-VIS-006", "kind": "car", "city": "Visakhapatnam", "lat": 17.69215, "lon": 83.20497, "heading_deg": 11.1, "speed_kmh": 49.5, "data_source": "synthetic_demo"}}, {"type": "Feature", "geometry": {"type": "Point", "coordinates": [83.29503, 17.81306]}, "properties": {"id": "VEH-VIS-007", "kind": "car", "city": "Visakhapatnam", "lat": 17.81306, "lon": 83.29503, "heading_deg": 262.7, "speed_kmh": 46.7, "data_source": "synthetic_demo"}}, {"type": "Feature", "geometry": {"type": "Point", "coordinates": [83.23324, 17.80332]}, "properties": {"id": "VEH-VIS-008", "kind": "car", "city": "Visakhapatnam", "lat": 17.80332, "lon": 83.23324, "heading_deg": 150.4, "speed_kmh": 49.5, "data_source": "synthetic_demo"}}, {"type": "Feature", "geometry": {"type": "Point", "coordinates": [83.23015, 17.69185]}, "properties": {"id": "VEH-VIS-009", "kind": "car", "city": "Visakhapatnam", "lat": 17.69185, "lon": 83.23015, "heading_deg": 110.8, "speed_kmh": 59.4, "data_source": "synthetic_demo"}}, {"type": "Feature", "geometry": {"type": "Point", "coordinates": [83.34908, 17.67653]}, "properties": {"id": "VEH-VIS-010", "kind": "two_wheeler", "city": "Visakhapatnam", "lat": 17.67653, "lon": 83.34908, "heading_deg": 335.0, "speed_kmh": 41.1, "data_source": "synthetic_demo"}}, {"type": "Feature", "geometry": {"type": "Point", "coordinates": [83.15387, 17.81584]}, "properties": {"id": "VEH-VIS-011", "kind": "car", "city": "Visakhapatnam", "lat": 17.81584, "lon": 83.15387, "heading_deg": 78.0, "speed_kmh": 66.4, "data_source": "synthetic_demo"}}, {"type": "Feature", "geometry": {"type": "Point", "coordinates": [83.19154, 17.68298]}, "properties": {"id": "VEH-VIS-012", "kind": "car", "city": "Visakhapatnam", "lat": 17.68298, "lon": 83.19154, "heading_deg": 247.0, "speed_kmh": 57.4, "data_source": "synthetic_demo"}}, {"type": "Feature", "geometry": {"type": "Point", "coordinates": [83.28641, 17.70901]}, "properties": {"id": "VEH-VIS-013", "kind": "bus", "city": "Visakhapatnam", "lat": 17.70901, "lon": 83.28641, "heading_deg": 202.5, "speed_kmh": 48.5, "data_source": "synthetic_demo"}}, {"type": "Feature", "geometry": {"type": "Point", "coordinates": [83.05076, 17.61062]}, "properties": {"id": "VEH-VIS-014", "kind": "truck", "city": "Visakhapatnam", "lat": 17.61062, "lon": 83.05076, "heading_deg": 164.9, "speed_kmh": 45.1, "data_source": "synthetic_demo"}}, {"type": "Feature", "geometry": {"type": "Point", "coordinates": [83.10406, 17.70006]}, "properties": {"id": "VEH-VIS-015", "kind": "truck", "city": "Visakhapatnam", "lat": 17.70006, "lon": 83.10406, "heading_deg": 102.5, "speed_kmh": 27.0, "data_source": "synthetic_demo"}}, {"type": "Feature", "geometry": {"type": "Point", "coordinates": [83.39793, 17.60094]}, "properties": {"id": "VEH-VIS-016", "kind": "truck", "city": "Visakhapatnam", "lat": 17.60094, "lon": 83.39793, "heading_deg": 188.9, "speed_kmh": 33.3, "data_source": "synthetic_demo"}}, {"type": "Feature", "geometry": {"type": "Point", "coordinates": [83.23462, 17.67167]}, "properties": {"id": "VEH-VIS-017", "kind": "two_wheeler", "city": "Visakhapatnam", "lat": 17.67167, "lon": 83.23462, "heading_deg": 314.6, "speed_kmh": 26.1, "data_source": "synthetic_demo"}}, {"type": "Feature", "geometry": {"type": "Point", "coordinates": [83.27913, 17.64052]}, "properties": {"id": "VEH-VIS-018", "kind": "bus", "city": "Visakhapatnam", "lat": 17.64052, "lon": 83.27913, "heading_deg": 305.9, "speed_kmh": 47.9, "data_source": "synthetic_demo"}}, {"type": "Feature", "geometry": {"type": "Point", "coordinates": [82.98732, 17.68856]}, "properties": {"id": "VEH-VIS-019", "kind": "truck", "city": "Visakhapatnam", "lat": 17.68856, "lon": 82.98732, "heading_deg": 127.6, "speed_kmh": 43.5, "data_source": "synthetic_demo"}}, {"type": "Feature", "geometry": {"type": "Point", "coordinates": [83.4207, 17.88552]}, "properties": {"id": "VEH-VIS-020", "kind": "truck", "city": "Visakhapatnam", "lat": 17.88552, "lon": 83.4207, "heading_deg": 5.5, "speed_kmh": 43.9, "data_source": "synthetic_demo"}}, {"type": "Feature", "geometry": {"type": "Point", "coordinates": [83.22522, 17.67187]}, "properties": {"id": "VEH-VIS-021", "kind": "car", "city": "Visakhapatnam", "lat": 17.67187, "lon": 83.22522, "heading_deg": 300.1, "speed_kmh": 30.9, "data_source": "synthetic_demo"}}, {"type": "Feature", "geometry": {"type": "Point", "coordinates": [83.18823, 17.63545]}, "properties": {"id": "VEH-VIS-022", "kind": "two_wheeler", "city": "Visakhapatnam", "lat": 17.63545, "lon": 83.18823, "heading_deg": 189.9, "speed_kmh": 40.6, "data_source": "synthetic_demo"}}, {"type": "Feature", "geometry": {"type": "Point", "coordinates": [83.20835, 17.83306]}, "properties": {"id": "VEH-VIS-023", "kind": "truck", "city": "Visakhapatnam", "lat": 17.83306, "lon": 83.20835, "heading_deg": 109.0, "speed_kmh": 35.1, "data_source": "synthetic_demo"}}, {"type": "Feature", "geometry": {"type": "Point", "coordinates": [83.20902, 17.97967]}, "properties": {"id": "VEH-VIS-024", "kind": "bus", "city": "Visakhapatnam", "lat": 17.97967, "lon": 83.20902, "heading_deg": 65.8, "speed_kmh": 48.8, "data_source": "synthetic_demo"}}, {"type": "Feature", "geometry": {"type": "Point", "coordinates": [83.27366, 17.68454]}, "properties": {"id": "VEH-VIS-025", "kind": "truck", "city": "Visakhapatnam", "lat": 17.68454, "lon": 83.27366, "heading_deg": 167.6, "speed_kmh": 39.4, "data_source": "synthetic_demo"}}, {"type": "Feature", "geometry": {"type": "Point", "coordinates": [91.73543, 26.12533]}, "properties": {"id": "VEH-GUW-001", "kind": "car", "city": "Guwahati", "lat": 26.12533, "lon": 91.73543, "heading_deg": 229.0, "speed_kmh": 64.1, "data_source": "synthetic_demo"}}, {"type": "Feature", "geometry": {"type": "Point", "coordinates": [91.73192, 26.16006]}, "properties": {"id": "VEH-GUW-002", "kind": "bus", "city": "Guwahati", "lat": 26.16006, "lon": 91.73192, "heading_deg": 62.1, "speed_kmh": 35.9, "data_source": "synthetic_demo"}}, {"type": "Feature", "geometry": {"type": "Point", "coordinates": [91.81794, 26.13714]}, "properties": {"id": "VEH-GUW-003", "kind": "truck", "city": "Guwahati", "lat": 26.13714, "lon": 91.81794, "heading_deg": 54.5, "speed_kmh": 34.6, "data_source": "synthetic_demo"}}, {"type": "Feature", "geometry": {"type": "Point", "coordinates": [91.35516, 26.39564]}, "properties": {"id": "VEH-GUW-004", "kind": "car", "city": "Guwahati", "lat": 26.39564, "lon": 91.35516, "heading_deg": 104.6, "speed_kmh": 35.3, "data_source": "synthetic_demo"}}, {"type": "Feature", "geometry": {"type": "Point", "coordinates": [91.65812, 26.35841]}, "properties": {"id": "VEH-GUW-005", "kind": "car", "city": "Guwahati", "lat": 26.35841, "lon": 91.65812, "heading_deg": 154.4, "speed_kmh": 44.4, "data_source": "synthetic_demo"}}, {"type": "Feature", "geometry": {"type": "Point", "coordinates": [91.72818, 26.03225]}, "properties": {"id": "VEH-GUW-006", "kind": "two_wheeler", "city": "Guwahati", "lat": 26.03225, "lon": 91.72818, "heading_deg": 293.2, "speed_kmh": 26.6, "data_source": "synthetic_demo"}}, {"type": "Feature", "geometry": {"type": "Point", "coordinates": [91.57704, 25.86952]}, "properties": {"id": "VEH-GUW-007", "kind": "two_wheeler", "city": "Guwahati", "lat": 25.86952, "lon": 91.57704, "heading_deg": 85.1, "speed_kmh": 26.9, "data_source": "synthetic_demo"}}, {"type": "Feature", "geometry": {"type": "Point", "coordinates": [91.72937, 26.14835]}, "properties": {"id": "VEH-GUW-008", "kind": "car", "city": "Guwahati", "lat": 26.14835, "lon": 91.72937, "heading_deg": 286.1, "speed_kmh": 34.6, "data_source": "synthetic_demo"}}, {"type": "Feature", "geometry": {"type": "Point", "coordinates": [91.53736, 26.11291]}, "properties": {"id": "VEH-GUW-009", "kind": "bus", "city": "Guwahati", "lat": 26.11291, "lon": 91.53736, "heading_deg": 309.5, "speed_kmh": 46.2, "data_source": "synthetic_demo"}}, {"type": "Feature", "geometry": {"type": "Point", "coordinates": [91.57082, 26.17448]}, "properties": {"id": "VEH-GUW-010", "kind": "truck", "city": "Guwahati", "lat": 26.17448, "lon": 91.57082, "heading_deg": 295.5, "speed_kmh": 35.2, "data_source": "synthetic_demo"}}, {"type": "Feature", "geometry": {"type": "Point", "coordinates": [91.77897, 26.32625]}, "properties": {"id": "VEH-GUW-011", "kind": "truck", "city": "Guwahati", "lat": 26.32625, "lon": 91.77897, "heading_deg": 226.6, "speed_kmh": 40.8, "data_source": "synthetic_demo"}}, {"type": "Feature", "geometry": {"type": "Point", "coordinates": [91.72521, 26.16872]}, "properties": {"id": "VEH-GUW-012", "kind": "truck", "city": "Guwahati", "lat": 26.16872, "lon": 91.72521, "heading_deg": 10.4, "speed_kmh": 28.4, "data_source": "synthetic_demo"}}, {"type": "Feature", "geometry": {"type": "Point", "coordinates": [91.77486, 26.06206]}, "properties": {"id": "VEH-GUW-013", "kind": "bus", "city": "Guwahati", "lat": 26.06206, "lon": 91.77486, "heading_deg": 138.5, "speed_kmh": 52.4, "data_source": "synthetic_demo"}}, {"type": "Feature", "geometry": {"type": "Point", "coordinates": [91.72171, 26.17616]}, "properties": {"id": "VEH-GUW-014", "kind": "car", "city": "Guwahati", "lat": 26.17616, "lon": 91.72171, "heading_deg": 6.8, "speed_kmh": 40.4, "data_source": "synthetic_demo"}}, {"type": "Feature", "geometry": {"type": "Point", "coordinates": [91.73631, 26.17191]}, "properties": {"id": "VEH-GUW-015", "kind": "bus", "city": "Guwahati", "lat": 26.17191, "lon": 91.73631, "heading_deg": 103.4, "speed_kmh": 47.1, "data_source": "synthetic_demo"}}, {"type": "Feature", "geometry": {"type": "Point", "coordinates": [91.55143, 26.02507]}, "properties": {"id": "VEH-GUW-016", "kind": "two_wheeler", "city": "Guwahati", "lat": 26.02507, "lon": 91.55143, "heading_deg": 221.2, "speed_kmh": 20.9, "data_source": "synthetic_demo"}}, {"type": "Feature", "geometry": {"type": "Point", "coordinates": [91.6951, 26.08098]}, "properties": {"id": "VEH-GUW-017", "kind": "truck", "city": "Guwahati", "lat": 26.08098, "lon": 91.6951, "heading_deg": 78.4, "speed_kmh": 35.5, "data_source": "synthetic_demo"}}, {"type": "Feature", "geometry": {"type": "Point", "coordinates": [91.87998, 26.12081]}, "properties": {"id": "VEH-GUW-018", "kind": "truck", "city": "Guwahati", "lat": 26.12081, "lon": 91.87998, "heading_deg": 58.6, "speed_kmh": 44.9, "data_source": "synthetic_demo"}}, {"type": "Feature", "geometry": {"type": "Point", "coordinates": [91.703, 26.16677]}, "properties": {"id": "VEH-GUW-019", "kind": "bus", "city": "Guwahati", "lat": 26.16677, "lon": 91.703, "heading_deg": 243.9, "speed_kmh": 43.3, "data_source": "synthetic_demo"}}, {"type": "Feature", "geometry": {"type": "Point", "coordinates": [91.6917, 26.08648]}, "properties": {"id": "VEH-GUW-020", "kind": "car", "city": "Guwahati", "lat": 26.08648, "lon": 91.6917, "heading_deg": 340.3, "speed_kmh": 40.6, "data_source": "synthetic_demo"}}, {"type": "Feature", "geometry": {"type": "Point", "coordinates": [91.74124, 26.18691]}, "properties": {"id": "VEH-GUW-021", "kind": "car", "city": "Guwahati", "lat": 26.18691, "lon": 91.74124, "heading_deg": 68.5, "speed_kmh": 67.8, "data_source": "synthetic_demo"}}, {"type": "Feature", "geometry": {"type": "Point", "coordinates": [91.72354, 26.16413]}, "properties": {"id": "VEH-GUW-022", "kind": "truck", "city": "Guwahati", "lat": 26.16413, "lon": 91.72354, "heading_deg": 235.6, "speed_kmh": 37.2, "data_source": "synthetic_demo"}}, {"type": "Feature", "geometry": {"type": "Point", "coordinates": [91.72258, 26.23384]}, "properties": {"id": "VEH-GUW-023", "kind": "car", "city": "Guwahati", "lat": 26.23384, "lon": 91.72258, "heading_deg": 338.8, "speed_kmh": 37.3, "data_source": "synthetic_demo"}}, {"type": "Feature", "geometry": {"type": "Point", "coordinates": [91.76404, 26.16385]}, "properties": {"id": "VEH-GUW-024", "kind": "bus", "city": "Guwahati", "lat": 26.16385, "lon": 91.76404, "heading_deg": 275.1, "speed_kmh": 51.7, "data_source": "synthetic_demo"}}, {"type": "Feature", "geometry": {"type": "Point", "coordinates": [91.75536, 26.17923]}, "properties": {"id": "VEH-GUW-025", "kind": "bus", "city": "Guwahati", "lat": 26.17923, "lon": 91.75536, "heading_deg": 116.5, "speed_kmh": 48.7, "data_source": "synthetic_demo"}}, {"type": "Feature", "geometry": {"type": "Point", "coordinates": [72.38271, 22.87682]}, "properties": {"id": "VEH-AHM-001", "kind": "car", "city": "Ahmedabad", "lat": 22.87682, "lon": 72.38271, "heading_deg": 330.3, "speed_kmh": 65.2, "data_source": "synthetic_demo"}}, {"type": "Feature", "geometry": {"type": "Point", "coordinates": [72.38369, 22.98174]}, "properties": {"id": "VEH-AHM-002", "kind": "two_wheeler", "city": "Ahmedabad", "lat": 22.98174, "lon": 72.38369, "heading_deg": 279.6, "speed_kmh": 42.7, "data_source": "synthetic_demo"}}, {"type": "Feature", "geometry": {"type": "Point", "coordinates": [72.57642, 22.99467]}, "properties": {"id": "VEH-AHM-003", "kind": "two_wheeler", "city": "Ahmedabad", "lat": 22.99467, "lon": 72.57642, "heading_deg": 133.3, "speed_kmh": 29.8, "data_source": "synthetic_demo"}}, {"type": "Feature", "geometry": {"type": "Point", "coordinates": [72.5015, 22.97687]}, "properties": {"id": "VEH-AHM-004", "kind": "car", "city": "Ahmedabad", "lat": 22.97687, "lon": 72.5015, "heading_deg": 244.9, "speed_kmh": 56.1, "data_source": "synthetic_demo"}}, {"type": "Feature", "geometry": {"type": "Point", "coordinates": [72.70477, 22.8639]}, "properties": {"id": "VEH-AHM-005", "kind": "bus", "city": "Ahmedabad", "lat": 22.8639, "lon": 72.70477, "heading_deg": 305.9, "speed_kmh": 48.0, "data_source": "synthetic_demo"}}, {"type": "Feature", "geometry": {"type": "Point", "coordinates": [72.51963, 22.97329]}, "properties": {"id": "VEH-AHM-006", "kind": "bus", "city": "Ahmedabad", "lat": 22.97329, "lon": 72.51963, "heading_deg": 282.4, "speed_kmh": 54.9, "data_source": "synthetic_demo"}}, {"type": "Feature", "geometry": {"type": "Point", "coordinates": [72.52305, 23.28049]}, "properties": {"id": "VEH-AHM-007", "kind": "two_wheeler", "city": "Ahmedabad", "lat": 23.28049, "lon": 72.52305, "heading_deg": 266.6, "speed_kmh": 40.3, "data_source": "synthetic_demo"}}, {"type": "Feature", "geometry": {"type": "Point", "coordinates": [72.6001, 23.13592]}, "properties": {"id": "VEH-AHM-008", "kind": "truck", "city": "Ahmedabad", "lat": 23.13592, "lon": 72.6001, "heading_deg": 332.4, "speed_kmh": 30.9, "data_source": "synthetic_demo"}}, {"type": "Feature", "geometry": {"type": "Point", "coordinates": [72.55192, 23.0066]}, "properties": {"id": "VEH-AHM-009", "kind": "truck", "city": "Ahmedabad", "lat": 23.0066, "lon": 72.55192, "heading_deg": 10.7, "speed_kmh": 45.0, "data_source": "synthetic_demo"}}, {"type": "Feature", "geometry": {"type": "Point", "coordinates": [72.45648, 23.01838]}, "properties": {"id": "VEH-AHM-010", "kind": "car", "city": "Ahmedabad", "lat": 23.01838, "lon": 72.45648, "heading_deg": 327.9, "speed_kmh": 57.6, "data_source": "synthetic_demo"}}, {"type": "Feature", "geometry": {"type": "Point", "coordinates": [72.68049, 23.02104]}, "properties": {"id": "VEH-AHM-011", "kind": "bus", "city": "Ahmedabad", "lat": 23.02104, "lon": 72.68049, "heading_deg": 2.7, "speed_kmh": 52.6, "data_source": "synthetic_demo"}}, {"type": "Feature", "geometry": {"type": "Point", "coordinates": [72.70036, 23.30338]}, "properties": {"id": "VEH-AHM-012", "kind": "car", "city": "Ahmedabad", "lat": 23.30338, "lon": 72.70036, "heading_deg": 198.3, "speed_kmh": 53.6, "data_source": "synthetic_demo"}}, {"type": "Feature", "geometry": {"type": "Point", "coordinates": [72.60586, 23.02454]}, "properties": {"id": "VEH-AHM-013", "kind": "truck", "city": "Ahmedabad", "lat": 23.02454, "lon": 72.60586, "heading_deg": 51.8, "speed_kmh": 32.7, "data_source": "synthetic_demo"}}, {"type": "Feature", "geometry": {"type": "Point", "coordinates": [72.40346, 23.19546]}, "properties": {"id": "VEH-AHM-014", "kind": "car", "city": "Ahmedabad", "lat": 23.19546, "lon": 72.40346, "heading_deg": 236.5, "speed_kmh": 34.9, "data_source": "synthetic_demo"}}, {"type": "Feature", "geometry": {"type": "Point", "coordinates": [72.40954, 22.97986]}, "properties": {"id": "VEH-AHM-015", "kind": "truck", "city": "Ahmedabad", "lat": 22.97986, "lon": 72.40954, "heading_deg": 307.8, "speed_kmh": 27.3, "data_source": "synthetic_demo"}}, {"type": "Feature", "geometry": {"type": "Point", "coordinates": [72.45883, 23.02038]}, "properties": {"id": "VEH-AHM-016", "kind": "car", "city": "Ahmedabad", "lat": 23.02038, "lon": 72.45883, "heading_deg": 351.7, "speed_kmh": 41.2, "data_source": "synthetic_demo"}}, {"type": "Feature", "geometry": {"type": "Point", "coordinates": [72.64397, 23.18457]}, "properties": {"id": "VEH-AHM-017", "kind": "two_wheeler", "city": "Ahmedabad", "lat": 23.18457, "lon": 72.64397, "heading_deg": 216.9, "speed_kmh": 23.9, "data_source": "synthetic_demo"}}, {"type": "Feature", "geometry": {"type": "Point", "coordinates": [72.30759, 23.01803]}, "properties": {"id": "VEH-AHM-018", "kind": "truck", "city": "Ahmedabad", "lat": 23.01803, "lon": 72.30759, "heading_deg": 51.2, "speed_kmh": 39.9, "data_source": "synthetic_demo"}}, {"type": "Feature", "geometry": {"type": "Point", "coordinates": [72.59509, 23.01749]}, "properties": {"id": "VEH-AHM-019", "kind": "truck", "city": "Ahmedabad", "lat": 23.01749, "lon": 72.59509, "heading_deg": 248.2, "speed_kmh": 41.2, "data_source": "synthetic_demo"}}, {"type": "Feature", "geometry": {"type": "Point", "coordinates": [72.65182, 23.03773]}, "properties": {"id": "VEH-AHM-020", "kind": "bus", "city": "Ahmedabad", "lat": 23.03773, "lon": 72.65182, "heading_deg": 300.3, "speed_kmh": 42.1, "data_source": "synthetic_demo"}}, {"type": "Feature", "geometry": {"type": "Point", "coordinates": [72.61428, 22.90574]}, "properties": {"id": "VEH-AHM-021", "kind": "car", "city": "Ahmedabad", "lat": 22.90574, "lon": 72.61428, "heading_deg": 256.4, "speed_kmh": 43.6, "data_source": "synthetic_demo"}}, {"type": "Feature", "geometry": {"type": "Point", "coordinates": [72.5881, 22.97985]}, "properties": {"id": "VEH-AHM-022", "kind": "two_wheeler", "city": "Ahmedabad", "lat": 22.97985, "lon": 72.5881, "heading_deg": 266.6, "speed_kmh": 37.4, "data_source": "synthetic_demo"}}, {"type": "Feature", "geometry": {"type": "Point", "coordinates": [72.66664, 22.95961]}, "properties": {"id": "VEH-AHM-023", "kind": "truck", "city": "Ahmedabad", "lat": 22.95961, "lon": 72.66664, "heading_deg": 358.1, "speed_kmh": 37.9, "data_source": "synthetic_demo"}}, {"type": "Feature", "geometry": {"type": "Point", "coordinates": [72.51036, 23.00452]}, "properties": {"id": "VEH-AHM-024", "kind": "two_wheeler", "city": "Ahmedabad", "lat": 23.00452, "lon": 72.51036, "heading_deg": 90.0, "speed_kmh": 43.9, "data_source": "synthetic_demo"}}, {"type": "Feature", "geometry": {"type": "Point", "coordinates": [72.64311, 23.00472]}, "properties": {"id": "VEH-AHM-025", "kind": "two_wheeler", "city": "Ahmedabad", "lat": 23.00472, "lon": 72.64311, "heading_deg": 291.4, "speed_kmh": 43.0, "data_source": "synthetic_demo"}}, {"type": "Feature", "geometry": {"type": "Point", "coordinates": [75.70429, 27.03268]}, "properties": {"id": "VEH-JAI-001", "kind": "two_wheeler", "city": "Jaipur", "lat": 27.03268, "lon": 75.70429, "heading_deg": 33.2, "speed_kmh": 38.5, "data_source": "synthetic_demo"}}, {"type": "Feature", "geometry": {"type": "Point", "coordinates": [75.9151, 27.11882]}, "properties": {"id": "VEH-JAI-002", "kind": "car", "city": "Jaipur", "lat": 27.11882, "lon": 75.9151, "heading_deg": 195.3, "speed_kmh": 39.7, "data_source": "synthetic_demo"}}, {"type": "Feature", "geometry": {"type": "Point", "coordinates": [75.72311, 27.04633]}, "properties": {"id": "VEH-JAI-003", "kind": "two_wheeler", "city": "Jaipur", "lat": 27.04633, "lon": 75.72311, "heading_deg": 299.6, "speed_kmh": 35.9, "data_source": "synthetic_demo"}}, {"type": "Feature", "geometry": {"type": "Point", "coordinates": [75.81777, 26.79807]}, "properties": {"id": "VEH-JAI-004", "kind": "two_wheeler", "city": "Jaipur", "lat": 26.79807, "lon": 75.81777, "heading_deg": 43.7, "speed_kmh": 27.2, "data_source": "synthetic_demo"}}, {"type": "Feature", "geometry": {"type": "Point", "coordinates": [75.78121, 26.90282]}, "properties": {"id": "VEH-JAI-005", "kind": "truck", "city": "Jaipur", "lat": 26.90282, "lon": 75.78121, "heading_deg": 108.5, "speed_kmh": 28.2, "data_source": "synthetic_demo"}}, {"type": "Feature", "geometry": {"type": "Point", "coordinates": [75.73012, 27.02166]}, "properties": {"id": "VEH-JAI-006", "kind": "bus", "city": "Jaipur", "lat": 27.02166, "lon": 75.73012, "heading_deg": 79.5, "speed_kmh": 42.9, "data_source": "synthetic_demo"}}, {"type": "Feature", "geometry": {"type": "Point", "coordinates": [75.83421, 26.91179]}, "properties": {"id": "VEH-JAI-007", "kind": "car", "city": "Jaipur", "lat": 26.91179, "lon": 75.83421, "heading_deg": 178.2, "speed_kmh": 52.1, "data_source": "synthetic_demo"}}, {"type": "Feature", "geometry": {"type": "Point", "coordinates": [75.75368, 26.78899]}, "properties": {"id": "VEH-JAI-008", "kind": "truck", "city": "Jaipur", "lat": 26.78899, "lon": 75.75368, "heading_deg": 52.6, "speed_kmh": 49.6, "data_source": "synthetic_demo"}}, {"type": "Feature", "geometry": {"type": "Point", "coordinates": [75.67873, 26.89855]}, "properties": {"id": "VEH-JAI-009", "kind": "bus", "city": "Jaipur", "lat": 26.89855, "lon": 75.67873, "heading_deg": 173.7, "speed_kmh": 40.2, "data_source": "synthetic_demo"}}, {"type": "Feature", "geometry": {"type": "Point", "coordinates": [75.97581, 26.75236]}, "properties": {"id": "VEH-JAI-010", "kind": "truck", "city": "Jaipur", "lat": 26.75236, "lon": 75.97581, "heading_deg": 88.9, "speed_kmh": 35.4, "data_source": "synthetic_demo"}}, {"type": "Feature", "geometry": {"type": "Point", "coordinates": [75.73225, 26.89214]}, "properties": {"id": "VEH-JAI-011", "kind": "car", "city": "Jaipur", "lat": 26.89214, "lon": 75.73225, "heading_deg": 71.1, "speed_kmh": 31.8, "data_source": "synthetic_demo"}}, {"type": "Feature", "geometry": {"type": "Point", "coordinates": [75.76613, 26.89499]}, "properties": {"id": "VEH-JAI-012", "kind": "car", "city": "Jaipur", "lat": 26.89499, "lon": 75.76613, "heading_deg": 197.6, "speed_kmh": 69.0, "data_source": "synthetic_demo"}}, {"type": "Feature", "geometry": {"type": "Point", "coordinates": [75.68827, 27.01589]}, "properties": {"id": "VEH-JAI-013", "kind": "two_wheeler", "city": "Jaipur", "lat": 27.01589, "lon": 75.68827, "heading_deg": 46.9, "speed_kmh": 24.3, "data_source": "synthetic_demo"}}, {"type": "Feature", "geometry": {"type": "Point", "coordinates": [75.72402, 26.81892]}, "properties": {"id": "VEH-JAI-014", "kind": "two_wheeler", "city": "Jaipur", "lat": 26.81892, "lon": 75.72402, "heading_deg": 243.0, "speed_kmh": 23.1, "data_source": "synthetic_demo"}}, {"type": "Feature", "geometry": {"type": "Point", "coordinates": [75.81679, 26.86227]}, "properties": {"id": "VEH-JAI-015", "kind": "truck", "city": "Jaipur", "lat": 26.86227, "lon": 75.81679, "heading_deg": 348.1, "speed_kmh": 25.3, "data_source": "synthetic_demo"}}, {"type": "Feature", "geometry": {"type": "Point", "coordinates": [76.17478, 26.89621]}, "properties": {"id": "VEH-JAI-016", "kind": "bus", "city": "Jaipur", "lat": 26.89621, "lon": 76.17478, "heading_deg": 145.0, "speed_kmh": 53.2, "data_source": "synthetic_demo"}}, {"type": "Feature", "geometry": {"type": "Point", "coordinates": [75.89437, 27.19781]}, "properties": {"id": "VEH-JAI-017", "kind": "bus", "city": "Jaipur", "lat": 27.19781, "lon": 75.89437, "heading_deg": 51.5, "speed_kmh": 46.1, "data_source": "synthetic_demo"}}, {"type": "Feature", "geometry": {"type": "Point", "coordinates": [75.78899, 26.90404]}, "properties": {"id": "VEH-JAI-018", "kind": "car", "city": "Jaipur", "lat": 26.90404, "lon": 75.78899, "heading_deg": 86.3, "speed_kmh": 35.1, "data_source": "synthetic_demo"}}, {"type": "Feature", "geometry": {"type": "Point", "coordinates": [76.0639, 26.99157]}, "properties": {"id": "VEH-JAI-019", "kind": "two_wheeler", "city": "Jaipur", "lat": 26.99157, "lon": 76.0639, "heading_deg": 326.7, "speed_kmh": 30.2, "data_source": "synthetic_demo"}}, {"type": "Feature", "geometry": {"type": "Point", "coordinates": [75.79315, 26.89345]}, "properties": {"id": "VEH-JAI-020", "kind": "two_wheeler", "city": "Jaipur", "lat": 26.89345, "lon": 75.79315, "heading_deg": 10.5, "speed_kmh": 44.5, "data_source": "synthetic_demo"}}, {"type": "Feature", "geometry": {"type": "Point", "coordinates": [75.83246, 26.9092]}, "properties": {"id": "VEH-JAI-021", "kind": "bus", "city": "Jaipur", "lat": 26.9092, "lon": 75.83246, "heading_deg": 299.9, "speed_kmh": 44.1, "data_source": "synthetic_demo"}}, {"type": "Feature", "geometry": {"type": "Point", "coordinates": [75.71824, 26.90535]}, "properties": {"id": "VEH-JAI-022", "kind": "car", "city": "Jaipur", "lat": 26.90535, "lon": 75.71824, "heading_deg": 158.6, "speed_kmh": 35.9, "data_source": "synthetic_demo"}}, {"type": "Feature", "geometry": {"type": "Point", "coordinates": [75.85811, 26.75143]}, "properties": {"id": "VEH-JAI-023", "kind": "truck", "city": "Jaipur", "lat": 26.75143, "lon": 75.85811, "heading_deg": 159.1, "speed_kmh": 44.0, "data_source": "synthetic_demo"}}, {"type": "Feature", "geometry": {"type": "Point", "coordinates": [76.03161, 26.65517]}, "properties": {"id": "VEH-JAI-024", "kind": "car", "city": "Jaipur", "lat": 26.65517, "lon": 76.03161, "heading_deg": 228.6, "speed_kmh": 33.4, "data_source": "synthetic_demo"}}, {"type": "Feature", "geometry": {"type": "Point", "coordinates": [75.91338, 26.90902]}, "properties": {"id": "VEH-JAI-025", "kind": "truck", "city": "Jaipur", "lat": 26.90902, "lon": 75.91338, "heading_deg": 100.8, "speed_kmh": 36.2, "data_source": "synthetic_demo"}}, {"type": "Feature", "geometry": {"type": "Point", "coordinates": [76.31648, 9.83149]}, "properties": {"id": "VEH-KOC-001", "kind": "car", "city": "Kochi", "lat": 9.83149, "lon": 76.31648, "heading_deg": 137.6, "speed_kmh": 66.1, "data_source": "synthetic_demo"}}, {"type": "Feature", "geometry": {"type": "Point", "coordinates": [76.22416, 9.93661]}, "properties": {"id": "VEH-KOC-002", "kind": "bus", "city": "Kochi", "lat": 9.93661, "lon": 76.22416, "heading_deg": 329.1, "speed_kmh": 49.7, "data_source": "synthetic_demo"}}, {"type": "Feature", "geometry": {"type": "Point", "coordinates": [76.30528, 10.14825]}, "properties": {"id": "VEH-KOC-003", "kind": "car", "city": "Kochi", "lat": 10.14825, "lon": 76.30528, "heading_deg": 323.0, "speed_kmh": 46.8, "data_source": "synthetic_demo"}}, {"type": "Feature", "geometry": {"type": "Point", "coordinates": [76.30562, 9.69674]}, "properties": {"id": "VEH-KOC-004", "kind": "car", "city": "Kochi", "lat": 9.69674, "lon": 76.30562, "heading_deg": 143.9, "speed_kmh": 64.4, "data_source": "synthetic_demo"}}, {"type": "Feature", "geometry": {"type": "Point", "coordinates": [76.38673, 9.94401]}, "properties": {"id": "VEH-KOC-005", "kind": "truck", "city": "Kochi", "lat": 9.94401, "lon": 76.38673, "heading_deg": 158.4, "speed_kmh": 26.9, "data_source": "synthetic_demo"}}, {"type": "Feature", "geometry": {"type": "Point", "coordinates": [76.31191, 10.09312]}, "properties": {"id": "VEH-KOC-006", "kind": "two_wheeler", "city": "Kochi", "lat": 10.09312, "lon": 76.31191, "heading_deg": 142.5, "speed_kmh": 23.8, "data_source": "synthetic_demo"}}, {"type": "Feature", "geometry": {"type": "Point", "coordinates": [76.36399, 9.90704]}, "properties": {"id": "VEH-KOC-007", "kind": "two_wheeler", "city": "Kochi", "lat": 9.90704, "lon": 76.36399, "heading_deg": 314.1, "speed_kmh": 24.5, "data_source": "synthetic_demo"}}, {"type": "Feature", "geometry": {"type": "Point", "coordinates": [76.49888, 9.93017]}, "properties": {"id": "VEH-KOC-008", "kind": "two_wheeler", "city": "Kochi", "lat": 9.93017, "lon": 76.49888, "heading_deg": 160.4, "speed_kmh": 35.3, "data_source": "synthetic_demo"}}, {"type": "Feature", "geometry": {"type": "Point", "coordinates": [76.21948, 9.85469]}, "properties": {"id": "VEH-KOC-009", "kind": "truck", "city": "Kochi", "lat": 9.85469, "lon": 76.21948, "heading_deg": 285.8, "speed_kmh": 49.9, "data_source": "synthetic_demo"}}, {"type": "Feature", "geometry": {"type": "Point", "coordinates": [76.42108, 9.92391]}, "properties": {"id": "VEH-KOC-010", "kind": "car", "city": "Kochi", "lat": 9.92391, "lon": 76.42108, "heading_deg": 27.5, "speed_kmh": 38.2, "data_source": "synthetic_demo"}}, {"type": "Feature", "geometry": {"type": "Point", "coordinates": [76.15393, 9.84604]}, "properties": {"id": "VEH-KOC-011", "kind": "truck", "city": "Kochi", "lat": 9.84604, "lon": 76.15393, "heading_deg": 106.2, "speed_kmh": 30.7, "data_source": "synthetic_demo"}}, {"type": "Feature", "geometry": {"type": "Point", "coordinates": [76.34049, 9.76089]}, "properties": {"id": "VEH-KOC-012", "kind": "bus", "city": "Kochi", "lat": 9.76089, "lon": 76.34049, "heading_deg": 160.8, "speed_kmh": 37.4, "data_source": "synthetic_demo"}}, {"type": "Feature", "geometry": {"type": "Point", "coordinates": [76.27014, 9.97898]}, "properties": {"id": "VEH-KOC-013", "kind": "bus", "city": "Kochi", "lat": 9.97898, "lon": 76.27014, "heading_deg": 29.2, "speed_kmh": 46.7, "data_source": "synthetic_demo"}}, {"type": "Feature", "geometry": {"type": "Point", "coordinates": [76.43163, 9.92921]}, "properties": {"id": "VEH-KOC-014", "kind": "truck", "city": "Kochi", "lat": 9.92921, "lon": 76.43163, "heading_deg": 355.7, "speed_kmh": 32.7, "data_source": "synthetic_demo"}}, {"type": "Feature", "geometry": {"type": "Point", "coordinates": [76.28596, 10.02655]}, "properties": {"id": "VEH-KOC-015", "kind": "bus", "city": "Kochi", "lat": 10.02655, "lon": 76.28596, "heading_deg": 95.7, "speed_kmh": 36.5, "data_source": "synthetic_demo"}}, {"type": "Feature", "geometry": {"type": "Point", "coordinates": [76.24142, 9.97045]}, "properties": {"id": "VEH-KOC-016", "kind": "two_wheeler", "city": "Kochi", "lat": 9.97045, "lon": 76.24142, "heading_deg": 18.9, "speed_kmh": 20.7, "data_source": "synthetic_demo"}}, {"type": "Feature", "geometry": {"type": "Point", "coordinates": [76.28972, 9.94403]}, "properties": {"id": "VEH-KOC-017", "kind": "bus", "city": "Kochi", "lat": 9.94403, "lon": 76.28972, "heading_deg": 348.6, "speed_kmh": 50.5, "data_source": "synthetic_demo"}}, {"type": "Feature", "geometry": {"type": "Point", "coordinates": [76.23402, 9.87142]}, "properties": {"id": "VEH-KOC-018", "kind": "bus", "city": "Kochi", "lat": 9.87142, "lon": 76.23402, "heading_deg": 295.6, "speed_kmh": 49.2, "data_source": "synthetic_demo"}}, {"type": "Feature", "geometry": {"type": "Point", "coordinates": [76.3361, 9.91413]}, "properties": {"id": "VEH-KOC-019", "kind": "bus", "city": "Kochi", "lat": 9.91413, "lon": 76.3361, "heading_deg": 167.1, "speed_kmh": 51.5, "data_source": "synthetic_demo"}}, {"type": "Feature", "geometry": {"type": "Point", "coordinates": [76.40122, 9.99847]}, "properties": {"id": "VEH-KOC-020", "kind": "car", "city": "Kochi", "lat": 9.99847, "lon": 76.40122, "heading_deg": 306.6, "speed_kmh": 48.5, "data_source": "synthetic_demo"}}, {"type": "Feature", "geometry": {"type": "Point", "coordinates": [76.43887, 9.89829]}, "properties": {"id": "VEH-KOC-021", "kind": "truck", "city": "Kochi", "lat": 9.89829, "lon": 76.43887, "heading_deg": 322.6, "speed_kmh": 36.8, "data_source": "synthetic_demo"}}, {"type": "Feature", "geometry": {"type": "Point", "coordinates": [76.2771, 9.88012]}, "properties": {"id": "VEH-KOC-022", "kind": "bus", "city": "Kochi", "lat": 9.88012, "lon": 76.2771, "heading_deg": 338.2, "speed_kmh": 53.3, "data_source": "synthetic_demo"}}, {"type": "Feature", "geometry": {"type": "Point", "coordinates": [76.39012, 9.90242]}, "properties": {"id": "VEH-KOC-023", "kind": "truck", "city": "Kochi", "lat": 9.90242, "lon": 76.39012, "heading_deg": 41.6, "speed_kmh": 40.1, "data_source": "synthetic_demo"}}, {"type": "Feature", "geometry": {"type": "Point", "coordinates": [76.29082, 9.8193]}, "properties": {"id": "VEH-KOC-024", "kind": "truck", "city": "Kochi", "lat": 9.8193, "lon": 76.29082, "heading_deg": 223.2, "speed_kmh": 44.2, "data_source": "synthetic_demo"}}, {"type": "Feature", "geometry": {"type": "Point", "coordinates": [76.07391, 10.09998]}, "properties": {"id": "VEH-KOC-025", "kind": "two_wheeler", "city": "Kochi", "lat": 10.09998, "lon": 76.07391, "heading_deg": 178.7, "speed_kmh": 35.6, "data_source": "synthetic_demo"}}, {"type": "Feature", "geometry": {"type": "Point", "coordinates": [76.55406, 12.3546]}, "properties": {"id": "VEH-MYS-001", "kind": "two_wheeler", "city": "Mysuru", "lat": 12.3546, "lon": 76.55406, "heading_deg": 108.0, "speed_kmh": 20.2, "data_source": "synthetic_demo"}}, {"type": "Feature", "geometry": {"type": "Point", "coordinates": [76.61611, 12.29094]}, "properties": {"id": "VEH-MYS-002", "kind": "two_wheeler", "city": "Mysuru", "lat": 12.29094, "lon": 76.61611, "heading_deg": 44.7, "speed_kmh": 25.2, "data_source": "synthetic_demo"}}, {"type": "Feature", "geometry": {"type": "Point", "coordinates": [76.63907, 12.29579]}, "properties": {"id": "VEH-MYS-003", "kind": "two_wheeler", "city": "Mysuru", "lat": 12.29579, "lon": 76.63907, "heading_deg": 238.0, "speed_kmh": 34.9, "data_source": "synthetic_demo"}}, {"type": "Feature", "geometry": {"type": "Point", "coordinates": [76.6529, 12.25456]}, "properties": {"id": "VEH-MYS-004", "kind": "two_wheeler", "city": "Mysuru", "lat": 12.25456, "lon": 76.6529, "heading_deg": 118.6, "speed_kmh": 38.4, "data_source": "synthetic_demo"}}, {"type": "Feature", "geometry": {"type": "Point", "coordinates": [76.61261, 12.29082]}, "properties": {"id": "VEH-MYS-005", "kind": "truck", "city": "Mysuru", "lat": 12.29082, "lon": 76.61261, "heading_deg": 250.1, "speed_kmh": 47.6, "data_source": "synthetic_demo"}}, {"type": "Feature", "geometry": {"type": "Point", "coordinates": [76.58441, 12.26525]}, "properties": {"id": "VEH-MYS-006", "kind": "truck", "city": "Mysuru", "lat": 12.26525, "lon": 76.58441, "heading_deg": 134.4, "speed_kmh": 27.5, "data_source": "synthetic_demo"}}, {"type": "Feature", "geometry": {"type": "Point", "coordinates": [76.52318, 12.37109]}, "properties": {"id": "VEH-MYS-007", "kind": "two_wheeler", "city": "Mysuru", "lat": 12.37109, "lon": 76.52318, "heading_deg": 286.7, "speed_kmh": 22.6, "data_source": "synthetic_demo"}}, {"type": "Feature", "geometry": {"type": "Point", "coordinates": [76.62135, 12.38286]}, "properties": {"id": "VEH-MYS-008", "kind": "car", "city": "Mysuru", "lat": 12.38286, "lon": 76.62135, "heading_deg": 27.8, "speed_kmh": 33.5, "data_source": "synthetic_demo"}}, {"type": "Feature", "geometry": {"type": "Point", "coordinates": [76.54766, 12.19531]}, "properties": {"id": "VEH-MYS-009", "kind": "bus", "city": "Mysuru", "lat": 12.19531, "lon": 76.54766, "heading_deg": 292.0, "speed_kmh": 39.0, "data_source": "synthetic_demo"}}, {"type": "Feature", "geometry": {"type": "Point", "coordinates": [76.66777, 12.26538]}, "properties": {"id": "VEH-MYS-010", "kind": "truck", "city": "Mysuru", "lat": 12.26538, "lon": 76.66777, "heading_deg": 143.9, "speed_kmh": 25.8, "data_source": "synthetic_demo"}}, {"type": "Feature", "geometry": {"type": "Point", "coordinates": [76.66491, 12.2243]}, "properties": {"id": "VEH-MYS-011", "kind": "car", "city": "Mysuru", "lat": 12.2243, "lon": 76.66491, "heading_deg": 136.1, "speed_kmh": 56.2, "data_source": "synthetic_demo"}}, {"type": "Feature", "geometry": {"type": "Point", "coordinates": [76.76631, 12.21435]}, "properties": {"id": "VEH-MYS-012", "kind": "two_wheeler", "city": "Mysuru", "lat": 12.21435, "lon": 76.76631, "heading_deg": 219.0, "speed_kmh": 29.7, "data_source": "synthetic_demo"}}, {"type": "Feature", "geometry": {"type": "Point", "coordinates": [76.52182, 12.32804]}, "properties": {"id": "VEH-MYS-013", "kind": "two_wheeler", "city": "Mysuru", "lat": 12.32804, "lon": 76.52182, "heading_deg": 238.2, "speed_kmh": 40.6, "data_source": "synthetic_demo"}}, {"type": "Feature", "geometry": {"type": "Point", "coordinates": [76.69254, 12.32755]}, "properties": {"id": "VEH-MYS-014", "kind": "two_wheeler", "city": "Mysuru", "lat": 12.32755, "lon": 76.69254, "heading_deg": 254.9, "speed_kmh": 27.2, "data_source": "synthetic_demo"}}, {"type": "Feature", "geometry": {"type": "Point", "coordinates": [76.64056, 12.38298]}, "properties": {"id": "VEH-MYS-015", "kind": "truck", "city": "Mysuru", "lat": 12.38298, "lon": 76.64056, "heading_deg": 143.1, "speed_kmh": 40.4, "data_source": "synthetic_demo"}}, {"type": "Feature", "geometry": {"type": "Point", "coordinates": [76.73221, 12.29463]}, "properties": {"id": "VEH-MYS-016", "kind": "two_wheeler", "city": "Mysuru", "lat": 12.29463, "lon": 76.73221, "heading_deg": 235.6, "speed_kmh": 36.5, "data_source": "synthetic_demo"}}, {"type": "Feature", "geometry": {"type": "Point", "coordinates": [76.70578, 12.22921]}, "properties": {"id": "VEH-MYS-017", "kind": "truck", "city": "Mysuru", "lat": 12.22921, "lon": 76.70578, "heading_deg": 54.8, "speed_kmh": 38.9, "data_source": "synthetic_demo"}}, {"type": "Feature", "geometry": {"type": "Point", "coordinates": [76.65188, 12.28663]}, "properties": {"id": "VEH-MYS-018", "kind": "truck", "city": "Mysuru", "lat": 12.28663, "lon": 76.65188, "heading_deg": 101.8, "speed_kmh": 36.3, "data_source": "synthetic_demo"}}, {"type": "Feature", "geometry": {"type": "Point", "coordinates": [76.59214, 12.34762]}, "properties": {"id": "VEH-MYS-019", "kind": "bus", "city": "Mysuru", "lat": 12.34762, "lon": 76.59214, "heading_deg": 352.6, "speed_kmh": 51.5, "data_source": "synthetic_demo"}}, {"type": "Feature", "geometry": {"type": "Point", "coordinates": [76.66275, 12.28318]}, "properties": {"id": "VEH-MYS-020", "kind": "truck", "city": "Mysuru", "lat": 12.28318, "lon": 76.66275, "heading_deg": 167.4, "speed_kmh": 29.3, "data_source": "synthetic_demo"}}, {"type": "Feature", "geometry": {"type": "Point", "coordinates": [76.61779, 12.33895]}, "properties": {"id": "VEH-MYS-021", "kind": "truck", "city": "Mysuru", "lat": 12.33895, "lon": 76.61779, "heading_deg": 238.8, "speed_kmh": 38.6, "data_source": "synthetic_demo"}}, {"type": "Feature", "geometry": {"type": "Point", "coordinates": [76.62499, 12.27876]}, "properties": {"id": "VEH-MYS-022", "kind": "truck", "city": "Mysuru", "lat": 12.27876, "lon": 76.62499, "heading_deg": 162.9, "speed_kmh": 37.8, "data_source": "synthetic_demo"}}, {"type": "Feature", "geometry": {"type": "Point", "coordinates": [76.70987, 12.11012]}, "properties": {"id": "VEH-MYS-023", "kind": "truck", "city": "Mysuru", "lat": 12.11012, "lon": 76.70987, "heading_deg": 242.9, "speed_kmh": 30.6, "data_source": "synthetic_demo"}}, {"type": "Feature", "geometry": {"type": "Point", "coordinates": [76.67969, 12.33011]}, "properties": {"id": "VEH-MYS-024", "kind": "car", "city": "Mysuru", "lat": 12.33011, "lon": 76.67969, "heading_deg": 70.4, "speed_kmh": 62.7, "data_source": "synthetic_demo"}}, {"type": "Feature", "geometry": {"type": "Point", "coordinates": [76.60887, 12.34302]}, "properties": {"id": "VEH-MYS-025", "kind": "car", "city": "Mysuru", "lat": 12.34302, "lon": 76.60887, "heading_deg": 148.7, "speed_kmh": 62.7, "data_source": "synthetic_demo"}}, {"type": "Feature", "geometry": {"type": "Point", "coordinates": [73.88158, 18.52496]}, "properties": {"id": "VEH-PUN-001", "kind": "two_wheeler", "city": "Pune", "lat": 18.52496, "lon": 73.88158, "heading_deg": 328.3, "speed_kmh": 28.0, "data_source": "synthetic_demo"}}, {"type": "Feature", "geometry": {"type": "Point", "coordinates": [73.82725, 18.58469]}, "properties": {"id": "VEH-PUN-002", "kind": "two_wheeler", "city": "Pune", "lat": 18.58469, "lon": 73.82725, "heading_deg": 39.5, "speed_kmh": 44.3, "data_source": "synthetic_demo"}}, {"type": "Feature", "geometry": {"type": "Point", "coordinates": [73.85672, 18.5235]}, "properties": {"id": "VEH-PUN-003", "kind": "car", "city": "Pune", "lat": 18.5235, "lon": 73.85672, "heading_deg": 227.1, "speed_kmh": 62.9, "data_source": "synthetic_demo"}}, {"type": "Feature", "geometry": {"type": "Point", "coordinates": [73.87797, 18.56116]}, "properties": {"id": "VEH-PUN-004", "kind": "truck", "city": "Pune", "lat": 18.56116, "lon": 73.87797, "heading_deg": 47.5, "speed_kmh": 26.9, "data_source": "synthetic_demo"}}, {"type": "Feature", "geometry": {"type": "Point", "coordinates": [73.90223, 18.63203]}, "properties": {"id": "VEH-PUN-005", "kind": "bus", "city": "Pune", "lat": 18.63203, "lon": 73.90223, "heading_deg": 146.1, "speed_kmh": 43.0, "data_source": "synthetic_demo"}}, {"type": "Feature", "geometry": {"type": "Point", "coordinates": [73.84675, 18.46476]}, "properties": {"id": "VEH-PUN-006", "kind": "car", "city": "Pune", "lat": 18.46476, "lon": 73.84675, "heading_deg": 192.7, "speed_kmh": 38.2, "data_source": "synthetic_demo"}}, {"type": "Feature", "geometry": {"type": "Point", "coordinates": [73.92123, 18.47469]}, "properties": {"id": "VEH-PUN-007", "kind": "bus", "city": "Pune", "lat": 18.47469, "lon": 73.92123, "heading_deg": 347.1, "speed_kmh": 49.1, "data_source": "synthetic_demo"}}, {"type": "Feature", "geometry": {"type": "Point", "coordinates": [73.84135, 18.59452]}, "properties": {"id": "VEH-PUN-008", "kind": "two_wheeler", "city": "Pune", "lat": 18.59452, "lon": 73.84135, "heading_deg": 208.2, "speed_kmh": 28.5, "data_source": "synthetic_demo"}}, {"type": "Feature", "geometry": {"type": "Point", "coordinates": [73.996, 18.52539]}, "properties": {"id": "VEH-PUN-009", "kind": "car", "city": "Pune", "lat": 18.52539, "lon": 73.996, "heading_deg": 104.0, "speed_kmh": 43.8, "data_source": "synthetic_demo"}}, {"type": "Feature", "geometry": {"type": "Point", "coordinates": [73.74596, 18.36025]}, "properties": {"id": "VEH-PUN-010", "kind": "bus", "city": "Pune", "lat": 18.36025, "lon": 73.74596, "heading_deg": 69.2, "speed_kmh": 42.4, "data_source": "synthetic_demo"}}, {"type": "Feature", "geometry": {"type": "Point", "coordinates": [73.88276, 18.39751]}, "properties": {"id": "VEH-PUN-011", "kind": "two_wheeler", "city": "Pune", "lat": 18.39751, "lon": 73.88276, "heading_deg": 183.0, "speed_kmh": 42.7, "data_source": "synthetic_demo"}}, {"type": "Feature", "geometry": {"type": "Point", "coordinates": [73.78747, 18.49376]}, "properties": {"id": "VEH-PUN-012", "kind": "car", "city": "Pune", "lat": 18.49376, "lon": 73.78747, "heading_deg": 244.7, "speed_kmh": 37.0, "data_source": "synthetic_demo"}}, {"type": "Feature", "geometry": {"type": "Point", "coordinates": [74.04056, 18.62683]}, "properties": {"id": "VEH-PUN-013", "kind": "truck", "city": "Pune", "lat": 18.62683, "lon": 74.04056, "heading_deg": 8.6, "speed_kmh": 49.9, "data_source": "synthetic_demo"}}, {"type": "Feature", "geometry": {"type": "Point", "coordinates": [73.80625, 18.57575]}, "properties": {"id": "VEH-PUN-014", "kind": "truck", "city": "Pune", "lat": 18.57575, "lon": 73.80625, "heading_deg": 132.0, "speed_kmh": 27.0, "data_source": "synthetic_demo"}}, {"type": "Feature", "geometry": {"type": "Point", "coordinates": [73.95977, 18.37734]}, "properties": {"id": "VEH-PUN-015", "kind": "two_wheeler", "city": "Pune", "lat": 18.37734, "lon": 73.95977, "heading_deg": 301.7, "speed_kmh": 37.7, "data_source": "synthetic_demo"}}, {"type": "Feature", "geometry": {"type": "Point", "coordinates": [73.83962, 18.51708]}, "properties": {"id": "VEH-PUN-016", "kind": "two_wheeler", "city": "Pune", "lat": 18.51708, "lon": 73.83962, "heading_deg": 265.6, "speed_kmh": 24.3, "data_source": "synthetic_demo"}}, {"type": "Feature", "geometry": {"type": "Point", "coordinates": [73.79388, 18.49578]}, "properties": {"id": "VEH-PUN-017", "kind": "two_wheeler", "city": "Pune", "lat": 18.49578, "lon": 73.79388, "heading_deg": 287.8, "speed_kmh": 44.7, "data_source": "synthetic_demo"}}, {"type": "Feature", "geometry": {"type": "Point", "coordinates": [73.87879, 18.41137]}, "properties": {"id": "VEH-PUN-018", "kind": "truck", "city": "Pune", "lat": 18.41137, "lon": 73.87879, "heading_deg": 202.4, "speed_kmh": 44.2, "data_source": "synthetic_demo"}}, {"type": "Feature", "geometry": {"type": "Point", "coordinates": [73.92936, 18.69371]}, "properties": {"id": "VEH-PUN-019", "kind": "car", "city": "Pune", "lat": 18.69371, "lon": 73.92936, "heading_deg": 98.2, "speed_kmh": 62.7, "data_source": "synthetic_demo"}}, {"type": "Feature", "geometry": {"type": "Point", "coordinates": [74.07516, 18.42432]}, "properties": {"id": "VEH-PUN-020", "kind": "truck", "city": "Pune", "lat": 18.42432, "lon": 74.07516, "heading_deg": 296.3, "speed_kmh": 28.2, "data_source": "synthetic_demo"}}, {"type": "Feature", "geometry": {"type": "Point", "coordinates": [73.86104, 18.53383]}, "properties": {"id": "VEH-PUN-021", "kind": "two_wheeler", "city": "Pune", "lat": 18.53383, "lon": 73.86104, "heading_deg": 267.3, "speed_kmh": 28.0, "data_source": "synthetic_demo"}}, {"type": "Feature", "geometry": {"type": "Point", "coordinates": [73.93786, 18.47613]}, "properties": {"id": "VEH-PUN-022", "kind": "car", "city": "Pune", "lat": 18.47613, "lon": 73.93786, "heading_deg": 23.7, "speed_kmh": 63.8, "data_source": "synthetic_demo"}}, {"type": "Feature", "geometry": {"type": "Point", "coordinates": [73.75858, 18.50312]}, "properties": {"id": "VEH-PUN-023", "kind": "bus", "city": "Pune", "lat": 18.50312, "lon": 73.75858, "heading_deg": 125.4, "speed_kmh": 45.1, "data_source": "synthetic_demo"}}, {"type": "Feature", "geometry": {"type": "Point", "coordinates": [73.7659, 18.30332]}, "properties": {"id": "VEH-PUN-024", "kind": "bus", "city": "Pune", "lat": 18.30332, "lon": 73.7659, "heading_deg": 114.2, "speed_kmh": 44.1, "data_source": "synthetic_demo"}}, {"type": "Feature", "geometry": {"type": "Point", "coordinates": [73.85507, 18.4848]}, "properties": {"id": "VEH-PUN-025", "kind": "truck", "city": "Pune", "lat": 18.4848, "lon": 73.85507, "heading_deg": 294.1, "speed_kmh": 50.0, "data_source": "synthetic_demo"}}, {"type": "Feature", "geometry": {"type": "Point", "coordinates": [80.92094, 26.70076]}, "properties": {"id": "VEH-LUC-001", "kind": "bus", "city": "Lucknow", "lat": 26.70076, "lon": 80.92094, "heading_deg": 232.0, "speed_kmh": 48.4, "data_source": "synthetic_demo"}}, {"type": "Feature", "geometry": {"type": "Point", "coordinates": [81.14832, 26.72606]}, "properties": {"id": "VEH-LUC-002", "kind": "two_wheeler", "city": "Lucknow", "lat": 26.72606, "lon": 81.14832, "heading_deg": 160.7, "speed_kmh": 39.5, "data_source": "synthetic_demo"}}, {"type": "Feature", "geometry": {"type": "Point", "coordinates": [81.10406, 27.05085]}, "properties": {"id": "VEH-LUC-003", "kind": "truck", "city": "Lucknow", "lat": 27.05085, "lon": 81.10406, "heading_deg": 323.6, "speed_kmh": 25.4, "data_source": "synthetic_demo"}}, {"type": "Feature", "geometry": {"type": "Point", "coordinates": [81.05539, 26.90374]}, "properties": {"id": "VEH-LUC-004", "kind": "truck", "city": "Lucknow", "lat": 26.90374, "lon": 81.05539, "heading_deg": 271.9, "speed_kmh": 32.2, "data_source": "synthetic_demo"}}, {"type": "Feature", "geometry": {"type": "Point", "coordinates": [80.9423, 26.88035]}, "properties": {"id": "VEH-LUC-005", "kind": "two_wheeler", "city": "Lucknow", "lat": 26.88035, "lon": 80.9423, "heading_deg": 319.3, "speed_kmh": 39.1, "data_source": "synthetic_demo"}}, {"type": "Feature", "geometry": {"type": "Point", "coordinates": [80.87174, 26.70643]}, "properties": {"id": "VEH-LUC-006", "kind": "two_wheeler", "city": "Lucknow", "lat": 26.70643, "lon": 80.87174, "heading_deg": 352.8, "speed_kmh": 38.0, "data_source": "synthetic_demo"}}, {"type": "Feature", "geometry": {"type": "Point", "coordinates": [80.85097, 26.87321]}, "properties": {"id": "VEH-LUC-007", "kind": "car", "city": "Lucknow", "lat": 26.87321, "lon": 80.85097, "heading_deg": 301.7, "speed_kmh": 65.2, "data_source": "synthetic_demo"}}, {"type": "Feature", "geometry": {"type": "Point", "coordinates": [80.906, 26.87932]}, "properties": {"id": "VEH-LUC-008", "kind": "car", "city": "Lucknow", "lat": 26.87932, "lon": 80.906, "heading_deg": 151.9, "speed_kmh": 37.9, "data_source": "synthetic_demo"}}, {"type": "Feature", "geometry": {"type": "Point", "coordinates": [81.02261, 26.86809]}, "properties": {"id": "VEH-LUC-009", "kind": "truck", "city": "Lucknow", "lat": 26.86809, "lon": 81.02261, "heading_deg": 293.6, "speed_kmh": 26.8, "data_source": "synthetic_demo"}}, {"type": "Feature", "geometry": {"type": "Point", "coordinates": [80.90088, 26.83974]}, "properties": {"id": "VEH-LUC-010", "kind": "two_wheeler", "city": "Lucknow", "lat": 26.83974, "lon": 80.90088, "heading_deg": 83.0, "speed_kmh": 32.9, "data_source": "synthetic_demo"}}, {"type": "Feature", "geometry": {"type": "Point", "coordinates": [80.81474, 27.00719]}, "properties": {"id": "VEH-LUC-011", "kind": "two_wheeler", "city": "Lucknow", "lat": 27.00719, "lon": 80.81474, "heading_deg": 56.1, "speed_kmh": 31.7, "data_source": "synthetic_demo"}}, {"type": "Feature", "geometry": {"type": "Point", "coordinates": [81.00714, 26.85841]}, "properties": {"id": "VEH-LUC-012", "kind": "bus", "city": "Lucknow", "lat": 26.85841, "lon": 81.00714, "heading_deg": 104.4, "speed_kmh": 53.7, "data_source": "synthetic_demo"}}, {"type": "Feature", "geometry": {"type": "Point", "coordinates": [80.94632, 26.84764]}, "properties": {"id": "VEH-LUC-013", "kind": "truck", "city": "Lucknow", "lat": 26.84764, "lon": 80.94632, "heading_deg": 327.1, "speed_kmh": 47.2, "data_source": "synthetic_demo"}}, {"type": "Feature", "geometry": {"type": "Point", "coordinates": [80.78183, 27.31546]}, "properties": {"id": "VEH-LUC-014", "kind": "truck", "city": "Lucknow", "lat": 27.31546, "lon": 80.78183, "heading_deg": 148.7, "speed_kmh": 25.3, "data_source": "synthetic_demo"}}, {"type": "Feature", "geometry": {"type": "Point", "coordinates": [80.91363, 26.68994]}, "properties": {"id": "VEH-LUC-015", "kind": "truck", "city": "Lucknow", "lat": 26.68994, "lon": 80.91363, "heading_deg": 197.4, "speed_kmh": 47.2, "data_source": "synthetic_demo"}}, {"type": "Feature", "geometry": {"type": "Point", "coordinates": [80.89334, 26.51128]}, "properties": {"id": "VEH-LUC-016", "kind": "car", "city": "Lucknow", "lat": 26.51128, "lon": 80.89334, "heading_deg": 263.6, "speed_kmh": 46.5, "data_source": "synthetic_demo"}}, {"type": "Feature", "geometry": {"type": "Point", "coordinates": [81.01663, 26.80913]}, "properties": {"id": "VEH-LUC-017", "kind": "bus", "city": "Lucknow", "lat": 26.80913, "lon": 81.01663, "heading_deg": 98.8, "speed_kmh": 44.1, "data_source": "synthetic_demo"}}, {"type": "Feature", "geometry": {"type": "Point", "coordinates": [81.03846, 26.88897]}, "properties": {"id": "VEH-LUC-018", "kind": "two_wheeler", "city": "Lucknow", "lat": 26.88897, "lon": 81.03846, "heading_deg": 162.0, "speed_kmh": 33.3, "data_source": "synthetic_demo"}}, {"type": "Feature", "geometry": {"type": "Point", "coordinates": [80.87223, 26.82983]}, "properties": {"id": "VEH-LUC-019", "kind": "truck", "city": "Lucknow", "lat": 26.82983, "lon": 80.87223, "heading_deg": 224.3, "speed_kmh": 41.9, "data_source": "synthetic_demo"}}, {"type": "Feature", "geometry": {"type": "Point", "coordinates": [80.7136, 26.9733]}, "properties": {"id": "VEH-LUC-020", "kind": "truck", "city": "Lucknow", "lat": 26.9733, "lon": 80.7136, "heading_deg": 203.8, "speed_kmh": 27.9, "data_source": "synthetic_demo"}}, {"type": "Feature", "geometry": {"type": "Point", "coordinates": [80.99512, 26.84265]}, "properties": {"id": "VEH-LUC-021", "kind": "car", "city": "Lucknow", "lat": 26.84265, "lon": 80.99512, "heading_deg": 69.0, "speed_kmh": 41.9, "data_source": "synthetic_demo"}}, {"type": "Feature", "geometry": {"type": "Point", "coordinates": [81.07182, 26.60928]}, "properties": {"id": "VEH-LUC-022", "kind": "car", "city": "Lucknow", "lat": 26.60928, "lon": 81.07182, "heading_deg": 137.8, "speed_kmh": 37.4, "data_source": "synthetic_demo"}}, {"type": "Feature", "geometry": {"type": "Point", "coordinates": [81.02037, 26.73183]}, "properties": {"id": "VEH-LUC-023", "kind": "two_wheeler", "city": "Lucknow", "lat": 26.73183, "lon": 81.02037, "heading_deg": 337.2, "speed_kmh": 35.5, "data_source": "synthetic_demo"}}, {"type": "Feature", "geometry": {"type": "Point", "coordinates": [80.9659, 26.54322]}, "properties": {"id": "VEH-LUC-024", "kind": "bus", "city": "Lucknow", "lat": 26.54322, "lon": 80.9659, "heading_deg": 5.9, "speed_kmh": 39.3, "data_source": "synthetic_demo"}}, {"type": "Feature", "geometry": {"type": "Point", "coordinates": [80.5795, 26.82061]}, "properties": {"id": "VEH-LUC-025", "kind": "two_wheeler", "city": "Lucknow", "lat": 26.82061, "lon": 80.5795, "heading_deg": 49.6, "speed_kmh": 36.1, "data_source": "synthetic_demo"}}, {"type": "Feature", "geometry": {"type": "Point", "coordinates": [85.08649, 25.59603]}, "properties": {"id": "VEH-PAT-001", "kind": "truck", "city": "Patna", "lat": 25.59603, "lon": 85.08649, "heading_deg": 107.4, "speed_kmh": 29.3, "data_source": "synthetic_demo"}}, {"type": "Feature", "geometry": {"type": "Point", "coordinates": [85.11942, 25.63842]}, "properties": {"id": "VEH-PAT-002", "kind": "car", "city": "Patna", "lat": 25.63842, "lon": 85.11942, "heading_deg": 199.0, "speed_kmh": 41.5, "data_source": "synthetic_demo"}}, {"type": "Feature", "geometry": {"type": "Point", "coordinates": [85.20337, 25.55949]}, "properties": {"id": "VEH-PAT-003", "kind": "bus", "city": "Patna", "lat": 25.55949, "lon": 85.20337, "heading_deg": 221.0, "speed_kmh": 44.1, "data_source": "synthetic_demo"}}, {"type": "Feature", "geometry": {"type": "Point", "coordinates": [85.13338, 25.70834]}, "properties": {"id": "VEH-PAT-004", "kind": "bus", "city": "Patna", "lat": 25.70834, "lon": 85.13338, "heading_deg": 205.3, "speed_kmh": 41.9, "data_source": "synthetic_demo"}}, {"type": "Feature", "geometry": {"type": "Point", "coordinates": [84.98491, 25.60231]}, "properties": {"id": "VEH-PAT-005", "kind": "bus", "city": "Patna", "lat": 25.60231, "lon": 84.98491, "heading_deg": 317.4, "speed_kmh": 50.5, "data_source": "synthetic_demo"}}, {"type": "Feature", "geometry": {"type": "Point", "coordinates": [85.056, 25.46216]}, "properties": {"id": "VEH-PAT-006", "kind": "two_wheeler", "city": "Patna", "lat": 25.46216, "lon": 85.056, "heading_deg": 288.8, "speed_kmh": 30.3, "data_source": "synthetic_demo"}}, {"type": "Feature", "geometry": {"type": "Point", "coordinates": [85.11807, 25.49752]}, "properties": {"id": "VEH-PAT-007", "kind": "bus", "city": "Patna", "lat": 25.49752, "lon": 85.11807, "heading_deg": 201.0, "speed_kmh": 50.8, "data_source": "synthetic_demo"}}, {"type": "Feature", "geometry": {"type": "Point", "coordinates": [85.3024, 25.58629]}, "properties": {"id": "VEH-PAT-008", "kind": "two_wheeler", "city": "Patna", "lat": 25.58629, "lon": 85.3024, "heading_deg": 256.4, "speed_kmh": 22.9, "data_source": "synthetic_demo"}}, {"type": "Feature", "geometry": {"type": "Point", "coordinates": [84.89047, 25.64782]}, "properties": {"id": "VEH-PAT-009", "kind": "truck", "city": "Patna", "lat": 25.64782, "lon": 84.89047, "heading_deg": 152.9, "speed_kmh": 39.1, "data_source": "synthetic_demo"}}, {"type": "Feature", "geometry": {"type": "Point", "coordinates": [85.13423, 25.60713]}, "properties": {"id": "VEH-PAT-010", "kind": "car", "city": "Patna", "lat": 25.60713, "lon": 85.13423, "heading_deg": 166.7, "speed_kmh": 52.9, "data_source": "synthetic_demo"}}, {"type": "Feature", "geometry": {"type": "Point", "coordinates": [85.19221, 25.59447]}, "properties": {"id": "VEH-PAT-011", "kind": "truck", "city": "Patna", "lat": 25.59447, "lon": 85.19221, "heading_deg": 76.0, "speed_kmh": 38.0, "data_source": "synthetic_demo"}}, {"type": "Feature", "geometry": {"type": "Point", "coordinates": [85.03346, 25.39427]}, "properties": {"id": "VEH-PAT-012", "kind": "bus", "city": "Patna", "lat": 25.39427, "lon": 85.03346, "heading_deg": 297.3, "speed_kmh": 36.5, "data_source": "synthetic_demo"}}, {"type": "Feature", "geometry": {"type": "Point", "coordinates": [85.25743, 25.95511]}, "properties": {"id": "VEH-PAT-013", "kind": "two_wheeler", "city": "Patna", "lat": 25.95511, "lon": 85.25743, "heading_deg": 51.6, "speed_kmh": 34.4, "data_source": "synthetic_demo"}}, {"type": "Feature", "geometry": {"type": "Point", "coordinates": [85.11839, 25.61914]}, "properties": {"id": "VEH-PAT-014", "kind": "bus", "city": "Patna", "lat": 25.61914, "lon": 85.11839, "heading_deg": 205.4, "speed_kmh": 50.1, "data_source": "synthetic_demo"}}, {"type": "Feature", "geometry": {"type": "Point", "coordinates": [85.13367, 25.59679]}, "properties": {"id": "VEH-PAT-015", "kind": "truck", "city": "Patna", "lat": 25.59679, "lon": 85.13367, "heading_deg": 221.5, "speed_kmh": 47.9, "data_source": "synthetic_demo"}}, {"type": "Feature", "geometry": {"type": "Point", "coordinates": [85.14191, 25.59853]}, "properties": {"id": "VEH-PAT-016", "kind": "car", "city": "Patna", "lat": 25.59853, "lon": 85.14191, "heading_deg": 243.8, "speed_kmh": 35.0, "data_source": "synthetic_demo"}}, {"type": "Feature", "geometry": {"type": "Point", "coordinates": [85.10174, 25.58046]}, "properties": {"id": "VEH-PAT-017", "kind": "car", "city": "Patna", "lat": 25.58046, "lon": 85.10174, "heading_deg": 129.7, "speed_kmh": 60.1, "data_source": "synthetic_demo"}}, {"type": "Feature", "geometry": {"type": "Point", "coordinates": [85.29999, 25.56135]}, "properties": {"id": "VEH-PAT-018", "kind": "bus", "city": "Patna", "lat": 25.56135, "lon": 85.29999, "heading_deg": 192.3, "speed_kmh": 47.1, "data_source": "synthetic_demo"}}, {"type": "Feature", "geometry": {"type": "Point", "coordinates": [85.26971, 25.66096]}, "properties": {"id": "VEH-PAT-019", "kind": "truck", "city": "Patna", "lat": 25.66096, "lon": 85.26971, "heading_deg": 348.5, "speed_kmh": 38.3, "data_source": "synthetic_demo"}}, {"type": "Feature", "geometry": {"type": "Point", "coordinates": [85.17277, 25.70984]}, "properties": {"id": "VEH-PAT-020", "kind": "bus", "city": "Patna", "lat": 25.70984, "lon": 85.17277, "heading_deg": 77.2, "speed_kmh": 41.4, "data_source": "synthetic_demo"}}, {"type": "Feature", "geometry": {"type": "Point", "coordinates": [85.10703, 25.58731]}, "properties": {"id": "VEH-PAT-021", "kind": "two_wheeler", "city": "Patna", "lat": 25.58731, "lon": 85.10703, "heading_deg": 158.8, "speed_kmh": 35.8, "data_source": "synthetic_demo"}}, {"type": "Feature", "geometry": {"type": "Point", "coordinates": [85.23488, 25.56768]}, "properties": {"id": "VEH-PAT-022", "kind": "truck", "city": "Patna", "lat": 25.56768, "lon": 85.23488, "heading_deg": 78.8, "speed_kmh": 35.0, "data_source": "synthetic_demo"}}, {"type": "Feature", "geometry": {"type": "Point", "coordinates": [85.13112, 25.58901]}, "properties": {"id": "VEH-PAT-023", "kind": "two_wheeler", "city": "Patna", "lat": 25.58901, "lon": 85.13112, "heading_deg": 7.5, "speed_kmh": 24.6, "data_source": "synthetic_demo"}}, {"type": "Feature", "geometry": {"type": "Point", "coordinates": [84.95796, 25.65586]}, "properties": {"id": "VEH-PAT-024", "kind": "truck", "city": "Patna", "lat": 25.65586, "lon": 84.95796, "heading_deg": 276.2, "speed_kmh": 42.1, "data_source": "synthetic_demo"}}, {"type": "Feature", "geometry": {"type": "Point", "coordinates": [84.88809, 25.28731]}, "properties": {"id": "VEH-PAT-025", "kind": "two_wheeler", "city": "Patna", "lat": 25.28731, "lon": 84.88809, "heading_deg": 327.6, "speed_kmh": 43.4, "data_source": "synthetic_demo"}}, {"type": "Feature", "geometry": {"type": "Point", "coordinates": [79.04919, 21.33505]}, "properties": {"id": "VEH-NAG-001", "kind": "car", "city": "Nagpur", "lat": 21.33505, "lon": 79.04919, "heading_deg": 29.2, "speed_kmh": 55.5, "data_source": "synthetic_demo"}}, {"type": "Feature", "geometry": {"type": "Point", "coordinates": [78.94821, 20.86518]}, "properties": {"id": "VEH-NAG-002", "kind": "car", "city": "Nagpur", "lat": 20.86518, "lon": 78.94821, "heading_deg": 76.5, "speed_kmh": 61.5, "data_source": "synthetic_demo"}}, {"type": "Feature", "geometry": {"type": "Point", "coordinates": [79.23216, 21.12897]}, "properties": {"id": "VEH-NAG-003", "kind": "car", "city": "Nagpur", "lat": 21.12897, "lon": 79.23216, "heading_deg": 4.2, "speed_kmh": 57.7, "data_source": "synthetic_demo"}}, {"type": "Feature", "geometry": {"type": "Point", "coordinates": [79.19879, 21.03131]}, "properties": {"id": "VEH-NAG-004", "kind": "two_wheeler", "city": "Nagpur", "lat": 21.03131, "lon": 79.19879, "heading_deg": 329.4, "speed_kmh": 20.6, "data_source": "synthetic_demo"}}, {"type": "Feature", "geometry": {"type": "Point", "coordinates": [79.01107, 21.15245]}, "properties": {"id": "VEH-NAG-005", "kind": "truck", "city": "Nagpur", "lat": 21.15245, "lon": 79.01107, "heading_deg": 36.9, "speed_kmh": 49.7, "data_source": "synthetic_demo"}}, {"type": "Feature", "geometry": {"type": "Point", "coordinates": [79.08935, 21.14584]}, "properties": {"id": "VEH-NAG-006", "kind": "two_wheeler", "city": "Nagpur", "lat": 21.14584, "lon": 79.08935, "heading_deg": 248.8, "speed_kmh": 40.9, "data_source": "synthetic_demo"}}, {"type": "Feature", "geometry": {"type": "Point", "coordinates": [79.26444, 21.06252]}, "properties": {"id": "VEH-NAG-007", "kind": "bus", "city": "Nagpur", "lat": 21.06252, "lon": 79.26444, "heading_deg": 322.3, "speed_kmh": 44.5, "data_source": "synthetic_demo"}}, {"type": "Feature", "geometry": {"type": "Point", "coordinates": [79.15651, 21.21109]}, "properties": {"id": "VEH-NAG-008", "kind": "car", "city": "Nagpur", "lat": 21.21109, "lon": 79.15651, "heading_deg": 38.1, "speed_kmh": 44.3, "data_source": "synthetic_demo"}}, {"type": "Feature", "geometry": {"type": "Point", "coordinates": [79.09917, 21.11221]}, "properties": {"id": "VEH-NAG-009", "kind": "bus", "city": "Nagpur", "lat": 21.11221, "lon": 79.09917, "heading_deg": 35.4, "speed_kmh": 42.1, "data_source": "synthetic_demo"}}, {"type": "Feature", "geometry": {"type": "Point", "coordinates": [78.81117, 20.93495]}, "properties": {"id": "VEH-NAG-010", "kind": "truck", "city": "Nagpur", "lat": 20.93495, "lon": 78.81117, "heading_deg": 245.0, "speed_kmh": 43.7, "data_source": "synthetic_demo"}}, {"type": "Feature", "geometry": {"type": "Point", "coordinates": [79.10236, 21.21513]}, "properties": {"id": "VEH-NAG-011", "kind": "car", "city": "Nagpur", "lat": 21.21513, "lon": 79.10236, "heading_deg": 277.1, "speed_kmh": 61.3, "data_source": "synthetic_demo"}}, {"type": "Feature", "geometry": {"type": "Point", "coordinates": [78.97531, 21.26799]}, "properties": {"id": "VEH-NAG-012", "kind": "two_wheeler", "city": "Nagpur", "lat": 21.26799, "lon": 78.97531, "heading_deg": 34.7, "speed_kmh": 38.5, "data_source": "synthetic_demo"}}, {"type": "Feature", "geometry": {"type": "Point", "coordinates": [78.94481, 21.10241]}, "properties": {"id": "VEH-NAG-013", "kind": "truck", "city": "Nagpur", "lat": 21.10241, "lon": 78.94481, "heading_deg": 24.2, "speed_kmh": 49.2, "data_source": "synthetic_demo"}}, {"type": "Feature", "geometry": {"type": "Point", "coordinates": [79.06936, 20.97796]}, "properties": {"id": "VEH-NAG-014", "kind": "car", "city": "Nagpur", "lat": 20.97796, "lon": 79.06936, "heading_deg": 206.2, "speed_kmh": 37.1, "data_source": "synthetic_demo"}}, {"type": "Feature", "geometry": {"type": "Point", "coordinates": [79.02888, 21.23947]}, "properties": {"id": "VEH-NAG-015", "kind": "bus", "city": "Nagpur", "lat": 21.23947, "lon": 79.02888, "heading_deg": 115.7, "speed_kmh": 43.9, "data_source": "synthetic_demo"}}, {"type": "Feature", "geometry": {"type": "Point", "coordinates": [79.01134, 21.12295]}, "properties": {"id": "VEH-NAG-016", "kind": "truck", "city": "Nagpur", "lat": 21.12295, "lon": 79.01134, "heading_deg": 266.7, "speed_kmh": 30.8, "data_source": "synthetic_demo"}}, {"type": "Feature", "geometry": {"type": "Point", "coordinates": [78.72261, 20.91144]}, "properties": {"id": "VEH-NAG-017", "kind": "bus", "city": "Nagpur", "lat": 20.91144, "lon": 78.72261, "heading_deg": 350.3, "speed_kmh": 50.4, "data_source": "synthetic_demo"}}, {"type": "Feature", "geometry": {"type": "Point", "coordinates": [79.13591, 21.12201]}, "properties": {"id": "VEH-NAG-018", "kind": "bus", "city": "Nagpur", "lat": 21.12201, "lon": 79.13591, "heading_deg": 190.6, "speed_kmh": 40.4, "data_source": "synthetic_demo"}}, {"type": "Feature", "geometry": {"type": "Point", "coordinates": [79.12551, 21.14437]}, "properties": {"id": "VEH-NAG-019", "kind": "bus", "city": "Nagpur", "lat": 21.14437, "lon": 79.12551, "heading_deg": 44.6, "speed_kmh": 47.0, "data_source": "synthetic_demo"}}, {"type": "Feature", "geometry": {"type": "Point", "coordinates": [79.3005, 21.0305]}, "properties": {"id": "VEH-NAG-020", "kind": "truck", "city": "Nagpur", "lat": 21.0305, "lon": 79.3005, "heading_deg": 93.5, "speed_kmh": 25.7, "data_source": "synthetic_demo"}}, {"type": "Feature", "geometry": {"type": "Point", "coordinates": [79.12902, 21.26084]}, "properties": {"id": "VEH-NAG-021", "kind": "two_wheeler", "city": "Nagpur", "lat": 21.26084, "lon": 79.12902, "heading_deg": 220.3, "speed_kmh": 35.7, "data_source": "synthetic_demo"}}, {"type": "Feature", "geometry": {"type": "Point", "coordinates": [79.12922, 21.30563]}, "properties": {"id": "VEH-NAG-022", "kind": "car", "city": "Nagpur", "lat": 21.30563, "lon": 79.12922, "heading_deg": 185.4, "speed_kmh": 49.6, "data_source": "synthetic_demo"}}, {"type": "Feature", "geometry": {"type": "Point", "coordinates": [79.09022, 21.17356]}, "properties": {"id": "VEH-NAG-023", "kind": "truck", "city": "Nagpur", "lat": 21.17356, "lon": 79.09022, "heading_deg": 278.4, "speed_kmh": 33.1, "data_source": "synthetic_demo"}}, {"type": "Feature", "geometry": {"type": "Point", "coordinates": [79.21213, 21.13436]}, "properties": {"id": "VEH-NAG-024", "kind": "truck", "city": "Nagpur", "lat": 21.13436, "lon": 79.21213, "heading_deg": 323.4, "speed_kmh": 29.9, "data_source": "synthetic_demo"}}, {"type": "Feature", "geometry": {"type": "Point", "coordinates": [79.08908, 21.04976]}, "properties": {"id": "VEH-NAG-025", "kind": "truck", "city": "Nagpur", "lat": 21.04976, "lon": 79.08908, "heading_deg": 256.3, "speed_kmh": 33.0, "data_source": "synthetic_demo"}}]}