{"type":"FeatureCollection","properties":{"source":"Census of India 2011 via DataMeet Municipal_Spatial_Data (CC BY-SA 2.5 IN)","city":"Bengaluru (BBMP, 2012 wards)"},"features":[{"type":"Feature","properties":{"ward_no":2,"ward_name":"Chowdeswari Ward","assembly":"Yelahanka","population_2011":19626,"male":10402,"female":9224,"sc":2630,"st":286,"area_km2":7.06,"density_2011":2779.9},"geometry":{"type":"MultiPolygon","coordinates":[[[[77.59229,13.0972],[77.5841,13.10402],[77.58069,13.10788],[77.57872,13.10915],[77.5773,13.1073],[77.57352,13.10852],[77.57326,13.10793],[77.57226,13.10805],[77.57271,13.11315],[77.57218,13.11694],[77.57202,13.12214],[77.57177,13.12345],[77.57193,13.12591],[77.57064,13.12654],[77.56783,13.1272],[77.56891,13.13628],[77.57119,13.14006],[77.57256,13.14167],[77.57251,13.14282],[77.57658,13.14366],[77.58006,13.14348],[77.58112,13.14232],[77.58212,13.14066],[77.58282,13.13846],[77.58325,13.13481],[77.5851,13.13163],[77.58788,13.1303],[77.58832,13.12927],[77.58806,13.12718],[77.58778,13.12667],[77.58792,13.1217],[77.58745,13.12069],[77.58629,13.11977],[77.58725,13.11356],[77.58852,13.11122],[77.58946,13.11155],[77.58972,13.11099],[77.59046,13.11111],[77.59043,13.11149],[77.58957,13.1121],[77.58971,13.11274],[77.59049,13.11255],[77.59075,13.11184],[77.59113,13.1118],[77.59339,13.11002],[77.5951,13.10721],[77.59549,13.10505],[77.59597,13.10468],[77.59609,13.10424],[77.59703,13.10405],[77.59723,13.10366],[77.59649,13.10345],[77.59472,13.10366],[77.59461,13.10238],[77.59283,13.10192],[77.5936,13.10024],[77.59229,13.0972]]]]}},{"type":"Feature","properties":{"ward_no":3,"ward_name":"Atturu","assembly":"Yelahanka","population_2011":24020,"male":13129,"female":10891,"sc":2921,"st":665,"area_km2":10.15,"density_2011":2366.5},"geometry":{"type":"MultiPolygon","coordinates":[[[[77.56862,13.12705],[77.57064,13.12654],[77.57193,13.12591],[77.57177,13.12345],[77.57202,13.12214],[77.57218,13.11694],[77.57271,13.11315],[77.57226,13.10805],[77.57326,13.10793],[77.57352,13.10852],[77.5773,13.1073],[77.57872,13.10915],[77.58069,13.10788],[77.5832,13.1049],[77.58651,13.10203],[77.57575,13.09911],[77.57021,13.09808],[77.56504,13.09771],[77.56116,13.09895],[77.5593,13.09989],[77.5586,13.09366],[77.55849,13.08953],[77.56007,13.08795],[77.56233,13.08662],[77.56215,13.08627],[77.56005,13.08427],[77.55894,13.08498],[77.55855,13.08481],[77.55541,13.08605],[77.5521,13.08449],[77.55008,13.0822],[77.54883,13.0821],[77.54845,13.08169],[77.54717,13.08199],[77.54751,13.0836],[77.54513,13.08356],[77.54511,13.08477],[77.54331,13.08493],[77.54059,13.08633],[77.53672,13.09096],[77.53816,13.09458],[77.54051,13.09907],[77.54176,13.10068],[77.54429,13.10128],[77.54626,13.10126],[77.54947,13.10111],[77.55428,13.10049],[77.55486,13.10479],[77.55825,13.1125],[77.56038,13.12003],[77.56311,13.12787],[77.56862,13.12705]]]]}},{"type":"Feature","properties":{"ward_no":4,"ward_name":"Yelahanka Satellite Town","assembly":"Yelahanka","population_2011":25782,"male":13457,"female":12325,"sc":3687,"st":601,"area_km2":4.9,"density_2011":5261.6},"geometry":{"type":"MultiPolygon","coordinates":[[[[77.59094,13.09842],[77.59444,13.09517],[77.59522,13.09636],[77.59559,13.09581],[77.59611,13.094],[77.59631,13.09178],[77.59587,13.08982],[77.59004,13.07607],[77.58285,13.07827],[77.58449,13.08367],[77.57907,13.0852],[77.58011,13.08783],[77.57703,13.08859],[77.57329,13.089],[77.57209,13.08884],[77.56896,13.08926],[77.56977,13.09722],[77.56503,13.09771],[77.57021,13.09808],[77.57575,13.09911],[77.58651,13.10203],[77.59094,13.09842]]]]}},{"type":"Feature","properties":{"ward_no":51,"ward_name":"Vijnanapura","assembly":"K.R. Puram","population_2011":35087,"male":18118,"female":16969,"sc":6454,"st":228,"area_km2":2.05,"density_2011":17115.6},"geometry":{"type":"MultiPolygon","coordinates":[[[[77.67683,13.01147],[77.67885,13.0117],[77.68068,13.01102],[77.6807,13.01027],[77.67956,13.00944],[77.67889,13.00956],[77.67748,13.00903],[77.67706,13.00932],[77.67683,13.0109],[77.67584,13.00811],[77.67478,13.00869],[77.67442,13.00685],[77.67483,13.00642],[77.67516,13.00541],[77.67712,13.00499],[77.67715,13.00378],[77.67689,13.00296],[77.67711,13.00074],[77.67238,13.00054],[77.67035,13.00017],[77.6671,12.9991],[77.66404,12.99752],[77.6636,12.99835],[77.66224,13.01328],[77.66549,13.01243],[77.66958,13.01178],[77.67683,13.01147]]]]}},{"type":"Feature","properties":{"ward_no":53,"ward_name":"Basavanapura","assembly":"K.R. Puram","population_2011":22012,"male":11494,"female":10518,"sc":4115,"st":325,"area_km2":6.28,"density_2011":3505.1},"geometry":{"type":"MultiPolygon","coordinates":[[[[77.72899,13.02061],[77.72994,13.01995],[77.72992,13.01854],[77.72834,13.01579],[77.728,13.0146],[77.72803,13.01211],[77.72477,13.01257],[77.72091,13.01174],[77.72063,13.01062],[77.72013,13.01003],[77.71922,13.01002],[77.71934,13.00912],[77.71895,13.00613],[77.71819,13.00453],[77.71353,13.00461],[77.71096,13.00432],[77.70722,13.00428],[77.70607,12.99928],[77.69897,12.99978],[77.69997,13.00617],[77.69573,13.00835],[77.69685,13.00949],[77.69744,13.0092],[77.69774,13.00943],[77.6982,13.00914],[77.70072,13.01029],[77.70218,13.0106],[77.70249,13.01035],[77.70261,13.0134],[77.70541,13.01338],[77.70594,13.01305],[77.70704,13.01332],[77.70784,13.01388],[77.71072,13.01435],[77.71074,13.01474],[77.71124,13.01513],[77.7112,13.0158],[77.71181,13.01659],[77.71152,13.01718],[77.71182,13.01816],[77.71365,13.01944],[77.71407,13.02041],[77.71442,13.02037],[77.7132,13.02229],[77.71342,13.02242],[77.71208,13.02416],[77.71163,13.0275],[77.71103,13.02895],[77.71327,13.03226],[77.71643,13.03315],[77.71987,13.03452],[77.72299,13.03639],[77.72387,13.03638],[77.72442,13.03599],[77.72543,13.03273],[77.72517,13.02878],[77.72537,13.02672],[77.72831,13.02289],[77.72899,13.02061]]]]}},{"type":"Feature","properties":{"ward_no":54,"ward_name":"Hudi","assembly":"K.R. Puram","population_2011":20700,"male":11076,"female":9624,"sc":4364,"st":297,"area_km2":15.3,"density_2011":1352.9},"geometry":{"type":"MultiPolygon","coordinates":[[[[77.73583,13.01279],[77.73609,13.01159],[77.73601,13.0098],[77.74015,13.00933],[77.74136,13.00872],[77.74711,13.00898],[77.74719,13.01055],[77.74857,13.01043],[77.75187,13.01087],[77.75256,13.01061],[77.75449,13.00879],[77.7549,13.00927],[77.75506,13.01017],[77.75536,13.01029],[77.75649,13.00975],[77.75708,13.00899],[77.75812,13.00857],[77.75862,13.00797],[77.75933,13.00779],[77.7595,13.00707],[77.75928,13.00597],[77.76003,13.00532],[77.75947,13.00265],[77.75795,13.00273],[77.75718,13.00235],[77.75741,13.00111],[77.75591,13.00117],[77.75421,13.0016],[77.75339,12.99797],[77.75201,12.99738],[77.74756,12.99823],[77.74319,12.99865],[77.74144,12.99856],[77.73123,12.99647],[77.73131,12.99546],[77.73262,12.99335],[77.73346,12.98787],[77.74059,12.9874],[77.7404,12.98701],[77.73849,12.98634],[77.73845,12.98515],[77.73707,12.98493],[77.73352,12.98493],[77.73349,12.98558],[77.73226,12.9857],[77.73167,12.98649],[77.73161,12.98812],[77.72589,12.98927],[77.72473,12.98994],[77.72169,12.99085],[77.71942,12.99212],[77.71579,12.99215],[77.71355,12.99015],[77.71111,12.99074],[77.71165,12.99252],[77.71004,12.99282],[77.70479,12.99302],[77.70496,12.99526],[77.70524,12.99602],[77.70755,12.9965],[77.7079,12.99681],[77.70772,12.99698],[77.70851,12.99771],[77.70857,12.99865],[77.70607,12.99928],[77.70722,13.00428],[77.71096,13.00432],[77.71353,13.00461],[77.71819,13.00453],[77.71895,13.00613],[77.71934,13.00912],[77.71922,13.01002],[77.72013,13.01003],[77.72063,13.01062],[77.72091,13.01174],[77.72477,13.01257],[77.72841,13.01205],[77.73388,13.01199],[77.73583,13.01279]]],[[[77.69296,13.02997],[77.69436,13.02726],[77.69171,13.0276],[77.68675,13.02308],[77.68168,13.02293],[77.68207,13.02622],[77.68239,13.03472],[77.68527,13.03485],[77.6882,13.0344],[77.69028,13.03267],[77.69296,13.02997]]],[[[77.67475,13.05176],[77.67269,13.05145],[77.67174,13.05178],[77.6712,13.051],[77.66964,13.04982],[77.66735,13.04966],[77.66635,13.04975],[77.66449,13.05044],[77.66288,13.05048],[77.66301,13.05238],[77.66438,13.05556],[77.66423,13.05822],[77.66476,13.05932],[77.66532,13.06263],[77.66655,13.06429],[77.66684,13.06567],[77.66837,13.06714],[77.6707,13.0675],[77.67611,13.06679],[77.67649,13.06641],[77.6767,13.06538],[77.67835,13.06433],[77.67867,13.06297],[77.67865,13.06124],[77.67834,13.0582],[77.67788,13.05637],[77.67796,13.05414],[77.67598,13.05238],[77.67475,13.05176]]],[[[77.65564,13.07267],[77.65571,13.07106],[77.65545,13.07107],[77.65485,13.05877],[77.65432,13.05811],[77.65472,13.05708],[77.65451,13.05597],[77.65484,13.05598],[77.6547,13.05448],[77.65449,13.05428],[77.65484,13.05357],[77.65443,13.05264],[77.65474,13.05155],[77.65461,13.05073],[77.65499,13.04941],[77.65434,13.04782],[77.65176,13.04769],[77.6482,13.04905],[77.64698,13.04922],[77.64662,13.04965],[77.64655,13.05058],[77.64712,13.05128],[77.64726,13.05311],[77.64626,13.05502],[77.64627,13.05572],[77.64721,13.05691],[77.64779,13.05811],[77.64838,13.05819],[77.64842,13.05995],[77.65086,13.05981],[77.65094,13.06003],[77.65073,13.06249],[77.65082,13.06498],[77.651,13.06513],[77.65085,13.06732],[77.65101,13.06884],[77.65093,13.06994],[77.65066,13.07056],[77.65046,13.07057],[77.65042,13.07195],[77.6502,13.07234],[77.65021,13.07366],[77.65091,13.07568],[77.65065,13.07652],[77.64993,13.07701],[77.64931,13.07853],[77.64882,13.08292],[77.65014,13.08326],[77.65252,13.0834],[77.65346,13.08339],[77.65362,13.08317],[77.65408,13.07937],[77.65477,13.07677],[77.65525,13.07573],[77.65569,13.07541],[77.65554,13.07415],[77.65526,13.0738],[77.65564,13.07267]]]]}},{"type":"Feature","properties":{"ward_no":55,"ward_name":"Devasandra","assembly":"K.R. Puram","population_2011":22057,"male":11604,"female":10453,"sc":3225,"st":377,"area_km2":3.52,"density_2011":6266.2},"geometry":{"type":"MultiPolygon","coordinates":[[[[77.67707,13.00032],[77.67665,13.00027],[77.67755,13.00076],[77.67711,13.00074],[77.6769,13.00271],[77.67712,13.00499],[77.67516,13.00541],[77.67483,13.00642],[77.67442,13.00685],[77.67478,13.00869],[77.67584,13.00811],[77.67683,13.0109],[77.67706,13.00932],[77.67748,13.00903],[77.67889,13.00956],[77.67963,13.00947],[77.6807,13.01027],[77.68068,13.01102],[77.68211,13.00995],[77.68511,13.00515],[77.6891,13.00728],[77.69067,13.00781],[77.69405,13.00833],[77.69573,13.00835],[77.6966,13.00801],[77.69887,13.00659],[77.69997,13.00617],[77.69897,12.99978],[77.70402,12.99953],[77.70358,12.99787],[77.70155,12.99688],[77.70127,12.99399],[77.69753,12.99507],[77.69517,12.99547],[77.69066,12.99729],[77.68868,12.99231],[77.68743,12.9912],[77.68394,12.99595],[77.68115,13.0003],[77.67707,13.00032]]]]}},{"type":"Feature","properties":{"ward_no":56,"ward_name":"A Narayanapura","assembly":"K.R. Puram","population_2011":29420,"male":15406,"female":14014,"sc":5827,"st":118,"area_km2":2.15,"density_2011":13683.7},"geometry":{"type":"MultiPolygon","coordinates":[[[[77.6772,13.00056],[77.67665,13.00027],[77.68115,13.0003],[77.68367,12.99638],[77.68319,12.99599],[77.68296,12.99503],[77.6791,12.99473],[77.67712,12.99508],[77.67581,12.99327],[77.67591,12.99265],[77.67663,12.99257],[77.67628,12.9913],[77.67556,12.99151],[77.67548,12.99122],[77.67579,12.99106],[77.67568,12.99012],[77.67585,12.99012],[77.676,12.98748],[77.67414,12.98692],[77.67448,12.98662],[77.67373,12.9867],[77.67176,12.98595],[77.67117,12.98622],[77.671,12.98605],[77.66943,12.98619],[77.66795,12.98561],[77.66745,12.98609],[77.66742,12.98855],[77.66755,12.98942],[77.66832,12.99022],[77.66657,12.99135],[77.66556,12.99235],[77.66279,12.99683],[77.66663,12.9989],[77.66956,12.99997],[77.67238,13.00054],[77.67532,13.00076],[77.67755,13.00076],[77.6772,13.00056]]]]}},{"type":"Feature","properties":{"ward_no":81,"ward_name":"Vijnana Nagar","assembly":"K.R. Puram","population_2011":24757,"male":13218,"female":11539,"sc":3761,"st":234,"area_km2":5.73,"density_2011":4320.6},"geometry":{"type":"MultiPolygon","coordinates":[[[[77.68849,12.99207],[77.69082,12.99161],[77.69358,12.99037],[77.69584,12.99019],[77.69589,12.98678],[77.69564,12.9827],[77.69509,12.98116],[77.69428,12.98152],[77.69346,12.98149],[77.69315,12.98198],[77.69181,12.98176],[77.69032,12.98187],[77.6887,12.97851],[77.68693,12.97948],[77.68473,12.97759],[77.68409,12.9762],[77.68411,12.97575],[77.68549,12.9747],[77.68574,12.97409],[77.68685,12.97316],[77.68606,12.97004],[77.6864,12.97],[77.68627,12.96978],[77.68665,12.96926],[77.68793,12.96907],[77.68814,12.96716],[77.68856,12.96695],[77.68896,12.96224],[77.68163,12.96166],[77.68215,12.96411],[77.68039,12.96433],[77.67853,12.96514],[77.67735,12.96464],[77.67567,12.96482],[77.67356,12.96462],[77.67347,12.9673],[77.67275,12.967],[77.67003,12.96766],[77.66976,12.96615],[77.67029,12.96611],[77.67026,12.96507],[77.66867,12.96487],[77.66853,12.96591],[77.66693,12.96629],[77.66658,12.96528],[77.66555,12.96593],[77.66541,12.96818],[77.66604,12.97151],[77.66643,12.97183],[77.66655,12.97247],[77.66699,12.97264],[77.66667,12.97313],[77.66692,12.97434],[77.66661,12.97448],[77.66653,12.97538],[77.66747,12.97558],[77.6688,12.97542],[77.67459,12.97347],[77.6781,12.97274],[77.6793,12.97627],[77.67938,12.97848],[77.6804,12.98275],[77.67981,12.98366],[77.67863,12.98414],[77.67414,12.98692],[77.676,12.98748],[77.67585,12.99012],[77.67568,12.99012],[77.67579,12.99106],[77.67548,12.99122],[77.67556,12.99151],[77.67628,12.9913],[77.67663,12.99257],[77.67591,12.99265],[77.67581,12.99327],[77.67712,12.99508],[77.6791,12.99473],[77.68296,12.99503],[77.68319,12.99599],[77.68367,12.99638],[77.68743,12.9912],[77.68849,12.99207]]]]}},{"type":"Feature","properties":{"ward_no":87,"ward_name":"HAL Airport","assembly":"K.R. Puram","population_2011":33066,"male":17594,"female":15472,"sc":5487,"st":464,"area_km2":6.8,"density_2011":4862.6},"geometry":{"type":"MultiPolygon","coordinates":[[[[77.66604,12.97151],[77.66541,12.96818],[77.66549,12.96618],[77.66555,12.96593],[77.66658,12.96528],[77.66693,12.96629],[77.66853,12.96591],[77.66867,12.96487],[77.67026,12.96507],[77.67029,12.96611],[77.66976,12.96615],[77.67003,12.96766],[77.67275,12.967],[77.67347,12.9673],[77.67356,12.96462],[77.67567,12.96482],[77.67735,12.96464],[77.67853,12.96514],[77.68039,12.96433],[77.68215,12.96411],[77.68163,12.96166],[77.68896,12.96224],[77.68954,12.96211],[77.68979,12.96119],[77.6899,12.95556],[77.68767,12.95503],[77.68939,12.95313],[77.68948,12.95054],[77.68902,12.94956],[77.68738,12.94902],[77.68057,12.94853],[77.68011,12.94825],[77.67821,12.94827],[77.67534,12.94877],[77.67315,12.94819],[77.67093,12.94806],[77.67093,12.94711],[77.66836,12.94699],[77.66841,12.94655],[77.6666,12.94644],[77.66662,12.94601],[77.66474,12.94588],[77.66415,12.94445],[77.66267,12.94447],[77.66258,12.94665],[77.65996,12.94759],[77.65608,12.94737],[77.65461,12.94772],[77.64939,12.94743],[77.6491,12.94796],[77.64945,12.94931],[77.6511,12.9511],[77.65228,12.95181],[77.65257,12.95254],[77.65842,12.95293],[77.66103,12.95286],[77.66105,12.95435],[77.66241,12.95426],[77.66249,12.95497],[77.66192,12.95501],[77.66192,12.95546],[77.66089,12.95557],[77.66341,12.95576],[77.66304,12.95691],[77.66358,12.95892],[77.66129,12.9593],[77.65978,12.95908],[77.65969,12.95925],[77.65984,12.96029],[77.66021,12.9609],[77.6598,12.96108],[77.65999,12.96173],[77.66084,12.96162],[77.66098,12.96221],[77.66154,12.96219],[77.66177,12.96283],[77.66184,12.96431],[77.66113,12.96419],[77.66086,12.96491],[77.66053,12.96499],[77.66071,12.96523],[77.66113,12.96514],[77.66125,12.96557],[77.66164,12.96555],[77.66198,12.96626],[77.66162,12.96683],[77.65872,12.96717],[77.65811,12.96822],[77.65729,12.9683],[77.65768,12.97079],[77.65869,12.97133],[77.65857,12.97154],[77.66141,12.97161],[77.66166,12.97199],[77.66304,12.97155],[77.66525,12.97181],[77.66604,12.97151]]]]}},{"type":"Feature","properties":{"ward_no":10,"ward_name":"Dodda Bommasandra","assembly":"Byatarayanapura","population_2011":21640,"male":11327,"female":10313,"sc":3188,"st":286,"area_km2":4.2,"density_2011":5152.4},"geometry":{"type":"MultiPolygon","coordinates":[[[[77.56925,13.05462],[77.56101,13.0401],[77.56061,13.04051],[77.5598,13.04053],[77.559,13.04169],[77.55745,13.04273],[77.55707,13.04264],[77.55676,13.04497],[77.55447,13.04873],[77.55091,13.05325],[77.54796,13.05566],[77.54806,13.05754],[77.55007,13.05748],[77.55146,13.05779],[77.55157,13.05962],[77.55112,13.06076],[77.55113,13.06216],[77.55083,13.06224],[77.55095,13.06346],[77.55044,13.06445],[77.55064,13.06507],[77.5504,13.06539],[77.55136,13.06734],[77.55317,13.06662],[77.55415,13.06869],[77.55449,13.06858],[77.55659,13.07262],[77.55758,13.07219],[77.55824,13.07104],[77.55815,13.0706],[77.55864,13.07035],[77.558,13.06887],[77.5603,13.06834],[77.56051,13.06875],[77.56125,13.06897],[77.56337,13.06894],[77.5637,13.06862],[77.56502,13.06559],[77.56539,13.06545],[77.56568,13.0645],[77.5663,13.06441],[77.56616,13.0639],[77.56829,13.06308],[77.56822,13.06289],[77.56645,13.06259],[77.56542,13.06149],[77.56525,13.06068],[77.56557,13.05887],[77.56504,13.05931],[77.56526,13.05957],[77.56449,13.06096],[77.56173,13.06305],[77.56113,13.06058],[77.56041,13.06057],[77.56026,13.05977],[77.55928,13.05966],[77.55928,13.05891],[77.56192,13.05919],[77.56338,13.05878],[77.56732,13.05536],[77.56925,13.05462]]]]}},{"type":"Feature","properties":{"ward_no":11,"ward_name":"Kuvempu Nagar","assembly":"Byatarayanapura","population_2011":25295,"male":13489,"female":11806,"sc":4961,"st":942,"area_km2":7.59,"density_2011":3332.7},"geometry":{"type":"MultiPolygon","coordinates":[[[[77.54331,13.08493],[77.54511,13.08477],[77.54513,13.08356],[77.54751,13.0836],[77.54717,13.08199],[77.54845,13.08169],[77.54883,13.0821],[77.55019,13.08226],[77.55069,13.08308],[77.5521,13.08449],[77.55541,13.08605],[77.55801,13.08503],[77.55765,13.08421],[77.55819,13.08398],[77.55655,13.08267],[77.55681,13.08168],[77.55615,13.08109],[77.55344,13.08196],[77.55317,13.0803],[77.55232,13.07894],[77.55256,13.07879],[77.55157,13.07727],[77.55342,13.07596],[77.55128,13.07142],[77.55518,13.06984],[77.55449,13.06858],[77.55415,13.06869],[77.55317,13.06662],[77.55136,13.06734],[77.5504,13.06539],[77.55064,13.06507],[77.55044,13.06445],[77.55095,13.06346],[77.55083,13.06224],[77.55113,13.06216],[77.55112,13.06076],[77.55157,13.05962],[77.55146,13.05779],[77.55007,13.05748],[77.54806,13.05754],[77.54796,13.05566],[77.54672,13.05685],[77.54477,13.05497],[77.54235,13.05491],[77.53892,13.0543],[77.53539,13.05484],[77.53509,13.05575],[77.53515,13.05703],[77.53486,13.05746],[77.53541,13.05762],[77.53392,13.05994],[77.53512,13.0633],[77.53407,13.06584],[77.53283,13.06578],[77.52992,13.06886],[77.52978,13.0719],[77.53089,13.07174],[77.53162,13.07214],[77.53122,13.07387],[77.53136,13.0754],[77.53096,13.08033],[77.53079,13.08124],[77.52828,13.08383],[77.52934,13.08505],[77.53116,13.08564],[77.53411,13.08739],[77.5354,13.08847],[77.53672,13.09096],[77.54059,13.08633],[77.54331,13.08493]]]]}},{"type":"Feature","properties":{"ward_no":5,"ward_name":"Jakkuru","assembly":"Byatarayanapura","population_2011":20964,"male":10906,"female":10058,"sc":3470,"st":327,"area_km2":23.96,"density_2011":875.0},"geometry":{"type":"MultiPolygon","coordinates":[[[[77.6465,13.08523],[77.64374,13.08094],[77.64207,13.07777],[77.64071,13.07786],[77.63825,13.07521],[77.63699,13.07536],[77.63377,13.07704],[77.63366,13.07645],[77.63126,13.0767],[77.63095,13.07495],[77.62848,13.07513],[77.62822,13.07264],[77.62783,13.07266],[77.62697,13.07039],[77.62666,13.07038],[77.62599,13.06708],[77.62483,13.06702],[77.62325,13.06538],[77.62056,13.06541],[77.61982,13.06615],[77.61904,13.06628],[77.61834,13.06673],[77.61764,13.06661],[77.61719,13.06573],[77.61438,13.06553],[77.61358,13.06735],[77.61305,13.06773],[77.61035,13.06804],[77.6099,13.06673],[77.60968,13.06666],[77.60343,13.06882],[77.60351,13.07015],[77.60441,13.0741],[77.60522,13.07624],[77.60601,13.07702],[77.60662,13.07844],[77.60773,13.07962],[77.60755,13.08168],[77.60343,13.08516],[77.60285,13.08597],[77.60334,13.08641],[77.60418,13.08653],[77.60412,13.0869],[77.60346,13.08764],[77.60284,13.08978],[77.60129,13.092],[77.60063,13.09483],[77.59968,13.09692],[77.60028,13.09708],[77.60102,13.09767],[77.60242,13.09764],[77.60254,13.09803],[77.60218,13.09862],[77.60237,13.09901],[77.6022,13.09935],[77.59935,13.09984],[77.60015,13.10286],[77.6014,13.10312],[77.60231,13.10292],[77.6031,13.10219],[77.60851,13.10207],[77.60835,13.10458],[77.6089,13.10459],[77.60869,13.10745],[77.60924,13.10753],[77.60989,13.10823],[77.60974,13.11054],[77.61002,13.11067],[77.61046,13.11152],[77.61115,13.11368],[77.61094,13.11677],[77.61141,13.12164],[77.61437,13.12849],[77.61515,13.13117],[77.62066,13.13125],[77.63006,13.12503],[77.6394,13.11401],[77.63713,13.10674],[77.6491,13.1048],[77.64854,13.09934],[77.64199,13.08765],[77.64655,13.08694],[77.6465,13.08523]]]]}},{"type":"Feature","properties":{"ward_no":6,"ward_name":"Thanisandra","assembly":"Byatarayanapura","population_2011":20402,"male":10384,"female":10018,"sc":3924,"st":147,"area_km2":9.97,"density_2011":2046.3},"geometry":{"type":"MultiPolygon","coordinates":[[[[77.63825,13.07521],[77.63766,13.07342],[77.63663,13.06702],[77.6372,13.06011],[77.637,13.05342],[77.63604,13.04454],[77.6367,13.04279],[77.63655,13.04207],[77.63674,13.0412],[77.63614,13.04073],[77.63514,13.04132],[77.63453,13.04218],[77.63327,13.04234],[77.63315,13.04179],[77.6325,13.04199],[77.63176,13.04293],[77.63133,13.04301],[77.63101,13.04254],[77.63031,13.04263],[77.62974,13.04222],[77.6293,13.04258],[77.62859,13.04229],[77.62854,13.04293],[77.62811,13.04334],[77.6287,13.04406],[77.62805,13.04445],[77.62755,13.04552],[77.62541,13.04299],[77.62348,13.03835],[77.62249,13.03835],[77.62251,13.03852],[77.62184,13.03861],[77.62182,13.03924],[77.62145,13.0393],[77.62137,13.03873],[77.62057,13.03884],[77.62055,13.03913],[77.61992,13.03917],[77.62015,13.04014],[77.61934,13.04059],[77.61828,13.041],[77.61714,13.04093],[77.61603,13.04119],[77.61367,13.04214],[77.61256,13.04364],[77.61207,13.04579],[77.61137,13.0469],[77.61223,13.04791],[77.61177,13.04947],[77.61043,13.04972],[77.61023,13.05039],[77.60832,13.0509],[77.60703,13.0519],[77.60426,13.05266],[77.60431,13.05319],[77.60336,13.05359],[77.59925,13.05479],[77.59944,13.05519],[77.59793,13.05585],[77.59871,13.05789],[77.59884,13.05891],[77.59939,13.05897],[77.60018,13.06014],[77.60301,13.06028],[77.6038,13.06108],[77.60785,13.06307],[77.60829,13.06353],[77.60922,13.06343],[77.60971,13.06647],[77.61035,13.06804],[77.61326,13.06763],[77.61438,13.06553],[77.61719,13.06573],[77.61764,13.06661],[77.61834,13.06673],[77.61904,13.06628],[77.61982,13.06615],[77.62056,13.06541],[77.62325,13.06538],[77.62483,13.06702],[77.62599,13.06708],[77.62666,13.07038],[77.62697,13.07039],[77.62783,13.07266],[77.62822,13.07264],[77.62848,13.07513],[77.63095,13.07495],[77.63126,13.0767],[77.63366,13.07645],[77.63377,13.07704],[77.63699,13.07536],[77.63825,13.07521]]]]}},{"type":"Feature","properties":{"ward_no":7,"ward_name":"Byatarayanapura","assembly":"Byatarayanapura","population_2011":31400,"male":16665,"female":14735,"sc":3085,"st":1383,"area_km2":9.6,"density_2011":3270.8},"geometry":{"type":"MultiPolygon","coordinates":[[[[77.60977,13.06666],[77.60922,13.06343],[77.60829,13.06353],[77.60785,13.06307],[77.6038,13.06108],[77.60301,13.06028],[77.60018,13.06014],[77.59939,13.05897],[77.59884,13.05891],[77.59856,13.05745],[77.59786,13.05602],[77.59944,13.05519],[77.59925,13.05479],[77.60336,13.05359],[77.60431,13.05319],[77.60426,13.05266],[77.60703,13.0519],[77.60832,13.0509],[77.61023,13.05039],[77.61043,13.04972],[77.61177,13.04947],[77.61223,13.04791],[77.61137,13.0469],[77.61207,13.04579],[77.61256,13.04364],[77.61367,13.04214],[77.61199,13.04254],[77.61132,13.04],[77.61026,13.0382],[77.60903,13.03999],[77.60707,13.04089],[77.59522,13.04127],[77.59269,13.04106],[77.58994,13.0416],[77.59059,13.04366],[77.59082,13.04552],[77.59215,13.04817],[77.59117,13.0486],[77.58861,13.04877],[77.58502,13.04997],[77.58505,13.05042],[77.58459,13.05074],[77.58521,13.05244],[77.58373,13.05345],[77.58358,13.05312],[77.58235,13.0537],[77.58194,13.05427],[77.58353,13.057],[77.58719,13.05548],[77.58736,13.05686],[77.58878,13.05671],[77.58894,13.05774],[77.58793,13.05792],[77.58709,13.06235],[77.58128,13.06667],[77.5869,13.0705],[77.58839,13.07235],[77.59365,13.0847],[77.5972,13.08372],[77.60225,13.08303],[77.60285,13.08597],[77.60343,13.08516],[77.60755,13.08168],[77.60773,13.07962],[77.60662,13.07844],[77.60601,13.07702],[77.60522,13.07624],[77.60441,13.0741],[77.60351,13.07015],[77.60343,13.06882],[77.60977,13.06666]]]]}},{"type":"Feature","properties":{"ward_no":8,"ward_name":"Kodigehalli","assembly":"Byatarayanapura","population_2011":21635,"male":11525,"female":10110,"sc":2724,"st":372,"area_km2":3.81,"density_2011":5678.5},"geometry":{"type":"MultiPolygon","coordinates":[[[[77.5871,13.06225],[77.58793,13.05792],[77.58894,13.05774],[77.58878,13.05671],[77.58736,13.05686],[77.58719,13.05548],[77.58353,13.057],[77.58194,13.05427],[77.58235,13.0537],[77.58358,13.05312],[77.58373,13.05345],[77.58521,13.05244],[77.58459,13.05074],[77.58505,13.05042],[77.58502,13.04997],[77.58861,13.04877],[77.59117,13.0486],[77.59215,13.04817],[77.59082,13.04552],[77.59033,13.04283],[77.58828,13.04261],[77.58532,13.04321],[77.58227,13.0451],[77.57955,13.04728],[77.57848,13.04764],[77.56658,13.04671],[77.5652,13.04633],[77.56432,13.04567],[77.56636,13.04967],[77.56765,13.05155],[77.57198,13.05944],[77.57302,13.06083],[77.57479,13.06223],[77.58128,13.06667],[77.5871,13.06225]]]]}},{"type":"Feature","properties":{"ward_no":9,"ward_name":"Vidyaranyapura","assembly":"Byatarayanapura","population_2011":23136,"male":12268,"female":10868,"sc":1982,"st":505,"area_km2":9.79,"density_2011":2363.2},"geometry":{"type":"MultiPolygon","coordinates":[[[[77.56503,13.09771],[77.56977,13.09722],[77.56896,13.08926],[77.57209,13.08884],[77.57329,13.089],[77.57703,13.08859],[77.58011,13.08783],[77.57907,13.0852],[77.58449,13.08367],[77.58285,13.07827],[77.59002,13.07607],[77.58839,13.07235],[77.5869,13.0705],[77.57302,13.06083],[77.57198,13.05944],[77.56925,13.05462],[77.56732,13.05536],[77.56338,13.05878],[77.56192,13.05919],[77.55928,13.05891],[77.55928,13.05966],[77.56026,13.05977],[77.56041,13.06057],[77.56113,13.06058],[77.56173,13.06305],[77.56449,13.06096],[77.56526,13.05957],[77.56504,13.05931],[77.56557,13.05887],[77.56525,13.06068],[77.56542,13.06149],[77.56645,13.06259],[77.56822,13.06289],[77.5681,13.06319],[77.56616,13.0639],[77.56626,13.06446],[77.56568,13.0645],[77.56539,13.06545],[77.56493,13.06576],[77.5636,13.06875],[77.56268,13.06902],[77.56125,13.06897],[77.56051,13.06875],[77.5603,13.06834],[77.558,13.06887],[77.55864,13.07035],[77.55815,13.0706],[77.55824,13.07104],[77.55758,13.07219],[77.55693,13.07257],[77.55659,13.07262],[77.55518,13.06984],[77.55128,13.07142],[77.55342,13.07596],[77.55157,13.07727],[77.55256,13.07879],[77.55232,13.07894],[77.55317,13.0803],[77.55344,13.08196],[77.55615,13.08109],[77.55681,13.08168],[77.55655,13.08267],[77.55819,13.08398],[77.55765,13.08421],[77.55801,13.08503],[77.55862,13.0848],[77.55894,13.08498],[77.56009,13.08428],[77.56183,13.08586],[77.56233,13.08662],[77.56007,13.08795],[77.55849,13.08953],[77.5586,13.09366],[77.5593,13.09989],[77.56116,13.09895],[77.56503,13.09771]]]]}},{"type":"Feature","properties":{"ward_no":130,"ward_name":"Ullalu","assembly":"Yeshwantpura","population_2011":20332,"male":10468,"female":9864,"sc":3751,"st":207,"area_km2":8.92,"density_2011":2279.4},"geometry":{"type":"MultiPolygon","coordinates":[[[[77.47511,12.97146],[77.48128,12.97117],[77.48428,12.96964],[77.48548,12.96799],[77.48592,12.96679],[77.48631,12.96377],[77.48552,12.95786],[77.48505,12.9564],[77.48502,12.95542],[77.48567,12.95504],[77.48562,12.95323],[77.48509,12.95264],[77.48508,12.95203],[77.48467,12.95158],[77.486,12.9512],[77.48866,12.94941],[77.48864,12.94899],[77.49028,12.94749],[77.49285,12.94764],[77.49675,12.94732],[77.49659,12.94697],[77.49808,12.94684],[77.49961,12.94639],[77.4992,12.94466],[77.5001,12.94431],[77.4999,12.94339],[77.49937,12.94359],[77.49717,12.93996],[77.49938,12.93838],[77.49959,12.9379],[77.49908,12.93573],[77.49994,12.93545],[77.4991,12.93075],[77.49857,12.93083],[77.49852,12.92866],[77.49894,12.926],[77.48832,12.92104],[77.48811,12.92147],[77.4882,12.92202],[77.48851,12.92289],[77.48913,12.92352],[77.48944,12.92531],[77.49047,12.92814],[77.49064,12.9302],[77.49118,12.93156],[77.49136,12.93336],[77.49044,12.93227],[77.48862,12.93272],[77.48791,12.9326],[77.48511,12.92463],[77.4829,12.92529],[77.48228,12.92345],[77.48139,12.92376],[77.48105,12.92436],[77.48124,12.92532],[77.48185,12.9261],[77.48207,12.92735],[77.48252,12.92761],[77.48397,12.93061],[77.48343,12.93235],[77.48456,12.93754],[77.48207,12.93776],[77.48091,12.93717],[77.4792,12.93691],[77.4769,12.93798],[77.47493,12.93961],[77.47253,12.94065],[77.47318,12.94196],[77.47447,12.94346],[77.47617,12.94853],[77.47495,12.949],[77.4711,12.94964],[77.4712,12.95049],[77.47187,12.95055],[77.47273,12.95157],[77.47149,12.95241],[77.47227,12.95842],[77.47142,12.96654],[77.47184,12.96836],[77.47289,12.96953],[77.47345,12.96956],[77.474,12.97015],[77.47409,12.97146],[77.47511,12.97146]]]]}},{"type":"Feature","properties":{"ward_no":159,"ward_name":"Kengeri","assembly":"Yeshwantpura","population_2011":24870,"male":12879,"female":11991,"sc":2440,"st":220,"area_km2":4.77,"density_2011":5213.8},"geometry":{"type":"MultiPolygon","coordinates":[[[[77.46211,12.89759],[77.46022,12.90045],[77.4601,12.90384],[77.46152,12.9049],[77.46332,12.90505],[77.46384,12.90532],[77.46438,12.90609],[77.46465,12.90676],[77.46476,12.90825],[77.46515,12.90909],[77.46606,12.91019],[77.47052,12.91759],[77.47241,12.92343],[77.47267,12.92348],[77.47354,12.92279],[77.47431,12.92252],[77.47479,12.92436],[77.47614,12.9241],[77.47786,12.92356],[77.47919,12.92202],[77.47941,12.92319],[77.47879,12.9234],[77.47895,12.92375],[77.48093,12.92297],[77.48127,12.92363],[77.48116,12.92389],[77.48228,12.92345],[77.4829,12.92529],[77.48511,12.92463],[77.48791,12.9326],[77.48862,12.93272],[77.49044,12.93227],[77.49136,12.93336],[77.49118,12.93156],[77.49064,12.9302],[77.49047,12.92814],[77.48944,12.92531],[77.48913,12.92352],[77.48851,12.92289],[77.4882,12.92202],[77.48811,12.92147],[77.48832,12.92104],[77.49901,12.92605],[77.49914,12.92522],[77.49759,12.92371],[77.49355,12.92149],[77.49269,12.92018],[77.49147,12.91917],[77.4895,12.91651],[77.48744,12.91529],[77.48509,12.91275],[77.48427,12.91035],[77.4818,12.91026],[77.47894,12.90923],[77.47526,12.90715],[77.47346,12.90673],[77.47074,12.9047],[77.4697,12.90283],[77.46869,12.90185],[77.46556,12.89991],[77.46395,12.89852],[77.46211,12.89759]]]]}},{"type":"Feature","properties":{"ward_no":40,"ward_name":"Dodda Bidarakallu","assembly":"Yeshwantpura","population_2011":19349,"male":10204,"female":9145,"sc":3055,"st":1256,"area_km2":12.7,"density_2011":1523.5},"geometry":{"type":"MultiPolygon","coordinates":[[[[77.49255,13.05165],[77.49458,13.05124],[77.49424,13.04984],[77.49441,13.04978],[77.49436,13.04661],[77.49474,13.04417],[77.49516,13.0427],[77.49676,13.04167],[77.4966,13.04081],[77.49627,13.04078],[77.49622,13.03945],[77.49746,13.03702],[77.49752,13.03538],[77.49719,13.03138],[77.49509,13.02348],[77.49439,13.02224],[77.49371,13.02168],[77.49355,13.02115],[77.49509,13.0201],[77.49564,13.01829],[77.49766,13.01773],[77.49987,13.01202],[77.49174,13.00318],[77.49007,13.00167],[77.48887,12.99979],[77.48715,12.99838],[77.48544,12.9975],[77.48158,12.99605],[77.48114,12.99573],[77.48084,12.99462],[77.4803,12.9938],[77.47905,12.99418],[77.47869,12.99402],[77.47842,12.99267],[77.47863,12.99253],[77.47864,12.98746],[77.47783,12.98666],[77.47427,12.98442],[77.47403,12.98467],[77.47244,12.9845],[77.46777,12.98639],[77.46736,12.98688],[77.46737,12.98741],[77.46974,12.98998],[77.46911,12.99037],[77.47014,12.9924],[77.4706,12.99514],[77.47102,12.99583],[77.47193,12.99611],[77.47231,12.99696],[77.47294,12.99748],[77.47212,12.9985],[77.47209,12.99903],[77.47234,12.99952],[77.47326,13.00016],[77.47364,13.00101],[77.47369,13.00166],[77.47316,13.00236],[77.47355,13.00396],[77.47295,13.0063],[77.47304,13.00703],[77.47366,13.00768],[77.47367,13.00808],[77.47272,13.00886],[77.47031,13.00803],[77.47016,13.00966],[77.47025,13.00999],[77.47133,13.01014],[77.47192,13.01188],[77.47402,13.01405],[77.4752,13.01644],[77.47716,13.02187],[77.47717,13.02252],[77.47623,13.02367],[77.47619,13.02432],[77.47692,13.02618],[77.47702,13.02805],[77.47766,13.03],[77.47622,13.03155],[77.47569,13.03229],[77.47561,13.03282],[77.477,13.03512],[77.47946,13.03628],[77.47976,13.03689],[77.47981,13.03835],[77.48018,13.03835],[77.48065,13.03911],[77.48116,13.04037],[77.48115,13.04102],[77.48214,13.04122],[77.48173,13.04185],[77.48156,13.04281],[77.48083,13.0433],[77.48093,13.04378],[77.4812,13.04354],[77.48124,13.04395],[77.48049,13.04529],[77.47973,13.04579],[77.47954,13.04619],[77.4797,13.04704],[77.47993,13.0475],[77.48074,13.04758],[77.48088,13.04839],[77.48182,13.04832],[77.49099,13.04508],[77.49207,13.04803],[77.49226,13.05057],[77.49177,13.05075],[77.49198,13.05176],[77.49255,13.05165]]]]}},{"type":"Feature","properties":{"ward_no":72,"ward_name":"Herohalli","assembly":"Yeshwantpura","population_2011":19668,"male":10421,"female":9247,"sc":2026,"st":549,"area_km2":7.7,"density_2011":2554.3},"geometry":{"type":"MultiPolygon","coordinates":[[[[77.49934,12.98891],[77.49819,12.98886],[77.49574,12.98821],[77.49502,12.98669],[77.49309,12.98085],[77.49283,12.97885],[77.49317,12.97373],[77.49304,12.97048],[77.49641,12.97],[77.49814,12.97026],[77.49847,12.9702],[77.49806,12.96977],[77.49881,12.96946],[77.49837,12.96869],[77.49722,12.96821],[77.49671,12.96768],[77.49682,12.96707],[77.49632,12.96544],[77.4968,12.96453],[77.49634,12.96435],[77.49581,12.96371],[77.49523,12.96239],[77.49292,12.96286],[77.49208,12.96252],[77.49197,12.96212],[77.49179,12.96259],[77.49005,12.96299],[77.48993,12.96204],[77.4886,12.96228],[77.48623,12.96323],[77.48592,12.96679],[77.48548,12.96799],[77.48428,12.96964],[77.48353,12.97019],[77.48128,12.97117],[77.47409,12.97146],[77.47382,12.97292],[77.47433,12.9745],[77.4743,12.9756],[77.47317,12.98152],[77.47249,12.98182],[77.47301,12.98273],[77.47207,12.98309],[77.47255,12.98447],[77.47403,12.98467],[77.47427,12.98442],[77.47783,12.98666],[77.47864,12.98746],[77.47863,12.99253],[77.47842,12.99267],[77.47869,12.99402],[77.47905,12.99418],[77.4803,12.9938],[77.48084,12.99462],[77.48114,12.99573],[77.48158,12.99605],[77.48378,12.99673],[77.48715,12.99838],[77.48887,12.99979],[77.49007,13.00167],[77.49141,13.00307],[77.49174,13.00318],[77.49386,13.00235],[77.49559,13.00208],[77.49504,13.00023],[77.49793,12.9992],[77.49913,12.99903],[77.49907,12.9988],[77.49987,12.99849],[77.49979,12.99802],[77.50082,12.99731],[77.50014,12.99608],[77.49926,12.99254],[77.49934,12.98891]]]]}},{"type":"Feature","properties":{"ward_no":16,"ward_name":"Jalahalli","assembly":"Rajarajeswari Nagar","population_2011":29037,"male":15087,"female":13950,"sc":6257,"st":1156,"area_km2":5.16,"density_2011":5627.3},"geometry":{"type":"MultiPolygon","coordinates":[[[[77.54879,13.05491],[77.55091,13.05325],[77.55447,13.04873],[77.55653,13.04545],[77.55693,13.04378],[77.5547,13.04406],[77.54481,13.04098],[77.54199,13.03839],[77.54074,13.03249],[77.52759,13.04219],[77.5222,13.04589],[77.52394,13.04913],[77.5269,13.05119],[77.52875,13.05188],[77.53047,13.05316],[77.5314,13.05451],[77.53468,13.05489],[77.53915,13.05431],[77.54235,13.05491],[77.54467,13.05495],[77.54672,13.05685],[77.54879,13.05491]]]]}},{"type":"Feature","properties":{"ward_no":160,"ward_name":"Rajarajeshwari Nagar","assembly":"Rajarajeswari Nagar","population_2011":23282,"male":12092,"female":11190,"sc":2605,"st":306,"area_km2":11.35,"density_2011":2051.3},"geometry":{"type":"MultiPolygon","coordinates":[[[[77.53433,12.93649],[77.53374,12.93604],[77.53362,12.93542],[77.53277,12.9355],[77.53409,12.9328],[77.53433,12.93033],[77.53484,12.92928],[77.53514,12.92947],[77.535,12.92737],[77.53675,12.92655],[77.53668,12.92418],[77.537,12.92344],[77.53774,12.92352],[77.53886,12.92481],[77.54034,12.92422],[77.53999,12.9222],[77.53943,12.92187],[77.53896,12.92019],[77.5376,12.92053],[77.53111,12.92069],[77.52826,12.92157],[77.52818,12.92127],[77.52847,12.92115],[77.5292,12.9196],[77.52811,12.91387],[77.52847,12.91382],[77.52736,12.91022],[77.52684,12.90667],[77.52456,12.90669],[77.5245,12.90647],[77.52556,12.90557],[77.52569,12.90429],[77.52591,12.90408],[77.52888,12.90508],[77.52981,12.90491],[77.5311,12.90428],[77.53216,12.90503],[77.5341,12.90471],[77.53405,12.90344],[77.53449,12.90327],[77.53457,12.89908],[77.53412,12.89896],[77.53253,12.89766],[77.53111,12.89455],[77.52916,12.89519],[77.52664,12.8953],[77.52578,12.89583],[77.52531,12.89538],[77.52478,12.89544],[77.52442,12.89585],[77.52498,12.89669],[77.52475,12.89724],[77.52341,12.89763],[77.52297,12.89764],[77.52254,12.89732],[77.52115,12.89767],[77.52056,12.89676],[77.52114,12.89484],[77.52106,12.89358],[77.51895,12.8928],[77.51848,12.89343],[77.51724,12.8931],[77.5168,12.89362],[77.51589,12.89376],[77.5158,12.8924],[77.51534,12.89247],[77.51493,12.89295],[77.51384,12.89302],[77.51415,12.89425],[77.51387,12.89508],[77.51427,12.8953],[77.5143,12.89561],[77.51393,12.89723],[77.51326,12.89811],[77.51355,12.89886],[77.51238,12.90031],[77.51405,12.90176],[77.5138,12.90206],[77.51136,12.90215],[77.51097,12.90249],[77.51112,12.90289],[77.5109,12.90392],[77.51221,12.90401],[77.51216,12.90663],[77.5108,12.9067],[77.51046,12.90694],[77.5104,12.90729],[77.51106,12.90811],[77.51087,12.90888],[77.51062,12.90923],[77.50928,12.9098],[77.5098,12.91144],[77.5105,12.91228],[77.51095,12.91429],[77.51339,12.9143],[77.51341,12.91612],[77.51242,12.91622],[77.51154,12.9182],[77.51145,12.9193],[77.51154,12.91973],[77.51185,12.91992],[77.51189,12.92049],[77.51163,12.92069],[77.51175,12.92221],[77.51149,12.92372],[77.51044,12.92383],[77.51043,12.92479],[77.50781,12.92483],[77.50536,12.92528],[77.5044,12.92655],[77.50259,12.92784],[77.50354,12.92899],[77.50545,12.92972],[77.50761,12.92901],[77.50893,12.92913],[77.51097,12.9289],[77.51094,12.93248],[77.50994,12.933],[77.50903,12.93318],[77.50922,12.93336],[77.51166,12.93516],[77.51432,12.93596],[77.51908,12.9365],[77.52064,12.93713],[77.52349,12.93959],[77.52659,12.94391],[77.52813,12.94538],[77.52946,12.94474],[77.52998,12.94412],[77.53433,12.93649]]]]}},{"type":"Feature","properties":{"ward_no":17,"ward_name":"J P Park","assembly":"Rajarajeswari Nagar","population_2011":35174,"male":18629,"female":16545,"sc":3344,"st":736,"area_km2":2.05,"density_2011":17158.0},"geometry":{"type":"MultiPolygon","coordinates":[[[[77.55708,13.04263],[77.55745,13.04273],[77.55935,13.04142],[77.5598,13.04053],[77.56061,13.04051],[77.56101,13.0401],[77.55935,13.03887],[77.55734,13.03857],[77.55756,13.03616],[77.55734,13.03478],[77.55993,13.03096],[77.55841,13.02727],[77.55769,13.0275],[77.55789,13.02811],[77.55737,13.02836],[77.55632,13.02839],[77.55629,13.02863],[77.55575,13.0288],[77.5551,13.02995],[77.55468,13.03132],[77.55415,13.03212],[77.55382,13.03224],[77.55187,13.03102],[77.55045,13.02905],[77.54896,13.02917],[77.54498,13.03667],[77.54294,13.03928],[77.54481,13.04098],[77.5547,13.04406],[77.55693,13.04378],[77.55708,13.04263]]]]}},{"type":"Feature","properties":{"ward_no":37,"ward_name":"Yeshwanthpura","assembly":"Rajarajeswari Nagar","population_2011":35972,"male":18861,"female":17111,"sc":3555,"st":560,"area_km2":0.78,"density_2011":46117.9},"geometry":{"type":"MultiPolygon","coordinates":[[[[77.55841,13.02727],[77.5556,13.01993],[77.55432,13.01983],[77.55386,13.01916],[77.54888,13.02917],[77.55045,13.02905],[77.55187,13.03102],[77.55382,13.03224],[77.55415,13.03212],[77.55468,13.03132],[77.5551,13.02995],[77.55575,13.0288],[77.55629,13.02863],[77.55632,13.02839],[77.55737,13.02836],[77.55789,13.02811],[77.55769,13.0275],[77.55841,13.02727]]]]}},{"type":"Feature","properties":{"ward_no":38,"ward_name":"HMT Ward","assembly":"Rajarajeswari Nagar","population_2011":29764,"male":16281,"female":13483,"sc":3761,"st":942,"area_km2":5.21,"density_2011":5712.9},"geometry":{"type":"MultiPolygon","coordinates":[[[[77.53593,13.03607],[77.54074,13.03249],[77.54199,13.03839],[77.54292,13.03922],[77.54335,13.03881],[77.54498,13.03667],[77.54896,13.02917],[77.55266,13.02129],[77.55583,13.01582],[77.5552,13.01548],[77.55401,13.01533],[77.55314,13.01913],[77.55158,13.02207],[77.53993,13.02884],[77.53915,13.0265],[77.53841,13.02613],[77.53789,13.02394],[77.53787,13.02288],[77.53101,13.02661],[77.52844,13.021],[77.52381,13.02252],[77.52169,13.02375],[77.51789,13.03304],[77.51785,13.03415],[77.51829,13.03614],[77.51838,13.03994],[77.5222,13.04589],[77.53593,13.03607]]]]}},{"type":"Feature","properties":{"ward_no":42,"ward_name":"Lakshmi Devi Nagar","assembly":"Rajarajeswari Nagar","population_2011":25578,"male":13425,"female":12153,"sc":4568,"st":704,"area_km2":1.33,"density_2011":19231.6},"geometry":{"type":"MultiPolygon","coordinates":[[[[77.53402,13.025],[77.53787,13.02288],[77.53789,13.02394],[77.53841,13.02613],[77.53915,13.0265],[77.53993,13.02884],[77.54421,13.02635],[77.5398,13.01903],[77.53515,13.02167],[77.53258,13.02207],[77.53166,13.01792],[77.53065,13.01478],[77.5291,13.01217],[77.5276,13.01052],[77.52677,13.01183],[77.52674,13.01333],[77.5283,13.01544],[77.52641,13.01575],[77.52605,13.01548],[77.5239,13.01568],[77.52226,13.01543],[77.52194,13.01827],[77.52681,13.02152],[77.52844,13.021],[77.53101,13.02661],[77.53402,13.025]]]]}},{"type":"Feature","properties":{"ward_no":69,"ward_name":"Laggere","assembly":"Rajarajeswari Nagar","population_2011":25370,"male":13425,"female":11945,"sc":1403,"st":454,"area_km2":1.58,"density_2011":16057.0},"geometry":{"type":"MultiPolygon","coordinates":[[[[77.52775,13.01559],[77.52828,13.01535],[77.52674,13.01333],[77.52677,13.01183],[77.52804,13.00965],[77.52868,13.009],[77.5302,13.00882],[77.53042,13.00833],[77.53002,13.0075],[77.5299,13.00574],[77.52953,13.0049],[77.5296,13.0042],[77.52897,13.00346],[77.5292,13.00237],[77.52785,13.00142],[77.52784,12.99969],[77.52616,13.00044],[77.52628,13.00071],[77.52406,13.00172],[77.52344,13.00165],[77.52365,13.00244],[77.52129,13.00308],[77.52134,13.00353],[77.52101,13.00357],[77.52098,13.00328],[77.52016,13.00339],[77.51988,13.00235],[77.51794,13.00229],[77.51822,13.00287],[77.5177,13.00398],[77.51766,13.00601],[77.51729,13.00662],[77.51746,13.00711],[77.51728,13.00827],[77.51824,13.0091],[77.51905,13.01055],[77.51858,13.01271],[77.52042,13.01248],[77.52124,13.01266],[77.5215,13.01238],[77.52283,13.01246],[77.52303,13.01297],[77.52226,13.01543],[77.5239,13.01568],[77.52605,13.01548],[77.52641,13.01575],[77.52775,13.01559]]]]}},{"type":"Feature","properties":{"ward_no":73,"ward_name":"Kottegepalya","assembly":"Rajarajeswari Nagar","population_2011":29100,"male":15812,"female":13288,"sc":2299,"st":431,"area_km2":5.84,"density_2011":4982.9},"geometry":{"type":"MultiPolygon","coordinates":[[[[77.52134,13.00353],[77.52129,13.00308],[77.52365,13.00244],[77.52344,13.00165],[77.52406,13.00172],[77.52628,13.00071],[77.52616,13.00044],[77.52784,12.99969],[77.52819,12.99916],[77.52594,12.99859],[77.52615,12.99774],[77.5251,12.99783],[77.52462,12.99643],[77.52365,12.99549],[77.52287,12.99301],[77.5223,12.99229],[77.52169,12.99207],[77.52084,12.99028],[77.52005,12.98779],[77.52033,12.98692],[77.51981,12.98621],[77.51974,12.98516],[77.51836,12.98251],[77.51884,12.98069],[77.51957,12.97957],[77.5189,12.97849],[77.51859,12.97558],[77.51788,12.97496],[77.51749,12.97376],[77.51751,12.97326],[77.51823,12.97284],[77.51799,12.97202],[77.51849,12.97065],[77.51763,12.96931],[77.51754,12.9686],[77.51818,12.96769],[77.5181,12.967],[77.51741,12.96644],[77.51745,12.96609],[77.51848,12.96542],[77.51819,12.96425],[77.51754,12.96369],[77.51781,12.96202],[77.51748,12.96179],[77.51609,12.96176],[77.51594,12.96055],[77.51548,12.95961],[77.51143,12.96112],[77.50452,12.96041],[77.50511,12.96347],[77.50483,12.96498],[77.50494,12.96611],[77.50671,12.97046],[77.50882,12.97366],[77.51001,12.97659],[77.51095,12.98046],[77.51104,12.98265],[77.51078,12.98363],[77.5108,12.98481],[77.51176,12.98641],[77.51224,12.98797],[77.51086,12.98837],[77.50942,12.98812],[77.50851,12.98891],[77.50572,12.98964],[77.50465,12.99141],[77.50444,12.99428],[77.50403,12.99467],[77.50402,12.99524],[77.5047,12.99522],[77.50505,12.99551],[77.50598,12.99892],[77.51005,12.99756],[77.51032,12.99858],[77.51273,12.99797],[77.51327,13.00009],[77.51394,13.00019],[77.51443,13.00057],[77.51505,13.00045],[77.51507,12.99977],[77.51604,12.99899],[77.5176,12.99873],[77.51738,12.99737],[77.51829,12.99737],[77.51879,12.99783],[77.51881,12.99852],[77.51902,12.99884],[77.51936,12.99881],[77.51942,12.9992],[77.51907,13.00003],[77.51841,13.0002],[77.51799,13.0008],[77.51786,13.00221],[77.51988,13.00235],[77.52016,13.00339],[77.52098,13.00328],[77.52101,13.00357],[77.52134,13.00353]]]]}},{"type":"Feature","properties":{"ward_no":12,"ward_name":"Shettihalli","assembly":"Dasarahalli","population_2011":28309,"male":15023,"female":13286,"sc":6418,"st":522,"area_km2":8.97,"density_2011":3156.0},"geometry":{"type":"MultiPolygon","coordinates":[[[[77.52514,13.08565],[77.52611,13.08555],[77.52774,13.08489],[77.52794,13.08445],[77.52783,13.08401],[77.52972,13.0825],[77.53079,13.08124],[77.53136,13.0754],[77.53122,13.07387],[77.53162,13.07214],[77.53089,13.07174],[77.52978,13.0719],[77.52978,13.06966],[77.53,13.0687],[77.53275,13.06584],[77.53407,13.06584],[77.53512,13.0633],[77.53392,13.05994],[77.53541,13.05762],[77.53486,13.05746],[77.53515,13.05703],[77.53509,13.05575],[77.53539,13.05484],[77.53352,13.05485],[77.53126,13.05445],[77.53047,13.05316],[77.52875,13.05188],[77.5269,13.05119],[77.52394,13.04913],[77.5222,13.04589],[77.51859,13.04842],[77.51936,13.05008],[77.52005,13.05324],[77.51884,13.05378],[77.5198,13.05558],[77.51927,13.05658],[77.51977,13.05735],[77.5197,13.05788],[77.52036,13.05917],[77.5196,13.05917],[77.51798,13.06028],[77.51416,13.06123],[77.51201,13.05979],[77.51149,13.05998],[77.51126,13.05881],[77.50805,13.0594],[77.50274,13.06765],[77.49899,13.07284],[77.49858,13.07452],[77.50471,13.08145],[77.50593,13.08097],[77.50627,13.08002],[77.50803,13.07795],[77.50994,13.07703],[77.51678,13.07496],[77.51765,13.07864],[77.5173,13.08095],[77.52065,13.08523],[77.52165,13.08701],[77.52514,13.08565]]]]}},{"type":"Feature","properties":{"ward_no":13,"ward_name":"Mallasandra","assembly":"Dasarahalli","population_2011":26253,"male":14066,"female":12187,"sc":2749,"st":289,"area_km2":1.31,"density_2011":20040.5},"geometry":{"type":"MultiPolygon","coordinates":[[[[77.5188,13.0598],[77.5196,13.05917],[77.52036,13.05917],[77.5197,13.05788],[77.51977,13.05735],[77.51927,13.05658],[77.5198,13.05558],[77.51884,13.05378],[77.52005,13.05324],[77.51936,13.05008],[77.51859,13.04842],[77.51831,13.04863],[77.5172,13.04736],[77.51531,13.04696],[77.515,13.04654],[77.51416,13.04679],[77.51448,13.04761],[77.5116,13.04866],[77.51175,13.04918],[77.51147,13.04925],[77.51185,13.05064],[77.51121,13.0509],[77.51135,13.05145],[77.51168,13.05136],[77.51204,13.05319],[77.50805,13.0594],[77.51126,13.05881],[77.51149,13.05998],[77.51201,13.05979],[77.51416,13.06123],[77.51724,13.06052],[77.5188,13.0598]]]]}},{"type":"Feature","properties":{"ward_no":14,"ward_name":"Bagalakunte","assembly":"Dasarahalli","population_2011":28306,"male":15159,"female":13147,"sc":1627,"st":641,"area_km2":4.43,"density_2011":6389.6},"geometry":{"type":"MultiPolygon","coordinates":[[[[77.49726,13.07485],[77.49858,13.07452],[77.49899,13.07284],[77.50274,13.06765],[77.51204,13.05319],[77.51168,13.05136],[77.51135,13.05145],[77.51121,13.0509],[77.51185,13.05064],[77.51147,13.04925],[77.51175,13.04918],[77.5116,13.04866],[77.50877,13.04942],[77.50887,13.05034],[77.5078,13.05057],[77.5077,13.04938],[77.50809,13.04721],[77.50731,13.04532],[77.49424,13.04984],[77.49458,13.05124],[77.49255,13.05165],[77.49242,13.05455],[77.49098,13.05691],[77.49232,13.06078],[77.49308,13.06216],[77.49266,13.06828],[77.49271,13.07476],[77.49631,13.07506],[77.49726,13.07485]]]]}},{"type":"Feature","properties":{"ward_no":15,"ward_name":"T Dasarahalli","assembly":"Dasarahalli","population_2011":26050,"male":14363,"female":11687,"sc":1364,"st":187,"area_km2":0.88,"density_2011":29602.3},"geometry":{"type":"MultiPolygon","coordinates":[[[[77.51707,13.04745],[77.5172,13.04736],[77.51831,13.04863],[77.5222,13.04589],[77.51838,13.03994],[77.51635,13.04177],[77.51145,13.04343],[77.50731,13.04532],[77.50809,13.04721],[77.5077,13.04938],[77.5078,13.05057],[77.50887,13.05034],[77.50877,13.04942],[77.51181,13.04862],[77.51448,13.04761],[77.51416,13.04679],[77.515,13.04654],[77.51531,13.04696],[77.51609,13.04699],[77.51707,13.04745]]]]}},{"type":"Feature","properties":{"ward_no":39,"ward_name":"Chokkasandra","assembly":"Dasarahalli","population_2011":30117,"male":16821,"female":13296,"sc":2571,"st":383,"area_km2":4.0,"density_2011":7529.2},"geometry":{"type":"MultiPolygon","coordinates":[[[[77.50731,13.04532],[77.51145,13.04343],[77.51635,13.04177],[77.51838,13.03994],[77.51829,13.03614],[77.51783,13.03333],[77.51971,13.02846],[77.51461,13.02645],[77.51537,13.03087],[77.51051,13.03197],[77.51022,13.03],[77.50561,13.03129],[77.50367,13.03158],[77.49631,13.02822],[77.49724,13.03165],[77.49746,13.03702],[77.49622,13.03945],[77.49627,13.04078],[77.4966,13.04081],[77.49676,13.04167],[77.49516,13.0427],[77.49474,13.04417],[77.49436,13.04661],[77.49441,13.04978],[77.50731,13.04532]]]]}},{"type":"Feature","properties":{"ward_no":41,"ward_name":"Peenya Industrial Area","assembly":"Dasarahalli","population_2011":27467,"male":15255,"female":12212,"sc":1595,"st":1595,"area_km2":5.59,"density_2011":4913.6},"geometry":{"type":"MultiPolygon","coordinates":[[[[77.51537,13.03087],[77.51461,13.02645],[77.51971,13.02846],[77.52169,13.02375],[77.52381,13.02252],[77.52681,13.02152],[77.52194,13.01827],[77.52215,13.01594],[77.52303,13.01297],[77.52283,13.01246],[77.52148,13.01238],[77.52124,13.01266],[77.52024,13.01248],[77.51641,13.01302],[77.51488,13.01369],[77.51448,13.01528],[77.51394,13.01513],[77.51141,13.0162],[77.51043,13.01419],[77.50857,13.01174],[77.50698,13.01101],[77.50624,13.00993],[77.50245,13.00957],[77.50199,13.00733],[77.49747,13.00942],[77.49987,13.01202],[77.49981,13.01244],[77.49902,13.01392],[77.49766,13.01773],[77.49564,13.01829],[77.49509,13.0201],[77.49355,13.02115],[77.49371,13.02168],[77.49439,13.02224],[77.49509,13.02348],[77.49631,13.02822],[77.50367,13.03158],[77.50561,13.03129],[77.51022,13.03],[77.51051,13.03197],[77.51537,13.03087]]]]}},{"type":"Feature","properties":{"ward_no":70,"ward_name":"Rajagopal Nagar","assembly":"Dasarahalli","population_2011":28604,"male":15691,"female":12913,"sc":2364,"st":606,"area_km2":2.18,"density_2011":13121.1},"geometry":{"type":"MultiPolygon","coordinates":[[[[77.51858,13.01271],[77.51905,13.01055],[77.51824,13.0091],[77.51728,13.00822],[77.51746,13.00711],[77.51729,13.00662],[77.51766,13.00601],[77.5177,13.00398],[77.51824,13.00266],[77.51786,13.00221],[77.51787,13.00122],[77.51826,13.00032],[77.51904,13.00006],[77.51942,12.9992],[77.51936,12.99881],[77.51902,12.99884],[77.51881,12.99852],[77.51859,12.99761],[77.51806,12.99733],[77.51738,12.99737],[77.51744,12.99858],[77.51769,12.99862],[77.51684,12.99897],[77.51604,12.99899],[77.51507,12.99977],[77.5149,13.00057],[77.51327,13.00009],[77.51273,12.99797],[77.51032,12.99858],[77.51005,12.99756],[77.50598,12.99892],[77.50719,13.00421],[77.50498,13.00457],[77.506,13.00962],[77.50698,13.01101],[77.50857,13.01174],[77.51043,13.01419],[77.51141,13.0162],[77.51394,13.01513],[77.51448,13.01528],[77.51488,13.01369],[77.51641,13.01302],[77.51858,13.01271]]]]}},{"type":"Feature","properties":{"ward_no":71,"ward_name":"Hegganahalli","assembly":"Dasarahalli","population_2011":30889,"male":16766,"female":14123,"sc":1879,"st":527,"area_km2":1.96,"density_2011":15759.7},"geometry":{"type":"MultiPolygon","coordinates":[[[[77.50613,13.00988],[77.50498,13.00457],[77.50719,13.00421],[77.5071,13.00353],[77.50637,13.00006],[77.50613,12.99979],[77.50505,12.99551],[77.5047,12.99522],[77.50402,12.99524],[77.504,12.99495],[77.5042,12.99432],[77.50444,12.99428],[77.50465,12.99141],[77.50569,12.98975],[77.50396,12.99021],[77.49934,12.98891],[77.49926,12.99254],[77.50014,12.99608],[77.50082,12.99731],[77.49979,12.99802],[77.49987,12.99849],[77.49907,12.9988],[77.49913,12.99903],[77.49793,12.9992],[77.49504,13.00023],[77.49559,13.00208],[77.49386,13.00235],[77.49174,13.00318],[77.49747,13.00942],[77.50199,13.00733],[77.50245,13.00957],[77.50613,13.00988]]]]}},{"type":"Feature","properties":{"ward_no":102,"ward_name":"Vrisabhavathi Nagar","assembly":"Mahalakshmi Layout","population_2011":34339,"male":18654,"female":15685,"sc":1187,"st":333,"area_km2":0.99,"density_2011":34685.9},"geometry":{"type":"MultiPolygon","coordinates":[[[[77.53165,12.99257],[77.53133,12.98998],[77.53059,12.98833],[77.5291,12.98616],[77.52873,12.98383],[77.52645,12.98587],[77.52593,12.98593],[77.52536,12.98545],[77.52367,12.98502],[77.52267,12.98582],[77.52033,12.98692],[77.52005,12.98779],[77.52084,12.99028],[77.52169,12.99207],[77.5223,12.99229],[77.52287,12.99301],[77.52309,12.99413],[77.52385,12.99575],[77.52517,12.99491],[77.52682,12.99442],[77.52676,12.99415],[77.52901,12.99333],[77.53029,12.99316],[77.53025,12.99276],[77.53165,12.99257]]]]}},{"type":"Feature","properties":{"ward_no":43,"ward_name":"Nandini Layout","assembly":"Mahalakshmi Layout","population_2011":34318,"male":18113,"female":16205,"sc":4421,"st":548,"area_km2":1.41,"density_2011":24339.0},"geometry":{"type":"MultiPolygon","coordinates":[[[[77.53807,13.02],[77.53789,13.01873],[77.53714,13.01763],[77.53962,13.01737],[77.53873,13.01433],[77.53741,13.01236],[77.53788,13.01159],[77.53864,13.01151],[77.53987,13.01253],[77.53989,13.01229],[77.54021,13.01228],[77.53986,13.01113],[77.53938,13.01131],[77.53887,13.01],[77.53862,13.01013],[77.53747,13.00936],[77.53674,13.00932],[77.53767,13.00919],[77.53737,13.00696],[77.53786,13.00673],[77.53739,13.00652],[77.53614,13.00753],[77.53571,13.00709],[77.53536,13.00714],[77.53458,13.00774],[77.53361,13.00718],[77.53283,13.00622],[77.53156,13.00549],[77.5299,13.00574],[77.53002,13.0075],[77.53039,13.00797],[77.53036,13.00861],[77.53003,13.00887],[77.52868,13.009],[77.5276,13.01052],[77.5291,13.01217],[77.53065,13.01478],[77.53166,13.01792],[77.53256,13.02204],[77.53515,13.02167],[77.53807,13.02]]]]}},{"type":"Feature","properties":{"ward_no":44,"ward_name":"Marappana Palya","assembly":"Mahalakshmi Layout","population_2011":34002,"male":18108,"female":15894,"sc":5202,"st":376,"area_km2":2.05,"density_2011":16586.3},"geometry":{"type":"MultiPolygon","coordinates":[[[[77.55383,13.01591],[77.55403,13.01357],[77.55365,13.01273],[77.55066,13.01127],[77.5495,13.01006],[77.54643,13.01077],[77.5468,13.01308],[77.5428,13.01191],[77.54137,13.01259],[77.53987,13.01253],[77.53864,13.01151],[77.53788,13.01159],[77.53741,13.01236],[77.53873,13.01433],[77.53962,13.01737],[77.53714,13.01763],[77.53789,13.01873],[77.53807,13.02],[77.5398,13.01903],[77.54421,13.02635],[77.55158,13.02207],[77.55314,13.01913],[77.55383,13.01591]]]]}},{"type":"Feature","properties":{"ward_no":67,"ward_name":"Nagapura","assembly":"Mahalakshmi Layout","population_2011":35553,"male":18268,"female":17285,"sc":2520,"st":320,"area_km2":1.79,"density_2011":19862.0},"geometry":{"type":"MultiPolygon","coordinates":[[[[77.55444,13.01003],[77.5544,13.00704],[77.55268,12.9996],[77.55309,12.9982],[77.55044,12.99764],[77.54528,12.99746],[77.54279,12.99836],[77.54111,12.99934],[77.54113,13.00035],[77.54064,13.00234],[77.54111,13.00609],[77.54248,13.00554],[77.54337,13.00766],[77.54296,13.00777],[77.54314,13.00862],[77.54675,13.008],[77.54727,13.01056],[77.5495,13.01006],[77.55066,13.01127],[77.55365,13.01273],[77.55404,13.01403],[77.55444,13.01272],[77.55444,13.01003]]]]}},{"type":"Feature","properties":{"ward_no":68,"ward_name":"Mahalakshimpuram","assembly":"Mahalakshmi Layout","population_2011":35976,"male":19202,"female":16774,"sc":1258,"st":311,"area_km2":0.95,"density_2011":37869.5},"geometry":{"type":"MultiPolygon","coordinates":[[[[77.54672,13.01263],[77.54643,13.01077],[77.54727,13.01056],[77.54675,13.008],[77.54314,13.00862],[77.54296,13.00777],[77.54337,13.00766],[77.54248,13.00554],[77.54111,13.00609],[77.54067,13.00243],[77.53946,13.00189],[77.5366,13.00122],[77.53611,13.00283],[77.5359,13.00258],[77.53258,13.0053],[77.53333,13.0063],[77.53307,13.00646],[77.53341,13.00694],[77.53458,13.00774],[77.53536,13.00714],[77.53571,13.00709],[77.53614,13.00753],[77.53739,13.00652],[77.53786,13.00673],[77.53737,13.00696],[77.53767,13.00919],[77.53674,13.00932],[77.53747,13.00936],[77.53862,13.01013],[77.53887,13.01],[77.53938,13.01131],[77.53986,13.01113],[77.54021,13.01228],[77.53989,13.01229],[77.53987,13.01248],[77.54137,13.01259],[77.5428,13.01191],[77.5468,13.01308],[77.54672,13.01263]]]]}},{"type":"Feature","properties":{"ward_no":74,"ward_name":"Shakthi Ganapathi Nagar","assembly":"Mahalakshmi Layout","population_2011":34530,"male":17953,"female":16577,"sc":5595,"st":366,"area_km2":0.7,"density_2011":49328.6},"geometry":{"type":"MultiPolygon","coordinates":[[[[77.52948,12.99775],[77.53135,12.99812],[77.53216,12.99772],[77.53181,12.9972],[77.53256,12.99683],[77.53235,12.99616],[77.53348,12.99584],[77.53343,12.99529],[77.53427,12.99507],[77.5354,12.9949],[77.53567,12.99565],[77.53979,12.99525],[77.53841,12.99161],[77.53025,12.99276],[77.53029,12.99316],[77.52901,12.99333],[77.52676,12.99415],[77.52682,12.99442],[77.52517,12.99491],[77.52385,12.99575],[77.52462,12.99643],[77.5251,12.99783],[77.52615,12.99774],[77.52594,12.99859],[77.52819,12.99916],[77.52948,12.99775]]]]}},{"type":"Feature","properties":{"ward_no":75,"ward_name":"Shankar Matt","assembly":"Mahalakshmi Layout","population_2011":35679,"male":18802,"female":16877,"sc":1280,"st":308,"area_km2":1.08,"density_2011":33036.1},"geometry":{"type":"MultiPolygon","coordinates":[[[[77.54067,13.00243],[77.54113,13.00035],[77.54111,12.99934],[77.53979,12.99525],[77.53567,12.99565],[77.5354,12.9949],[77.53343,12.99529],[77.53348,12.99584],[77.53235,12.99616],[77.53256,12.99683],[77.53181,12.9972],[77.53216,12.99772],[77.53135,12.99812],[77.5294,12.99778],[77.52782,12.99952],[77.52785,13.00142],[77.5292,13.00237],[77.52897,13.00346],[77.5296,13.0042],[77.52953,13.0049],[77.5299,13.00574],[77.53156,13.00549],[77.53307,13.00646],[77.53333,13.0063],[77.53258,13.0053],[77.5359,13.00258],[77.53611,13.00283],[77.5366,13.00122],[77.53946,13.00189],[77.54067,13.00243]]]]}},{"type":"Feature","properties":{"ward_no":35,"ward_name":"Aramane Nagara","assembly":"Malleswaram","population_2011":30397,"male":16221,"female":14176,"sc":2376,"st":319,"area_km2":7.47,"density_2011":4069.2},"geometry":{"type":"MultiPolygon","coordinates":[[[[77.58,13.02653],[77.58124,13.02525],[77.58268,13.02456],[77.58459,13.0229],[77.58392,13.02038],[77.58399,13.01452],[77.58657,13.01433],[77.58788,13.01373],[77.58907,13.01232],[77.59274,13.00671],[77.59552,12.99811],[77.59616,12.99465],[77.59416,12.99548],[77.58975,12.99535],[77.58662,12.99749],[77.58435,12.99778],[77.58394,13.00329],[77.58328,13.00385],[77.57628,13.00774],[77.57309,13.00767],[77.57159,13.00838],[77.57161,13.00811],[77.57304,13.00702],[77.57308,13.00634],[77.57358,13.00632],[77.5736,13.0054],[77.56924,13.00551],[77.56906,13.01199],[77.56613,13.01393],[77.56057,13.01708],[77.56142,13.01868],[77.56241,13.01994],[77.56317,13.02163],[77.56263,13.02441],[77.56181,13.0265],[77.56195,13.02814],[77.56158,13.02868],[77.56223,13.03089],[77.56293,13.03081],[77.56298,13.03202],[77.56386,13.03197],[77.56424,13.03469],[77.56319,13.03562],[77.56334,13.03635],[77.56394,13.0363],[77.56388,13.03798],[77.56496,13.03824],[77.56823,13.03452],[77.56987,13.03225],[77.57125,13.02848],[77.57769,13.02724],[77.5777,13.0269],[77.58,13.02653]]]]}},{"type":"Feature","properties":{"ward_no":36,"ward_name":"Mattikere","assembly":"Malleswaram","population_2011":35882,"male":19092,"female":16790,"sc":4459,"st":830,"area_km2":0.91,"density_2011":39430.8},"geometry":{"type":"MultiPolygon","coordinates":[[[[77.56396,13.0372],[77.56394,13.0363],[77.56334,13.03635],[77.56319,13.03562],[77.56424,13.03469],[77.56386,13.03197],[77.56298,13.03202],[77.56293,13.03081],[77.56223,13.03089],[77.56158,13.02868],[77.56195,13.02814],[77.56181,13.0265],[77.56242,13.0251],[77.56319,13.022],[77.56277,13.02071],[77.56142,13.02122],[77.56161,13.02185],[77.56114,13.0225],[77.55932,13.023],[77.56012,13.02498],[77.55916,13.02507],[77.55968,13.02671],[77.55841,13.02727],[77.55993,13.03096],[77.55734,13.03478],[77.55756,13.03616],[77.55734,13.03857],[77.55888,13.0387],[77.56024,13.03935],[77.56101,13.0401],[77.56213,13.042],[77.56496,13.03824],[77.56388,13.03798],[77.56396,13.0372]]]]}},{"type":"Feature","properties":{"ward_no":45,"ward_name":"Malleswaram","assembly":"Malleswaram","population_2011":36321,"male":18994,"female":17327,"sc":3493,"st":367,"area_km2":1.81,"density_2011":20066.9},"geometry":{"type":"MultiPolygon","coordinates":[[[[77.56114,13.0225],[77.56161,13.02185],[77.56142,13.02122],[77.56277,13.02071],[77.56057,13.01708],[77.56613,13.01393],[77.56906,13.01199],[77.56925,13.00547],[77.56074,13.00581],[77.55855,13.0121],[77.5556,13.01567],[77.55583,13.01582],[77.55386,13.01916],[77.55432,13.01983],[77.5556,13.01993],[77.55841,13.02727],[77.55968,13.02671],[77.55916,13.02507],[77.56012,13.02498],[77.55932,13.023],[77.56114,13.0225]]]]}},{"type":"Feature","properties":{"ward_no":64,"ward_name":"Rajamahal Guttahalli","assembly":"Malleswaram","population_2011":33964,"male":17243,"female":16721,"sc":3922,"st":250,"area_km2":0.73,"density_2011":46526.0},"geometry":{"type":"MultiPolygon","coordinates":[[[[77.58417,12.99934],[77.58286,12.99921],[77.58086,12.99727],[77.57829,12.99722],[77.57837,12.99918],[77.57649,12.99892],[77.57391,12.99892],[77.57381,13.00102],[77.57257,13.00101],[77.57256,13.00187],[77.57225,13.00186],[77.57221,13.00287],[77.57682,13.00278],[77.57683,13.00374],[77.57855,13.00372],[77.57883,13.00634],[77.58394,13.00329],[77.58417,12.99934]]]]}},{"type":"Feature","properties":{"ward_no":65,"ward_name":"Kadu Malleshwar Ward","assembly":"Malleswaram","population_2011":34053,"male":16970,"female":17083,"sc":612,"st":138,"area_km2":1.36,"density_2011":25039.0},"geometry":{"type":"MultiPolygon","coordinates":[[[[77.57883,13.00634],[77.57855,13.00372],[77.57683,13.00374],[77.57682,13.00278],[77.57221,13.00287],[77.57211,13.00339],[77.57129,13.00335],[77.5714,12.99683],[77.56675,12.99687],[77.56616,12.99668],[77.56443,12.99878],[77.56408,12.99818],[77.56006,12.99894],[77.56144,13.00398],[77.56074,13.00581],[77.5736,13.0054],[77.57358,13.00632],[77.57308,13.00634],[77.57304,13.00702],[77.57161,13.00811],[77.57159,13.00838],[77.57309,13.00767],[77.57628,13.00774],[77.57883,13.00634]]]]}},{"type":"Feature","properties":{"ward_no":66,"ward_name":"Subramanya Nagar","assembly":"Malleswaram","population_2011":34883,"male":17876,"female":17007,"sc":1040,"st":294,"area_km2":0.94,"density_2011":37109.6},"geometry":{"type":"MultiPolygon","coordinates":[[[[77.56087,13.00179],[77.56051,13.00054],[77.55321,13.00186],[77.55444,13.00772],[77.55444,13.01272],[77.55404,13.01403],[77.55401,13.01533],[77.5556,13.01567],[77.55778,13.01326],[77.55881,13.0116],[77.56144,13.00398],[77.56087,13.00179]]]]}},{"type":"Feature","properties":{"ward_no":76,"ward_name":"Gayithri Nagar","assembly":"Malleswaram","population_2011":35389,"male":18360,"female":17029,"sc":980,"st":226,"area_km2":0.64,"density_2011":55295.3},"geometry":{"type":"MultiPolygon","coordinates":[[[[77.56051,13.00054],[77.56006,12.99894],[77.56408,12.99818],[77.56443,12.99878],[77.56616,12.99668],[77.5671,12.99491],[77.56838,12.99338],[77.56009,12.99392],[77.56037,12.99456],[77.55914,12.99503],[77.56011,12.99737],[77.55639,12.99863],[77.5554,12.99866],[77.55309,12.9982],[77.55268,12.9996],[77.55322,13.00186],[77.56051,13.00054]]]]}},{"type":"Feature","properties":{"ward_no":18,"ward_name":"Radhakrishna Temple Ward","assembly":"Hebbal","population_2011":26211,"male":13862,"female":12349,"sc":3320,"st":372,"area_km2":1.95,"density_2011":13441.5},"geometry":{"type":"MultiPolygon","coordinates":[[[[77.57279,13.04193],[77.57207,13.04019],[77.57263,13.04013],[77.57242,13.03829],[77.57265,13.03828],[77.57259,13.03741],[77.57168,13.03744],[77.5717,13.03509],[77.57371,13.03524],[77.57427,13.03499],[77.5744,13.03457],[77.57543,13.03468],[77.57764,13.0305],[77.57962,13.0276],[77.58,13.02653],[77.5777,13.0269],[77.57769,13.02724],[77.57125,13.02848],[77.56987,13.03225],[77.56213,13.042],[77.56446,13.04584],[77.56593,13.04662],[77.57586,13.04744],[77.57437,13.04422],[77.57549,13.04382],[77.57538,13.04322],[77.57498,13.04329],[77.57474,13.04243],[77.57318,13.04256],[77.57279,13.04193]]]]}},{"type":"Feature","properties":{"ward_no":19,"ward_name":"Sanjaya Nagar","assembly":"Hebbal","population_2011":24178,"male":12600,"female":11578,"sc":848,"st":237,"area_km2":1.54,"density_2011":15700.0},"geometry":{"type":"MultiPolygon","coordinates":[[[[77.58311,13.04455],[77.5819,13.0367],[77.579,13.0369],[77.57889,13.03572],[77.57971,13.03582],[77.5797,13.0352],[77.58085,13.0351],[77.58133,13.03294],[77.58122,13.032],[77.58099,13.03204],[77.58098,13.02941],[77.58057,13.02942],[77.58054,13.02973],[77.57897,13.0296],[77.57896,13.0298],[77.57821,13.02988],[77.57764,13.0305],[77.57543,13.03468],[77.5744,13.03457],[77.57427,13.03499],[77.57371,13.03524],[77.5717,13.03509],[77.57168,13.03744],[77.57259,13.03741],[77.57265,13.03828],[77.57242,13.03829],[77.57263,13.04013],[77.57207,13.04019],[77.57318,13.04256],[77.57474,13.04243],[77.57498,13.04329],[77.57538,13.04322],[77.57549,13.04382],[77.57437,13.04422],[77.57586,13.04744],[77.57818,13.04766],[77.57927,13.04742],[77.58311,13.04455]]]]}},{"type":"Feature","properties":{"ward_no":20,"ward_name":"Ganga Nagar","assembly":"Hebbal","population_2011":26256,"male":13688,"female":12568,"sc":2842,"st":286,"area_km2":2.26,"density_2011":11617.7},"geometry":{"type":"MultiPolygon","coordinates":[[[[77.59033,13.04283],[77.58994,13.0416],[77.59269,13.04106],[77.59743,13.04121],[77.59726,13.04058],[77.59705,13.04062],[77.59635,13.03919],[77.59426,13.03983],[77.59199,13.04018],[77.59161,13.04051],[77.59093,13.04002],[77.58964,13.04023],[77.58916,13.03622],[77.58817,13.03318],[77.58619,13.02854],[77.58823,13.02872],[77.58849,13.02982],[77.59087,13.02964],[77.59084,13.02922],[77.59045,13.02929],[77.59,13.02883],[77.59063,13.02769],[77.59165,13.02778],[77.59187,13.0289],[77.59545,13.02842],[77.59477,13.02472],[77.59204,13.02505],[77.59191,13.02384],[77.59145,13.02364],[77.59047,13.02378],[77.59037,13.02259],[77.58943,13.0225],[77.58957,13.02324],[77.58899,13.02332],[77.58804,13.02394],[77.58756,13.02277],[77.58705,13.02296],[77.58689,13.0226],[77.58471,13.02329],[77.58459,13.0229],[77.58268,13.02456],[77.58124,13.02525],[77.58,13.02653],[77.57962,13.0276],[77.57821,13.02988],[77.57896,13.0298],[77.57897,13.0296],[77.58054,13.02973],[77.58057,13.02942],[77.58098,13.02941],[77.58099,13.03204],[77.58122,13.032],[77.58133,13.03294],[77.58085,13.0351],[77.5797,13.0352],[77.57971,13.03582],[77.57889,13.03572],[77.579,13.0369],[77.5819,13.0367],[77.58311,13.04455],[77.5858,13.04307],[77.58848,13.0426],[77.59033,13.04283]]]]}},{"type":"Feature","properties":{"ward_no":21,"ward_name":"Hebbala","assembly":"Hebbal","population_2011":24161,"male":12560,"female":11601,"sc":3131,"st":576,"area_km2":1.23,"density_2011":19643.1},"geometry":{"type":"MultiPolygon","coordinates":[[[[77.5927,13.04008],[77.59623,13.03922],[77.5968,13.0374],[77.59749,13.03667],[77.597,13.03585],[77.59711,13.03574],[77.60059,13.03503],[77.60221,13.03512],[77.60194,13.03435],[77.60038,13.03332],[77.5989,13.03327],[77.59748,13.03252],[77.59636,13.03253],[77.59576,13.03225],[77.59556,13.03045],[77.59647,13.03041],[77.59649,13.03006],[77.596,13.03009],[77.5958,13.02836],[77.59187,13.0289],[77.59165,13.02778],[77.59063,13.02769],[77.59,13.02883],[77.59045,13.02929],[77.59084,13.02922],[77.59087,13.02964],[77.58849,13.02982],[77.58823,13.02872],[77.58619,13.02854],[77.58817,13.03318],[77.58916,13.03622],[77.58964,13.04023],[77.59093,13.04002],[77.59161,13.04051],[77.59188,13.04022],[77.5927,13.04008]]]]}},{"type":"Feature","properties":{"ward_no":22,"ward_name":"Vishwanath Nagenahalli","assembly":"Hebbal","population_2011":25697,"male":13594,"female":12103,"sc":2422,"st":402,"area_km2":1.47,"density_2011":17481.0},"geometry":{"type":"MultiPolygon","coordinates":[[[[77.60821,13.04052],[77.60948,13.03954],[77.61026,13.0382],[77.60807,13.03016],[77.60639,13.02681],[77.60436,13.02741],[77.59962,13.02804],[77.59937,13.02869],[77.59965,13.03009],[77.6002,13.03093],[77.60015,13.03274],[77.60479,13.03218],[77.60479,13.03283],[77.60649,13.03282],[77.60633,13.03396],[77.60465,13.03399],[77.60464,13.03482],[77.60221,13.03512],[77.60059,13.03503],[77.59711,13.03574],[77.597,13.03585],[77.59749,13.03667],[77.5968,13.0374],[77.59623,13.03922],[77.59694,13.04012],[77.59705,13.04062],[77.59726,13.04058],[77.59743,13.04121],[77.60652,13.04094],[77.60821,13.04052]]]]}},{"type":"Feature","properties":{"ward_no":33,"ward_name":"Manorayanapalya","assembly":"Hebbal","population_2011":34777,"male":18200,"female":16577,"sc":838,"st":169,"area_km2":0.81,"density_2011":42934.6},"geometry":{"type":"MultiPolygon","coordinates":[[[[77.5927,13.01502],[77.59146,13.01557],[77.5914,13.01589],[77.59229,13.01898],[77.59291,13.02494],[77.59477,13.02472],[77.59545,13.02842],[77.59585,13.02849],[77.596,13.03009],[77.59649,13.03006],[77.59647,13.03041],[77.59556,13.03045],[77.59576,13.03225],[77.59636,13.03253],[77.59748,13.03252],[77.5989,13.03327],[77.60038,13.03332],[77.60188,13.03429],[77.60221,13.03512],[77.60464,13.03482],[77.60465,13.03399],[77.60629,13.03402],[77.60649,13.03282],[77.60479,13.03283],[77.60479,13.03218],[77.60015,13.03274],[77.6002,13.03093],[77.59965,13.03009],[77.59937,13.02851],[77.60001,13.02679],[77.60061,13.0265],[77.6004,13.02556],[77.59816,13.02547],[77.59803,13.02491],[77.59711,13.02497],[77.59682,13.02346],[77.59623,13.02363],[77.59611,13.02327],[77.5945,13.0237],[77.59359,13.02042],[77.59438,13.02023],[77.59396,13.01874],[77.59474,13.01851],[77.59454,13.01773],[77.595,13.0174],[77.59505,13.01666],[77.59481,13.01663],[77.59465,13.0159],[77.59286,13.01585],[77.5927,13.01502]]]]}},{"type":"Feature","properties":{"ward_no":34,"ward_name":"Gangenahalli","assembly":"Hebbal","population_2011":24954,"male":13128,"female":11826,"sc":2373,"st":185,"area_km2":1.09,"density_2011":22893.6},"geometry":{"type":"MultiPolygon","coordinates":[[[[77.59281,13.02391],[77.59229,13.01898],[77.59141,13.01566],[77.59262,13.01508],[77.59279,13.01465],[77.59335,13.01433],[77.59364,13.01372],[77.59359,13.01277],[77.59418,13.01185],[77.59296,13.01157],[77.59065,13.00994],[77.58788,13.01373],[77.58657,13.01433],[77.58399,13.01452],[77.58392,13.02038],[77.58471,13.02329],[77.58689,13.0226],[77.58705,13.02296],[77.58756,13.02277],[77.58804,13.02394],[77.58899,13.02332],[77.58957,13.02324],[77.58943,13.0225],[77.59037,13.02259],[77.59047,13.02378],[77.59145,13.02364],[77.59191,13.02384],[77.59204,13.02505],[77.59296,13.02489],[77.59281,13.02391]]]]}},{"type":"Feature","properties":{"ward_no":46,"ward_name":"Jayachamarajendra Nagar","assembly":"Hebbal","population_2011":30743,"male":16353,"female":14390,"sc":2465,"st":272,"area_km2":0.89,"density_2011":34542.7},"geometry":{"type":"MultiPolygon","coordinates":[[[[77.60046,13.02491],[77.59991,13.02352],[77.60095,13.023],[77.60039,13.02142],[77.59948,13.01929],[77.59863,13.01825],[77.59766,13.01627],[77.59753,13.01545],[77.59581,13.01266],[77.59545,13.01152],[77.59575,13.0113],[77.5953,13.00998],[77.59496,13.0091],[77.59474,13.00922],[77.59326,13.00567],[77.59065,13.00994],[77.59296,13.01157],[77.59418,13.01185],[77.59359,13.01277],[77.59357,13.01397],[77.59275,13.01469],[77.59269,13.0152],[77.59286,13.01585],[77.59465,13.0159],[77.59481,13.01663],[77.59505,13.01666],[77.595,13.0174],[77.59454,13.01773],[77.59474,13.01851],[77.59396,13.01874],[77.59438,13.02023],[77.59359,13.02042],[77.5945,13.0237],[77.59611,13.02327],[77.59623,13.02363],[77.59682,13.02346],[77.59711,13.02497],[77.59803,13.02491],[77.59816,13.02547],[77.6004,13.02556],[77.60046,13.02491]]]]}},{"type":"Feature","properties":{"ward_no":31,"ward_name":"Kushal Nagar","assembly":"Pulakeshi Nagar (SC)","population_2011":34046,"male":17506,"female":16540,"sc":5167,"st":129,"area_km2":0.65,"density_2011":52378.5},"geometry":{"type":"MultiPolygon","coordinates":[[[[77.61236,13.02143],[77.6127,13.02142],[77.61275,13.02039],[77.61383,13.02021],[77.61413,13.02072],[77.61448,13.02085],[77.61577,13.02046],[77.61728,13.02038],[77.61781,13.02111],[77.61903,13.02129],[77.6187,13.01891],[77.61784,13.01623],[77.61614,13.01216],[77.61532,13.01077],[77.61616,13.01032],[77.61582,13.00907],[77.61477,13.00956],[77.61392,13.00822],[77.61319,13.00852],[77.61347,13.01038],[77.6134,13.01392],[77.61289,13.01746],[77.61087,13.01813],[77.61096,13.01828],[77.61017,13.01863],[77.61158,13.02017],[77.61205,13.02153],[77.61236,13.02143]]]]}},{"type":"Feature","properties":{"ward_no":32,"ward_name":"Kaval Bairasandra","assembly":"Pulakeshi Nagar (SC)","population_2011":26550,"male":13914,"female":12636,"sc":3669,"st":178,"area_km2":1.59,"density_2011":16698.1},"geometry":{"type":"MultiPolygon","coordinates":[[[[77.6149,13.02682],[77.61354,13.02578],[77.61255,13.02366],[77.6127,13.02142],[77.61205,13.02153],[77.61158,13.02017],[77.61017,13.01863],[77.60749,13.01975],[77.60598,13.01972],[77.6065,13.02126],[77.60321,13.02179],[77.59991,13.02352],[77.60037,13.02456],[77.60041,13.02584],[77.60065,13.02634],[77.60001,13.02679],[77.59962,13.02804],[77.60436,13.02741],[77.60639,13.02681],[77.60807,13.03016],[77.61026,13.0382],[77.61136,13.03451],[77.61613,13.02807],[77.6149,13.02682]]]]}},{"type":"Feature","properties":{"ward_no":47,"ward_name":"Devara Jeevanahalli","assembly":"Pulakeshi Nagar (SC)","population_2011":33483,"male":17296,"female":16187,"sc":7021,"st":167,"area_km2":1.37,"density_2011":24440.1},"geometry":{"type":"MultiPolygon","coordinates":[[[[77.60783,13.01954],[77.60749,13.01728],[77.60763,13.01652],[77.60851,13.01624],[77.60853,13.01512],[77.60921,13.01512],[77.61001,13.01288],[77.61008,13.01192],[77.60947,13.01093],[77.60733,13.01124],[77.60496,13.01227],[77.60391,13.01244],[77.60356,13.01297],[77.60296,13.01325],[77.6025,13.01127],[77.60134,13.00864],[77.5955,13.01145],[77.59581,13.01266],[77.59753,13.01545],[77.59766,13.01627],[77.59845,13.01791],[77.59973,13.01977],[77.60095,13.023],[77.60321,13.02179],[77.6065,13.02126],[77.60598,13.01972],[77.60742,13.01977],[77.60783,13.01954]]]]}},{"type":"Feature","properties":{"ward_no":48,"ward_name":"Muneshwara Nagar","assembly":"Pulakeshi Nagar (SC)","population_2011":30508,"male":15557,"female":14951,"sc":6605,"st":33,"area_km2":0.48,"density_2011":63558.3},"geometry":{"type":"MultiPolygon","coordinates":[[[[77.61017,13.01863],[77.61096,13.01828],[77.61087,13.01813],[77.61289,13.01746],[77.6134,13.01392],[77.61347,13.01038],[77.61319,13.00852],[77.61069,13.00892],[77.61002,13.00967],[77.60947,13.01093],[77.6101,13.01204],[77.60966,13.01391],[77.60921,13.01512],[77.60853,13.01512],[77.60851,13.01624],[77.60763,13.01652],[77.60749,13.01728],[77.60783,13.01954],[77.61017,13.01863]]]]}},{"type":"Feature","properties":{"ward_no":60,"ward_name":"Sagayarapuram","assembly":"Pulakeshi Nagar (SC)","population_2011":34874,"male":17525,"female":17349,"sc":10444,"st":132,"area_km2":0.77,"density_2011":45290.9},"geometry":{"type":"MultiPolygon","coordinates":[[[[77.61899,13.00904],[77.62018,13.0092],[77.62089,13.00975],[77.62158,13.00885],[77.6226,13.00826],[77.62043,13.00557],[77.61947,13.00361],[77.61971,13.0032],[77.62065,13.00262],[77.62025,13.00017],[77.62006,13.00008],[77.61806,13.00147],[77.61643,13.00202],[77.61458,13.00218],[77.61208,13.00165],[77.61239,13.00616],[77.61319,13.00852],[77.61392,13.00822],[77.61477,13.00956],[77.61582,13.00907],[77.61616,13.01032],[77.6187,13.00939],[77.61899,13.00904]]]]}},{"type":"Feature","properties":{"ward_no":61,"ward_name":"S K Garden","assembly":"Pulakeshi Nagar (SC)","population_2011":33939,"male":17387,"female":16552,"sc":7226,"st":88,"area_km2":1.31,"density_2011":25907.6},"geometry":{"type":"MultiPolygon","coordinates":[[[[77.60443,13.01228],[77.60496,13.01227],[77.60733,13.01124],[77.60947,13.01093],[77.61056,13.009],[77.61319,13.00852],[77.61239,13.00616],[77.61208,13.00165],[77.61055,13.00086],[77.60868,12.99893],[77.60673,12.99952],[77.60636,12.99784],[77.60507,12.99785],[77.6046,12.9987],[77.60183,12.99984],[77.60156,13.00082],[77.60149,13.0015],[77.60243,13.00146],[77.60379,13.00346],[77.60374,13.00424],[77.6041,13.00503],[77.60461,13.00608],[77.60494,13.00598],[77.60527,13.00671],[77.60134,13.00864],[77.6025,13.01127],[77.60296,13.01325],[77.60356,13.01297],[77.60378,13.01249],[77.60443,13.01228]]]]}},{"type":"Feature","properties":{"ward_no":78,"ward_name":"Pulikeshinagar","assembly":"Pulakeshi Nagar (SC)","population_2011":28149,"male":13858,"female":14291,"sc":2474,"st":77,"area_km2":1.72,"density_2011":16365.7},"geometry":{"type":"MultiPolygon","coordinates":[[[[77.62006,13.00008],[77.62017,12.99996],[77.6191,12.99892],[77.6179,12.99835],[77.61671,12.99573],[77.61753,12.99512],[77.6193,12.99168],[77.61953,12.99011],[77.61933,12.98728],[77.61838,12.98768],[77.61672,12.98901],[77.6137,12.99073],[77.61105,12.99181],[77.60857,12.99349],[77.60729,12.99348],[77.60711,12.99036],[77.6053,12.99018],[77.60489,12.99143],[77.60383,12.99277],[77.60187,12.99257],[77.59653,12.99448],[77.6006,12.99574],[77.60356,12.99502],[77.6055,12.99425],[77.60938,12.99979],[77.61055,13.00086],[77.61257,13.00183],[77.61458,13.00218],[77.61673,13.00196],[77.61832,13.00133],[77.62006,13.00008]]]]}},{"type":"Feature","properties":{"ward_no":23,"ward_name":"Nagavara","assembly":"Sarvagna Nagar","population_2011":35264,"male":18216,"female":17048,"sc":4331,"st":157,"area_km2":2.06,"density_2011":17118.4},"geometry":{"type":"MultiPolygon","coordinates":[[[[77.61367,13.04214],[77.61603,13.04119],[77.61714,13.04093],[77.61828,13.041],[77.61934,13.04059],[77.62015,13.04014],[77.61992,13.03917],[77.62137,13.03873],[77.62122,13.03759],[77.61982,13.03762],[77.61978,13.03518],[77.61947,13.03452],[77.62026,13.03474],[77.62083,13.03547],[77.62097,13.03536],[77.62076,13.03517],[77.6228,13.03459],[77.62095,13.03018],[77.61999,13.02622],[77.62106,13.02566],[77.62185,13.02478],[77.62277,13.023],[77.62328,13.02134],[77.61931,13.02213],[77.61903,13.02129],[77.61781,13.02111],[77.61728,13.02038],[77.61577,13.02046],[77.61448,13.02085],[77.61413,13.02072],[77.61383,13.02021],[77.61275,13.02039],[77.61255,13.02366],[77.61329,13.02536],[77.61366,13.02591],[77.61614,13.02802],[77.61572,13.02887],[77.61136,13.03451],[77.61026,13.0382],[77.61132,13.04],[77.61199,13.04254],[77.61367,13.04214]]]]}},{"type":"Feature","properties":{"ward_no":24,"ward_name":"HBR Layout","assembly":"Sarvagna Nagar","population_2011":32156,"male":16506,"female":15650,"sc":4584,"st":188,"area_km2":4.64,"density_2011":6930.2},"geometry":{"type":"MultiPolygon","coordinates":[[[[77.63668,13.04251],[77.63783,13.04316],[77.63881,13.04335],[77.64131,13.04264],[77.64178,13.04219],[77.64141,13.04132],[77.64147,13.03961],[77.64233,13.03904],[77.64388,13.03903],[77.64438,13.03635],[77.64497,13.03585],[77.64324,13.03593],[77.64327,13.03407],[77.64217,13.034],[77.64105,13.03434],[77.63931,13.03145],[77.63796,13.03013],[77.63743,13.02798],[77.63614,13.02784],[77.63348,13.02872],[77.63301,13.02817],[77.63198,13.02661],[77.63093,13.02305],[77.63069,13.02257],[77.62994,13.02204],[77.62988,13.02089],[77.6286,13.02098],[77.62769,13.0156],[77.62583,13.01257],[77.62564,13.01262],[77.62501,13.01287],[77.62519,13.01332],[77.62425,13.0139],[77.62198,13.01448],[77.62333,13.01809],[77.62346,13.01971],[77.62328,13.02137],[77.62277,13.023],[77.62185,13.02478],[77.62106,13.02566],[77.61999,13.02622],[77.62095,13.03018],[77.6228,13.03459],[77.62076,13.03517],[77.62097,13.03536],[77.62083,13.03547],[77.62026,13.03474],[77.61947,13.03452],[77.61978,13.03518],[77.61982,13.03762],[77.62122,13.03759],[77.62145,13.0393],[77.62182,13.03924],[77.62184,13.03861],[77.62251,13.03852],[77.62249,13.03835],[77.62348,13.03835],[77.62541,13.04299],[77.62755,13.04552],[77.62805,13.04445],[77.6287,13.04406],[77.62811,13.04334],[77.62854,13.04293],[77.62859,13.04229],[77.6293,13.04258],[77.62974,13.04222],[77.63031,13.04263],[77.63101,13.04254],[77.63133,13.04301],[77.63176,13.04293],[77.6325,13.04199],[77.63315,13.04179],[77.63327,13.04234],[77.63453,13.04218],[77.63514,13.04132],[77.63603,13.0407],[77.63671,13.0411],[77.63668,13.04251]]]]}},{"type":"Feature","properties":{"ward_no":27,"ward_name":"Banasavadi","assembly":"Sarvagna Nagar","population_2011":31998,"male":16634,"female":15364,"sc":3419,"st":263,"area_km2":3.46,"density_2011":9248.0},"geometry":{"type":"MultiPolygon","coordinates":[[[[77.66229,13.01239],[77.65931,13.01117],[77.6575,13.01009],[77.65605,13.00899],[77.65294,13.00587],[77.6513,13.00612],[77.65153,13.00675],[77.6499,13.00742],[77.64777,13.00761],[77.6467,13.00806],[77.64552,13.00642],[77.64091,13.00606],[77.63802,13.00549],[77.64184,13.00826],[77.64205,13.01067],[77.6419,13.0118],[77.63955,13.01149],[77.63932,13.0146],[77.63955,13.02196],[77.64009,13.02181],[77.64032,13.0247],[77.63985,13.02488],[77.63992,13.02569],[77.6617,13.01643],[77.66204,13.01587],[77.66229,13.01239]]]]}},{"type":"Feature","properties":{"ward_no":28,"ward_name":"Kammanahalli","assembly":"Sarvagna Nagar","population_2011":34819,"male":17925,"female":16894,"sc":4031,"st":213,"area_km2":1.03,"density_2011":33804.9},"geometry":{"type":"MultiPolygon","coordinates":[[[[77.63853,13.01408],[77.63936,13.01403],[77.63955,13.01149],[77.6419,13.0118],[77.64205,13.01067],[77.64182,13.0082],[77.63907,13.00609],[77.63757,13.00523],[77.63456,13.00255],[77.63381,13.0022],[77.63042,13.00155],[77.63023,13.00297],[77.63113,13.00333],[77.63179,13.00456],[77.63194,13.00595],[77.63128,13.00729],[77.63135,13.00759],[77.63237,13.00836],[77.63255,13.00968],[77.6323,13.01207],[77.63242,13.01298],[77.63535,13.01277],[77.63576,13.01448],[77.63853,13.01408]]]]}},{"type":"Feature","properties":{"ward_no":29,"ward_name":"Kacharkanahalli","assembly":"Sarvagna Nagar","population_2011":29018,"male":15037,"female":13981,"sc":2593,"st":321,"area_km2":1.72,"density_2011":16870.9},"geometry":{"type":"MultiPolygon","coordinates":[[[[77.63992,13.02569],[77.63985,13.02488],[77.64032,13.0247],[77.64009,13.02181],[77.63955,13.02196],[77.63936,13.01403],[77.63576,13.01448],[77.63535,13.01277],[77.63089,13.013],[77.62746,13.01257],[77.62615,13.01308],[77.62777,13.01584],[77.6286,13.02098],[77.62988,13.02089],[77.62994,13.02204],[77.63069,13.02257],[77.63093,13.02305],[77.63147,13.02529],[77.6326,13.0276],[77.63536,13.02667],[77.63992,13.02569]]]]}},{"type":"Feature","properties":{"ward_no":30,"ward_name":"Kadugondanahalli","assembly":"Sarvagna Nagar","population_2011":34842,"male":17902,"female":16940,"sc":3897,"st":59,"area_km2":0.71,"density_2011":49073.2},"geometry":{"type":"MultiPolygon","coordinates":[[[[77.62328,13.02134],[77.62346,13.01971],[77.62333,13.01809],[77.62278,13.01625],[77.62073,13.01168],[77.62066,13.01045],[77.62089,13.00975],[77.62018,13.0092],[77.61915,13.009],[77.6187,13.00939],[77.61532,13.01077],[77.61614,13.01216],[77.61784,13.01623],[77.6187,13.01891],[77.61931,13.02213],[77.62328,13.02134]]]]}},{"type":"Feature","properties":{"ward_no":49,"ward_name":"Lingarajapura","assembly":"Sarvagna Nagar","population_2011":32375,"male":16267,"female":16108,"sc":5013,"st":289,"area_km2":0.89,"density_2011":36376.4},"geometry":{"type":"MultiPolygon","coordinates":[[[[77.62615,13.01308],[77.62746,13.01257],[77.63044,13.01298],[77.63242,13.01298],[77.6323,13.01207],[77.63255,13.00968],[77.63237,13.00836],[77.63135,13.00759],[77.63128,13.00729],[77.63194,13.00595],[77.63179,13.00456],[77.6226,13.00826],[77.62158,13.00885],[77.621,13.0095],[77.62063,13.01118],[77.62198,13.01448],[77.62425,13.0139],[77.62519,13.01332],[77.62501,13.01287],[77.62564,13.01262],[77.62583,13.01257],[77.62615,13.01308]]]]}},{"type":"Feature","properties":{"ward_no":59,"ward_name":"Maruthi Seva Nagar","assembly":"Sarvagna Nagar","population_2011":35811,"male":17862,"female":17949,"sc":8453,"st":89,"area_km2":2.37,"density_2011":15110.1},"geometry":{"type":"MultiPolygon","coordinates":[[[[77.63179,13.00456],[77.63113,13.00333],[77.63023,13.00297],[77.63042,13.00155],[77.63381,13.0022],[77.63456,13.00255],[77.63625,13.00394],[77.6385,13.0027],[77.64262,12.99598],[77.64133,12.99585],[77.6412,12.99543],[77.64066,12.99583],[77.64041,12.99508],[77.63796,12.99547],[77.63794,12.9936],[77.63748,12.99361],[77.63716,12.99272],[77.62906,12.99427],[77.62912,12.99451],[77.62606,12.99526],[77.62438,12.99623],[77.62006,13.00008],[77.62025,13.00017],[77.62065,13.00262],[77.61971,13.0032],[77.61947,13.00361],[77.62043,13.00557],[77.62209,13.00773],[77.62271,13.00834],[77.63179,13.00456]]]]}},{"type":"Feature","properties":{"ward_no":113,"ward_name":"Konena Agrahara","assembly":"C.V. Ramannagar (SC)","population_2011":29344,"male":15479,"female":13865,"sc":4133,"st":110,"area_km2":2.12,"density_2011":13841.5},"geometry":{"type":"MultiPolygon","coordinates":[[[[77.66014,12.96235],[77.6598,12.96108],[77.66021,12.9609],[77.65984,12.96029],[77.65972,12.9591],[77.66129,12.9593],[77.66358,12.95892],[77.66304,12.95691],[77.66341,12.95576],[77.66089,12.95557],[77.66192,12.95546],[77.66192,12.95501],[77.66249,12.95497],[77.66241,12.95426],[77.66105,12.95435],[77.66103,12.95286],[77.65842,12.95293],[77.65257,12.95254],[77.65228,12.95181],[77.65044,12.95049],[77.64925,12.94897],[77.6491,12.94796],[77.64943,12.94735],[77.64908,12.946],[77.64782,12.94717],[77.64656,12.94786],[77.64535,12.94955],[77.64464,12.9512],[77.64427,12.95334],[77.64236,12.95396],[77.64174,12.95351],[77.64077,12.95327],[77.64133,12.9547],[77.6434,12.9547],[77.64382,12.95626],[77.64338,12.95784],[77.64377,12.95798],[77.64307,12.95845],[77.6424,12.96056],[77.65042,12.95965],[77.65528,12.95937],[77.65591,12.96171],[77.65671,12.96308],[77.65937,12.96329],[77.65939,12.96301],[77.66029,12.96283],[77.66014,12.96235]]]]}},{"type":"Feature","properties":{"ward_no":50,"ward_name":"Benniganahalli","assembly":"C.V. Ramannagar (SC)","population_2011":31985,"male":17006,"female":14979,"sc":7346,"st":947,"area_km2":4.92,"density_2011":6501.0},"geometry":{"type":"MultiPolygon","coordinates":[[[[77.663,13.00575],[77.6636,12.99835],[77.66404,12.99752],[77.66279,12.99683],[77.66413,12.99456],[77.64826,12.98708],[77.6485,12.98839],[77.64832,12.9893],[77.64715,12.99078],[77.63716,12.99272],[77.63748,12.99361],[77.63794,12.9936],[77.63796,12.99547],[77.64041,12.99508],[77.64066,12.99583],[77.6412,12.99543],[77.64133,12.99585],[77.64262,12.99598],[77.6385,13.0027],[77.63625,13.00394],[77.63773,13.00534],[77.64091,13.00606],[77.64552,13.00642],[77.6467,13.00806],[77.64777,13.00761],[77.6499,13.00742],[77.65153,13.00675],[77.6513,13.00612],[77.65294,13.00587],[77.65605,13.00899],[77.6575,13.01009],[77.65931,13.01117],[77.66229,13.01239],[77.663,13.00575]]]]}},{"type":"Feature","properties":{"ward_no":57,"ward_name":"C V Raman Nagar","assembly":"C.V. Ramannagar (SC)","population_2011":29760,"male":15822,"female":13938,"sc":2710,"st":640,"area_km2":3.58,"density_2011":8312.8},"geometry":{"type":"MultiPolygon","coordinates":[[[[77.67448,12.98662],[77.67863,12.98414],[77.67981,12.98366],[77.6804,12.98275],[77.67938,12.97848],[77.6793,12.97627],[77.6781,12.97274],[77.67459,12.97347],[77.66921,12.97526],[77.67029,12.97789],[77.66976,12.97816],[77.66995,12.9793],[77.67091,12.97904],[77.67099,12.97926],[77.67065,12.97975],[77.67026,12.97974],[77.66991,12.98039],[77.66891,12.98056],[77.66916,12.98123],[77.66909,12.98208],[77.66627,12.98235],[77.6662,12.98216],[77.66574,12.98215],[77.66527,12.98264],[77.66462,12.98255],[77.66416,12.98284],[77.66441,12.98352],[77.66415,12.98386],[77.66362,12.98384],[77.66301,12.98329],[77.66225,12.98323],[77.66168,12.98334],[77.66051,12.98409],[77.65979,12.98395],[77.65869,12.9832],[77.65829,12.98128],[77.65351,12.97965],[77.65367,12.97939],[77.65308,12.97909],[77.65101,12.9812],[77.64969,12.98307],[77.64842,12.98538],[77.64804,12.98699],[77.66413,12.99456],[77.66607,12.99179],[77.66832,12.99022],[77.66755,12.98942],[77.66742,12.98855],[77.66745,12.98609],[77.66795,12.98561],[77.66943,12.98619],[77.671,12.98605],[77.67117,12.98622],[77.67176,12.98595],[77.67373,12.9867],[77.67448,12.98662]]]]}},{"type":"Feature","properties":{"ward_no":58,"ward_name":"New Tippasandara","assembly":"C.V. Ramannagar (SC)","population_2011":34577,"male":18212,"female":16365,"sc":2498,"st":368,"area_km2":3.34,"density_2011":10352.4},"geometry":{"type":"MultiPolygon","coordinates":[[[[77.66416,12.98284],[77.66462,12.98255],[77.66548,12.98255],[77.66574,12.98215],[77.6662,12.98216],[77.66627,12.98235],[77.66909,12.98208],[77.66916,12.98123],[77.66891,12.98056],[77.66991,12.98039],[77.67026,12.97974],[77.67065,12.97975],[77.67099,12.97926],[77.67091,12.97904],[77.66995,12.9793],[77.66976,12.97816],[77.67029,12.97789],[77.66921,12.97526],[77.66747,12.97558],[77.66651,12.97536],[77.66661,12.97448],[77.66692,12.97438],[77.66667,12.97313],[77.66699,12.97264],[77.66655,12.97247],[77.66618,12.97153],[77.66515,12.97181],[77.66304,12.97155],[77.66166,12.97199],[77.66141,12.97161],[77.65857,12.97154],[77.65869,12.97133],[77.65768,12.97079],[77.65729,12.9683],[77.65811,12.96822],[77.65872,12.96717],[77.65247,12.96795],[77.64773,12.96885],[77.64696,12.97282],[77.64663,12.97873],[77.64502,12.98577],[77.64804,12.98699],[77.64842,12.98538],[77.64969,12.98307],[77.65101,12.9812],[77.65308,12.97909],[77.65367,12.97939],[77.65351,12.97965],[77.65829,12.98128],[77.65869,12.9832],[77.65979,12.98395],[77.66051,12.98409],[77.66168,12.98334],[77.66225,12.98323],[77.66301,12.98329],[77.66362,12.98384],[77.66415,12.98386],[77.66441,12.98352],[77.66416,12.98284]]]]}},{"type":"Feature","properties":{"ward_no":79,"ward_name":"Sarvagna Nagar","assembly":"C.V. Ramannagar (SC)","population_2011":34943,"male":17879,"female":17064,"sc":12221,"st":261,"area_km2":3.66,"density_2011":9547.3},"geometry":{"type":"MultiPolygon","coordinates":[[[[77.62912,12.99451],[77.62906,12.99427],[77.64715,12.99078],[77.64832,12.9893],[77.6485,12.98839],[77.64826,12.98708],[77.63698,12.98278],[77.63247,12.98225],[77.63149,12.98166],[77.63071,12.98157],[77.62671,12.98209],[77.62306,12.98173],[77.62245,12.98388],[77.62253,12.98754],[77.62223,12.98769],[77.61933,12.98728],[77.61953,12.99011],[77.6193,12.99168],[77.61753,12.99512],[77.61671,12.99573],[77.61694,12.99646],[77.6179,12.99835],[77.61893,12.99879],[77.62017,12.99996],[77.62498,12.99582],[77.62683,12.99498],[77.62912,12.99451]]]]}},{"type":"Feature","properties":{"ward_no":80,"ward_name":"Hoysala Nagar","assembly":"C.V. Ramannagar (SC)","population_2011":35890,"male":18041,"female":17849,"sc":10775,"st":220,"area_km2":2.05,"density_2011":17507.3},"geometry":{"type":"MultiPolygon","coordinates":[[[[77.64694,12.97326],[77.64746,12.97042],[77.64127,12.97028],[77.64095,12.97606],[77.63566,12.97597],[77.63559,12.97539],[77.63338,12.97592],[77.63352,12.97477],[77.63299,12.97378],[77.63264,12.9752],[77.63174,12.97639],[77.62828,12.97825],[77.62629,12.97869],[77.62643,12.9794],[77.62574,12.97949],[77.62591,12.98026],[77.62553,12.98031],[77.62557,12.98078],[77.62434,12.9809],[77.62443,12.98187],[77.62671,12.98209],[77.63005,12.98153],[77.63149,12.98166],[77.63247,12.98225],[77.6373,12.98287],[77.64502,12.98577],[77.64663,12.97873],[77.64694,12.97326]]]]}},{"type":"Feature","properties":{"ward_no":88,"ward_name":"Jeevanbhima Nagar","assembly":"C.V. Ramannagar (SC)","population_2011":36152,"male":19021,"female":17131,"sc":8116,"st":281,"area_km2":1.89,"density_2011":19128.0},"geometry":{"type":"MultiPolygon","coordinates":[[[[77.65872,12.96717],[77.66162,12.96683],[77.66198,12.96626],[77.66164,12.96555],[77.66125,12.96557],[77.66113,12.96514],[77.66071,12.96523],[77.66053,12.96499],[77.66086,12.96491],[77.66113,12.96419],[77.66184,12.96431],[77.66154,12.96219],[77.66098,12.96221],[77.66084,12.96162],[77.65999,12.96173],[77.66029,12.96283],[77.65939,12.96301],[77.65937,12.96329],[77.65671,12.96308],[77.65591,12.96171],[77.65528,12.95937],[77.65042,12.95965],[77.64169,12.96064],[77.64127,12.97028],[77.64746,12.97042],[77.64773,12.96885],[77.65247,12.96795],[77.65872,12.96717]]]]}},{"type":"Feature","properties":{"ward_no":110,"ward_name":"Sampangiram Nagar","assembly":"Shivaji Nagar","population_2011":33120,"male":16973,"female":16147,"sc":1503,"st":375,"area_km2":4.45,"density_2011":7442.7},"geometry":{"type":"MultiPolygon","coordinates":[[[[77.59551,12.98637],[77.59715,12.98446],[77.59787,12.98401],[77.60174,12.98467],[77.60341,12.98415],[77.60504,12.98411],[77.60657,12.98374],[77.60684,12.98421],[77.60724,12.98414],[77.61065,12.98305],[77.61097,12.98361],[77.61236,12.98312],[77.61276,12.98272],[77.61297,12.98294],[77.6143,12.98254],[77.61542,12.9826],[77.6156,12.98118],[77.61479,12.97929],[77.61533,12.97906],[77.61545,12.97862],[77.61432,12.97538],[77.59749,12.98095],[77.59736,12.9808],[77.5992,12.97662],[77.59512,12.9735],[77.59399,12.97188],[77.59498,12.96775],[77.59503,12.96657],[77.59575,12.96535],[77.59677,12.96488],[77.5968,12.96458],[77.59626,12.96364],[77.59529,12.96268],[77.5946,12.96219],[77.5936,12.9622],[77.5905,12.96266],[77.58956,12.96304],[77.58666,12.96566],[77.58662,12.96593],[77.58733,12.9668],[77.5852,12.96781],[77.58435,12.9687],[77.5844,12.97039],[77.58277,12.97204],[77.58101,12.97305],[77.58699,12.98207],[77.58818,12.98443],[77.58801,12.98446],[77.58882,12.98633],[77.58901,12.98649],[77.58954,12.98597],[77.59282,12.98975],[77.59551,12.98637]]]]}},{"type":"Feature","properties":{"ward_no":62,"ward_name":"Ramaswamy Palya","assembly":"Shivaji Nagar","population_2011":32400,"male":16855,"female":15545,"sc":7046,"st":116,"area_km2":0.83,"density_2011":39036.1},"geometry":{"type":"MultiPolygon","coordinates":[[[[77.60134,13.00864],[77.60527,13.00671],[77.60494,13.00598],[77.60461,13.00608],[77.6041,13.00503],[77.60374,13.00424],[77.60379,13.00346],[77.60234,13.0014],[77.60109,13.00155],[77.59942,13.00115],[77.59907,13.00186],[77.59659,13.00318],[77.59326,13.00567],[77.59474,13.00922],[77.59496,13.0091],[77.59575,13.0113],[77.60134,13.00864]]]]}},{"type":"Feature","properties":{"ward_no":63,"ward_name":"Jayamahal","assembly":"Shivaji Nagar","population_2011":24065,"male":12014,"female":12051,"sc":3291,"st":380,"area_km2":1.44,"density_2011":16711.8},"geometry":{"type":"MultiPolygon","coordinates":[[[[77.59326,13.00567],[77.59659,13.00318],[77.59907,13.00186],[77.59942,13.00115],[77.60149,13.0015],[77.60183,12.99984],[77.6046,12.9987],[77.60507,12.99785],[77.60646,12.99792],[77.60678,12.99955],[77.60868,12.99893],[77.6055,12.99425],[77.60356,12.99502],[77.6006,12.99574],[77.59653,12.99448],[77.60187,12.99257],[77.60383,12.99277],[77.60489,12.99143],[77.6053,12.99018],[77.60293,12.99],[77.60282,12.9895],[77.6032,12.98945],[77.60321,12.9892],[77.60301,12.98828],[77.60217,12.98912],[77.60174,12.98467],[77.59817,12.98402],[77.59715,12.98446],[77.59829,12.98683],[77.59949,12.99057],[77.59732,12.99148],[77.59569,12.99357],[77.5933,12.99483],[77.59174,12.99525],[77.59174,12.99543],[77.59416,12.99548],[77.59616,12.99465],[77.59576,12.99724],[77.59326,13.00567]]]]}},{"type":"Feature","properties":{"ward_no":90,"ward_name":"Halsoor","assembly":"Shivaji Nagar","population_2011":35891,"male":20526,"female":15365,"sc":6474,"st":866,"area_km2":1.68,"density_2011":21363.7},"geometry":{"type":"MultiPolygon","coordinates":[[[[77.61827,12.98776],[77.61914,12.98728],[77.62246,12.98764],[77.62245,12.98388],[77.62292,12.98183],[77.62445,12.98186],[77.62434,12.9809],[77.62557,12.98078],[77.62553,12.98031],[77.62591,12.98026],[77.62574,12.97949],[77.62643,12.9794],[77.62629,12.97869],[77.62851,12.97814],[77.62725,12.97744],[77.62692,12.97654],[77.62575,12.97535],[77.6213,12.97271],[77.61917,12.97258],[77.6139,12.97383],[77.61545,12.97862],[77.61533,12.97906],[77.61479,12.97929],[77.6156,12.98118],[77.6156,12.98204],[77.61542,12.9826],[77.6143,12.98254],[77.61297,12.98294],[77.61409,12.9841],[77.61725,12.98863],[77.61827,12.98776]]]]}},{"type":"Feature","properties":{"ward_no":91,"ward_name":"Bharathi Nagar","assembly":"Shivaji Nagar","population_2011":32632,"male":16472,"female":16160,"sc":1613,"st":185,"area_km2":0.78,"density_2011":41835.9},"geometry":{"type":"MultiPolygon","coordinates":[[[[77.61725,12.98863],[77.61409,12.9841],[77.61276,12.98272],[77.61236,12.98312],[77.61097,12.98361],[77.61065,12.98305],[77.60724,12.98414],[77.60684,12.98421],[77.60657,12.98374],[77.60504,12.98411],[77.60341,12.98415],[77.60174,12.98467],[77.60533,12.98552],[77.60557,12.98535],[77.60616,12.98681],[77.60728,12.98679],[77.60834,12.98644],[77.60978,12.99268],[77.61105,12.99181],[77.61288,12.99118],[77.61725,12.98863]]]]}},{"type":"Feature","properties":{"ward_no":92,"ward_name":"Shivaji Nagar","assembly":"Shivaji Nagar","population_2011":35740,"male":18456,"female":17284,"sc":1438,"st":402,"area_km2":0.43,"density_2011":83116.3},"geometry":{"type":"MultiPolygon","coordinates":[[[[77.60978,12.99268],[77.60834,12.98644],[77.60728,12.98679],[77.60616,12.98681],[77.60557,12.98535],[77.60533,12.98552],[77.60174,12.98467],[77.60217,12.98912],[77.60301,12.98828],[77.60317,12.98841],[77.6032,12.98945],[77.60282,12.9895],[77.60293,12.99],[77.60711,12.99036],[77.6074,12.99359],[77.60857,12.99349],[77.60978,12.99268]]]]}},{"type":"Feature","properties":{"ward_no":93,"ward_name":"Vasanth Nagar","assembly":"Shivaji Nagar","population_2011":25632,"male":13250,"female":12382,"sc":2198,"st":423,"area_km2":3.12,"density_2011":8215.4},"geometry":{"type":"MultiPolygon","coordinates":[[[[77.58417,12.99934],[77.58435,12.99778],[77.58662,12.99749],[77.58975,12.99535],[77.59174,12.99543],[77.59174,12.99525],[77.5933,12.99483],[77.59569,12.99357],[77.59732,12.99148],[77.59949,12.99057],[77.59829,12.98683],[77.59715,12.98446],[77.59282,12.98975],[77.58954,12.98597],[77.58901,12.98649],[77.58882,12.98633],[77.58767,12.98329],[77.5844,12.97801],[77.58131,12.97995],[77.5774,12.98066],[77.57676,12.98132],[77.57654,12.98208],[77.57673,12.98297],[77.5773,12.98357],[77.57471,12.98401],[77.57463,12.98426],[77.57591,12.98514],[77.5798,12.99095],[77.57755,12.99174],[77.57789,12.99212],[77.57712,12.99361],[77.57877,12.99503],[77.5825,12.99897],[77.58328,12.99935],[77.58417,12.99934]]]]}},{"type":"Feature","properties":{"ward_no":111,"ward_name":"Shantala Nagar","assembly":"Shanthi Nagar","population_2011":30225,"male":15570,"female":14655,"sc":4033,"st":104,"area_km2":3.99,"density_2011":7575.2},"geometry":{"type":"MultiPolygon","coordinates":[[[[77.59752,12.98094],[77.61432,12.97538],[77.6139,12.97383],[77.6141,12.97371],[77.61948,12.9726],[77.6199,12.96844],[77.62049,12.9667],[77.61974,12.96553],[77.61761,12.96538],[77.61895,12.9625],[77.61623,12.96163],[77.61376,12.96154],[77.61367,12.96057],[77.61325,12.9603],[77.61233,12.9602],[77.61248,12.96174],[77.60883,12.96663],[77.60469,12.96589],[77.60448,12.96361],[77.60362,12.96396],[77.60259,12.96137],[77.60297,12.96125],[77.60244,12.95977],[77.59908,12.96154],[77.59501,12.96249],[77.59643,12.96386],[77.59677,12.96488],[77.59598,12.96511],[77.59503,12.96657],[77.59498,12.96775],[77.59399,12.9719],[77.59512,12.9735],[77.5992,12.97662],[77.59736,12.9808],[77.59752,12.98094]]]]}},{"type":"Feature","properties":{"ward_no":112,"ward_name":"Domlur","assembly":"Shanthi Nagar","population_2011":34703,"male":17827,"female":16876,"sc":5338,"st":295,"area_km2":1.75,"density_2011":19830.3},"geometry":{"type":"MultiPolygon","coordinates":[[[[77.64127,12.97028],[77.64169,12.96064],[77.6424,12.96056],[77.64307,12.95845],[77.64377,12.95798],[77.64338,12.95784],[77.64382,12.95626],[77.6434,12.9547],[77.64133,12.9547],[77.6411,12.95387],[77.63979,12.9516],[77.6367,12.95534],[77.63622,12.95625],[77.6364,12.95629],[77.63476,12.96143],[77.63429,12.96178],[77.63429,12.96469],[77.63358,12.96467],[77.63355,12.96536],[77.6339,12.96537],[77.63311,12.96849],[77.63103,12.96812],[77.62893,12.96814],[77.62897,12.9692],[77.63398,12.97084],[77.63813,12.97251],[77.64112,12.97266],[77.64127,12.97028]]]]}},{"type":"Feature","properties":{"ward_no":114,"ward_name":"Agaram","assembly":"Shanthi Nagar","population_2011":35632,"male":20108,"female":15524,"sc":12434,"st":167,"area_km2":11.26,"density_2011":3164.5},"geometry":{"type":"MultiPolygon","coordinates":[[[[77.62616,12.97376],[77.62897,12.9692],[77.62893,12.96814],[77.63103,12.96812],[77.63311,12.96849],[77.6339,12.96537],[77.63355,12.96536],[77.63358,12.96467],[77.63429,12.96469],[77.63429,12.96178],[77.63476,12.96143],[77.6364,12.95629],[77.63622,12.95625],[77.6367,12.95534],[77.63979,12.9516],[77.64242,12.949],[77.64747,12.94479],[77.64747,12.94424],[77.64802,12.94374],[77.65395,12.94053],[77.65472,12.94022],[77.6565,12.9401],[77.65733,12.93948],[77.6577,12.93885],[77.65817,12.93877],[77.65821,12.93795],[77.65901,12.93791],[77.65907,12.93833],[77.66054,12.93828],[77.65522,12.93512],[77.65914,12.92976],[77.66144,12.93005],[77.66226,12.92959],[77.66359,12.92811],[77.6625,12.92569],[77.66121,12.92173],[77.66284,12.92122],[77.66281,12.92031],[77.66221,12.91831],[77.66051,12.91653],[77.65487,12.92057],[77.65371,12.92067],[77.65358,12.92097],[77.65158,12.92118],[77.6517,12.92425],[77.64932,12.92469],[77.64543,12.92447],[77.64135,12.92338],[77.63919,12.92415],[77.63932,12.9259],[77.64134,12.92616],[77.64212,12.92905],[77.64029,12.92921],[77.63833,12.93027],[77.63798,12.93011],[77.63694,12.92858],[77.63651,12.92852],[77.63558,12.92894],[77.63388,12.93061],[77.634,12.93105],[77.6334,12.93169],[77.63381,12.93354],[77.63442,12.93457],[77.63579,12.93507],[77.63319,12.93754],[77.6295,12.94551],[77.62705,12.94932],[77.62727,12.94949],[77.62516,12.95324],[77.62324,12.95482],[77.62097,12.95592],[77.62107,12.95657],[77.61918,12.95667],[77.61901,12.95732],[77.61771,12.95721],[77.61778,12.95694],[77.61677,12.95709],[77.61662,12.95797],[77.61213,12.95844],[77.61233,12.9602],[77.61325,12.9603],[77.61367,12.96057],[77.61376,12.96154],[77.61623,12.96163],[77.61895,12.9625],[77.61761,12.96538],[77.61974,12.96553],[77.62049,12.9667],[77.6199,12.96844],[77.61948,12.9726],[77.62156,12.97279],[77.62535,12.97507],[77.62616,12.97376]]]]}},{"type":"Feature","properties":{"ward_no":115,"ward_name":"Vannarpet","assembly":"Shanthi Nagar","population_2011":35532,"male":17991,"female":17541,"sc":9468,"st":1099,"area_km2":0.74,"density_2011":48016.2},"geometry":{"type":"MultiPolygon","coordinates":[[[[77.6189,12.9495],[77.62001,12.9518],[77.6189,12.95161],[77.61889,12.95226],[77.61797,12.95267],[77.61763,12.95365],[77.61417,12.95505],[77.61372,12.95359],[77.61331,12.95369],[77.61338,12.95395],[77.61239,12.95402],[77.61134,12.95459],[77.61184,12.95613],[77.61213,12.95844],[77.61662,12.95797],[77.61677,12.95709],[77.61778,12.95694],[77.61771,12.95721],[77.61901,12.95732],[77.61918,12.95667],[77.62107,12.95657],[77.62097,12.95592],[77.62324,12.95482],[77.62516,12.95324],[77.62727,12.94949],[77.62705,12.94932],[77.62581,12.95025],[77.62347,12.95079],[77.6215,12.95169],[77.62001,12.94871],[77.6189,12.9495]]]]}},{"type":"Feature","properties":{"ward_no":116,"ward_name":"Nilasandra","assembly":"Shanthi Nagar","population_2011":36279,"male":18953,"female":17326,"sc":4888,"st":1365,"area_km2":0.54,"density_2011":67183.3},"geometry":{"type":"MultiPolygon","coordinates":[[[[77.6142,12.95504],[77.61776,12.95356],[77.61797,12.95267],[77.61889,12.95226],[77.6189,12.95161],[77.62001,12.9518],[77.61891,12.9498],[77.6191,12.94924],[77.62001,12.94871],[77.61934,12.94743],[77.6171,12.94924],[77.61175,12.9493],[77.6111,12.94892],[77.60588,12.94971],[77.6058,12.94998],[77.60743,12.94979],[77.60753,12.95039],[77.60953,12.94998],[77.60989,12.95174],[77.61144,12.95163],[77.61198,12.95216],[77.61255,12.95366],[77.61245,12.95416],[77.61338,12.95395],[77.61331,12.95369],[77.61372,12.95359],[77.6142,12.95504]]]]}},{"type":"Feature","properties":{"ward_no":117,"ward_name":"Shanthi Nagar","assembly":"Shanthi Nagar","population_2011":36426,"male":18672,"female":17754,"sc":4113,"st":650,"area_km2":2.7,"density_2011":13491.1},"geometry":{"type":"MultiPolygon","coordinates":[[[[77.60953,12.94998],[77.60753,12.95039],[77.60743,12.94979],[77.60336,12.95051],[77.60036,12.94976],[77.59228,12.95611],[77.5946,12.96219],[77.59501,12.96249],[77.59775,12.96197],[77.59996,12.96118],[77.60244,12.95977],[77.60297,12.96125],[77.60259,12.96137],[77.60362,12.96396],[77.60448,12.96361],[77.60469,12.96589],[77.60883,12.96663],[77.61248,12.96174],[77.61184,12.95613],[77.61131,12.95468],[77.61239,12.95403],[77.61255,12.95366],[77.61198,12.95216],[77.61144,12.95163],[77.60989,12.95174],[77.60953,12.94998]]]]}},{"type":"Feature","properties":{"ward_no":89,"ward_name":"Jogupalya","assembly":"Shanthi Nagar","population_2011":34611,"male":17710,"female":16901,"sc":3570,"st":661,"area_km2":0.91,"density_2011":38034.1},"geometry":{"type":"MultiPolygon","coordinates":[[[[77.63284,12.97435],[77.63299,12.97378],[77.63352,12.97475],[77.63338,12.97592],[77.63559,12.97539],[77.63566,12.97597],[77.64095,12.97606],[77.64112,12.97266],[77.63813,12.97251],[77.63398,12.97084],[77.62897,12.9692],[77.62535,12.97507],[77.62668,12.97621],[77.62725,12.97744],[77.62851,12.97814],[77.63174,12.97639],[77.63264,12.9752],[77.63284,12.97435]]]]}},{"type":"Feature","properties":{"ward_no":109,"ward_name":"Chickpete","assembly":"Gandhi Nagar","population_2011":33698,"male":17670,"female":16028,"sc":228,"st":75,"area_km2":0.71,"density_2011":47462.0},"geometry":{"type":"MultiPolygon","coordinates":[[[[77.57949,12.97371],[77.58277,12.97204],[77.58295,12.97017],[77.58128,12.96654],[77.57865,12.96799],[77.57801,12.96674],[77.5719,12.96992],[77.57022,12.9701],[77.57029,12.97299],[77.57167,12.97297],[77.57232,12.97253],[77.57293,12.97384],[77.57487,12.97315],[77.57544,12.97396],[77.57754,12.97328],[77.57829,12.97426],[77.57949,12.97371]]]]}},{"type":"Feature","properties":{"ward_no":120,"ward_name":"Cottonpete","assembly":"Gandhi Nagar","population_2011":36582,"male":19048,"female":17534,"sc":3115,"st":305,"area_km2":0.76,"density_2011":48134.2},"geometry":{"type":"MultiPolygon","coordinates":[[[[77.56673,12.97046],[77.5671,12.97022],[77.56739,12.96897],[77.56804,12.96885],[77.56819,12.97082],[77.56911,12.97321],[77.57029,12.97299],[77.57022,12.9701],[77.57171,12.97],[77.57485,12.96838],[77.57385,12.96641],[77.57042,12.9679],[77.56855,12.96817],[77.56787,12.96822],[77.56793,12.96722],[77.56776,12.96697],[77.56645,12.96715],[77.56641,12.96671],[77.56553,12.96674],[77.56557,12.96749],[77.56507,12.96814],[77.56422,12.96842],[77.56344,12.9676],[77.56254,12.96723],[77.56162,12.96737],[77.56112,12.9677],[77.56034,12.96851],[77.56079,12.97005],[77.5609,12.97206],[77.56151,12.97198],[77.56156,12.97233],[77.56261,12.97226],[77.5627,12.97563],[77.56437,12.97588],[77.56581,12.97479],[77.56614,12.97428],[77.5669,12.9715],[77.56673,12.97046]]]]}},{"type":"Feature","properties":{"ward_no":121,"ward_name":"Binnipete","assembly":"Gandhi Nagar","population_2011":33946,"male":17447,"female":16499,"sc":16499,"st":692,"area_km2":0.77,"density_2011":44085.7},"geometry":{"type":"MultiPolygon","coordinates":[[[[77.56042,12.97733],[77.56026,12.97666],[77.56118,12.9766],[77.56129,12.97569],[77.5627,12.97563],[77.56261,12.97226],[77.56156,12.97233],[77.56151,12.97198],[77.5609,12.97206],[77.56079,12.97005],[77.56034,12.96851],[77.56112,12.9677],[77.56206,12.96724],[77.56308,12.96737],[77.56435,12.96839],[77.56178,12.96466],[77.56115,12.96499],[77.56057,12.96603],[77.55986,12.96652],[77.55881,12.96476],[77.55736,12.96588],[77.55735,12.9663],[77.55604,12.96706],[77.55462,12.9674],[77.5552,12.96913],[77.55712,12.96947],[77.55794,12.97288],[77.55793,12.97379],[77.5587,12.97576],[77.55449,12.97556],[77.5553,12.97728],[77.55687,12.97833],[77.55894,12.9789],[77.55926,12.97987],[77.56042,12.97733]]]]}},{"type":"Feature","properties":{"ward_no":77,"ward_name":"Dattatreya Temple","assembly":"Gandhi Nagar","population_2011":34236,"male":17640,"female":16596,"sc":3351,"st":256,"area_km2":0.71,"density_2011":48219.7},"geometry":{"type":"MultiPolygon","coordinates":[[[[77.57221,13.00287],[77.57225,13.00186],[77.57256,13.00187],[77.57257,13.00101],[77.57381,13.00102],[77.57391,12.99892],[77.57688,12.99895],[77.57816,12.99926],[77.57841,12.99913],[77.57829,12.99722],[77.58086,12.99727],[77.5755,12.992],[77.57416,12.99277],[77.5739,12.99386],[77.57292,12.99357],[77.5696,12.99327],[77.56863,12.99607],[77.56855,12.99678],[77.5714,12.99683],[77.57129,13.00335],[77.57211,13.00339],[77.57221,13.00287]]]]}},{"type":"Feature","properties":{"ward_no":94,"ward_name":"Gandhinagar","assembly":"Gandhi Nagar","population_2011":35310,"male":19566,"female":15744,"sc":6153,"st":167,"area_km2":1.93,"density_2011":18295.3},"geometry":{"type":"MultiPolygon","coordinates":[[[[77.57532,12.992],[77.57713,12.9936],[77.57789,12.99212],[77.57755,12.99174],[77.5798,12.99095],[77.57632,12.9857],[77.57562,12.98483],[77.57463,12.98426],[77.57471,12.98401],[77.5773,12.98357],[77.57673,12.98297],[77.57654,12.98208],[77.57676,12.98132],[77.5774,12.98066],[77.58131,12.97995],[77.5844,12.97801],[77.58101,12.97305],[77.57829,12.97426],[77.57754,12.97328],[77.57544,12.97396],[77.57487,12.97315],[77.57293,12.97384],[77.57232,12.97253],[77.57167,12.97297],[77.56964,12.97302],[77.56911,12.97321],[77.56965,12.97459],[77.57064,12.97473],[77.571,12.97588],[77.57098,12.98033],[77.57005,12.98141],[77.57142,12.98337],[77.57231,12.98586],[77.57223,12.98806],[77.57164,12.99096],[77.57148,12.99342],[77.5739,12.99386],[77.57416,12.99277],[77.57532,12.992]]]]}},{"type":"Feature","properties":{"ward_no":95,"ward_name":"Subhash Nagar","assembly":"Gandhi Nagar","population_2011":35427,"male":18163,"female":17264,"sc":11378,"st":441,"area_km2":1.32,"density_2011":26838.6},"geometry":{"type":"MultiPolygon","coordinates":[[[[77.56855,12.99678],[77.5696,12.99327],[77.57148,12.99342],[77.57164,12.99096],[77.57223,12.98806],[77.57231,12.98586],[77.57142,12.98337],[77.57005,12.98141],[77.57098,12.98033],[77.571,12.97588],[77.57064,12.97473],[77.56965,12.97459],[77.56819,12.97082],[77.56804,12.96885],[77.5677,12.96884],[77.5672,12.96931],[77.5671,12.97022],[77.56665,12.97059],[77.5669,12.9715],[77.56614,12.97428],[77.56581,12.97479],[77.56437,12.97588],[77.56484,12.97786],[77.56436,12.97924],[77.56436,12.98044],[77.56458,12.9819],[77.56624,12.98187],[77.56816,12.98245],[77.56776,12.99341],[77.56838,12.99338],[77.5671,12.99491],[77.56605,12.99663],[77.56675,12.99687],[77.56855,12.99678]]]]}},{"type":"Feature","properties":{"ward_no":96,"ward_name":"Okalipuram","assembly":"Gandhi Nagar","population_2011":35875,"male":18609,"female":17266,"sc":6352,"st":287,"area_km2":0.83,"density_2011":43222.9},"geometry":{"type":"MultiPolygon","coordinates":[[[[77.56779,12.98842],[77.56816,12.98245],[77.56624,12.98187],[77.56448,12.98183],[77.56436,12.97924],[77.56484,12.97786],[77.56446,12.97594],[77.56337,12.97567],[77.56129,12.97569],[77.56118,12.9766],[77.56026,12.97666],[77.56042,12.97733],[77.55926,12.97987],[77.56065,12.98041],[77.56111,12.98184],[77.56159,12.98196],[77.56076,12.98661],[77.56106,12.987],[77.56181,12.98721],[77.56144,12.98828],[77.56394,12.98818],[77.56396,12.98839],[77.56504,12.98832],[77.56507,12.98853],[77.56779,12.98842]]]]}},{"type":"Feature","properties":{"ward_no":100,"ward_name":"Basaveshwara Nagar","assembly":"Rajaji Nagar","population_2011":27002,"male":14204,"female":12798,"sc":1236,"st":234,"area_km2":0.84,"density_2011":32145.2},"geometry":{"type":"MultiPolygon","coordinates":[[[[77.54147,12.99721],[77.54283,12.99638],[77.54281,12.99519],[77.54578,12.99449],[77.54569,12.99373],[77.54603,12.99128],[77.54518,12.98501],[77.54183,12.98588],[77.53891,12.98746],[77.53746,12.98797],[77.53839,12.99158],[77.54037,12.99687],[77.54114,12.99734],[77.54147,12.99721]]]]}},{"type":"Feature","properties":{"ward_no":101,"ward_name":"Kamakshipalya","assembly":"Rajaji Nagar","population_2011":25742,"male":13638,"female":12104,"sc":2004,"st":321,"area_km2":0.91,"density_2011":28287.9},"geometry":{"type":"MultiPolygon","coordinates":[[[[77.53839,12.99158],[77.53742,12.98775],[77.537,12.98356],[77.53726,12.98252],[77.53671,12.98071],[77.53305,12.98195],[77.53116,12.98222],[77.53041,12.98333],[77.52873,12.98383],[77.5291,12.98616],[77.53059,12.98833],[77.53133,12.98998],[77.53165,12.99257],[77.53839,12.99158]]]]}},{"type":"Feature","properties":{"ward_no":107,"ward_name":"Shivanagara","assembly":"Rajaji Nagar","population_2011":35979,"male":18940,"female":17039,"sc":858,"st":271,"area_km2":0.78,"density_2011":46126.9},"geometry":{"type":"MultiPolygon","coordinates":[[[[77.55438,12.99],[77.55411,12.98437],[77.54911,12.98497],[77.54905,12.9843],[77.54518,12.98501],[77.54603,12.99128],[77.54575,12.99338],[77.55107,12.9935],[77.55072,12.9901],[77.55438,12.99]]]]}},{"type":"Feature","properties":{"ward_no":108,"ward_name":"Sriramamandir","assembly":"Rajaji Nagar","population_2011":33613,"male":17348,"female":16265,"sc":905,"st":285,"area_km2":1.06,"density_2011":31710.4},"geometry":{"type":"MultiPolygon","coordinates":[[[[77.56159,12.9826],[77.56159,12.98196],[77.56111,12.98184],[77.56065,12.98041],[77.55926,12.97987],[77.55894,12.9789],[77.55666,12.97822],[77.55517,12.97701],[77.55453,12.97732],[77.55525,12.98012],[77.55379,12.97998],[77.55384,12.98063],[77.549,12.98088],[77.54911,12.98497],[77.55411,12.98437],[77.55438,12.99],[77.55611,12.98996],[77.55784,12.991],[77.55982,12.98766],[77.56024,12.9835],[77.56077,12.98287],[77.56159,12.9826]]]]}},{"type":"Feature","properties":{"ward_no":97,"ward_name":"Dayananda Nagar","assembly":"Rajaji Nagar","population_2011":34595,"male":17767,"female":16828,"sc":10651,"st":170,"area_km2":0.45,"density_2011":76877.8},"geometry":{"type":"MultiPolygon","coordinates":[[[[77.56272,12.99375],[77.56776,12.99341],[77.56791,12.98848],[77.56507,12.98853],[77.56504,12.98832],[77.56396,12.98839],[77.56394,12.98818],[77.56145,12.98828],[77.56116,12.98877],[77.56105,12.99024],[77.56161,12.99026],[77.56014,12.9925],[77.56002,12.99373],[77.56009,12.99392],[77.56272,12.99375]]]]}},{"type":"Feature","properties":{"ward_no":98,"ward_name":"Prakash Nagar","assembly":"Rajaji Nagar","population_2011":35465,"male":18641,"female":16824,"sc":1994,"st":140,"area_km2":0.56,"density_2011":63330.4},"geometry":{"type":"MultiPolygon","coordinates":[[[[77.56009,12.99392],[77.56014,12.9925],[77.56161,12.99026],[77.56105,12.99024],[77.56102,12.98981],[77.56116,12.98877],[77.56181,12.98721],[77.56106,12.987],[77.56076,12.98661],[77.56159,12.9826],[77.56077,12.98287],[77.5602,12.9836],[77.56004,12.98678],[77.55969,12.98797],[77.55309,12.9982],[77.5554,12.99866],[77.55639,12.99863],[77.56011,12.99737],[77.55914,12.99503],[77.56037,12.99456],[77.56009,12.99392]]]]}},{"type":"Feature","properties":{"ward_no":99,"ward_name":"Rajaji Nagar","assembly":"Rajaji Nagar","population_2011":33231,"male":17221,"female":16010,"sc":2175,"st":241,"area_km2":0.86,"density_2011":38640.7},"geometry":{"type":"MultiPolygon","coordinates":[[[[77.54514,12.99749],[77.55044,12.99764],[77.55309,12.9982],[77.55784,12.991],[77.55611,12.98996],[77.55072,12.9901],[77.55107,12.9935],[77.54575,12.99338],[77.54578,12.99449],[77.54281,12.99519],[77.54283,12.99638],[77.54122,12.99733],[77.54037,12.99687],[77.54111,12.99934],[77.54279,12.99836],[77.54514,12.99749]]]]}},{"type":"Feature","properties":{"ward_no":103,"ward_name":"Kaveripura","assembly":"Govindaraja Nagar","population_2011":35256,"male":19274,"female":15982,"sc":924,"st":524,"area_km2":1.64,"density_2011":21497.6},"geometry":{"type":"MultiPolygon","coordinates":[[[[77.52362,12.98503],[77.52536,12.98545],[77.5262,12.98596],[77.52847,12.98396],[77.53041,12.98333],[77.53105,12.98229],[77.53319,12.9819],[77.53305,12.98137],[77.53273,12.98144],[77.5323,12.97984],[77.53204,12.97992],[77.53143,12.9766],[77.53195,12.97651],[77.53191,12.9761],[77.52901,12.97631],[77.52878,12.97288],[77.52854,12.97281],[77.52858,12.97352],[77.52636,12.97355],[77.52553,12.97377],[77.52543,12.97334],[77.52236,12.97427],[77.52223,12.97396],[77.52051,12.97434],[77.52052,12.97453],[77.51827,12.9753],[77.51862,12.97569],[77.51855,12.97643],[77.51893,12.97861],[77.51957,12.97957],[77.51886,12.98064],[77.51833,12.98235],[77.51974,12.98516],[77.51984,12.98625],[77.52033,12.98692],[77.52267,12.98582],[77.52362,12.98503]]]]}},{"type":"Feature","properties":{"ward_no":104,"ward_name":"Govindaraja Nagar","assembly":"Govindaraja Nagar","population_2011":25773,"male":13565,"female":12208,"sc":2278,"st":274,"area_km2":0.77,"density_2011":33471.4},"geometry":{"type":"MultiPolygon","coordinates":[[[[77.5341,12.98166],[77.5408,12.97894],[77.54058,12.97715],[77.54236,12.97692],[77.54207,12.97462],[77.54221,12.9738],[77.53865,12.97291],[77.53543,12.97409],[77.53245,12.97472],[77.53282,12.9759],[77.53191,12.9761],[77.53195,12.97651],[77.53143,12.9766],[77.53204,12.97992],[77.5323,12.97984],[77.53273,12.98144],[77.53305,12.98137],[77.53319,12.9819],[77.5341,12.98166]]]]}},{"type":"Feature","properties":{"ward_no":105,"ward_name":"Agrahara Dasarahalli","assembly":"Govindaraja Nagar","population_2011":26857,"male":14141,"female":12716,"sc":3172,"st":433,"area_km2":0.8,"density_2011":33571.2},"geometry":{"type":"MultiPolygon","coordinates":[[[[77.54243,12.98568],[77.54238,12.98512],[77.54188,12.98523],[77.5418,12.98474],[77.54203,12.98317],[77.54257,12.98329],[77.54286,12.98166],[77.54277,12.98085],[77.54434,12.9808],[77.54403,12.97824],[77.54559,12.97761],[77.54747,12.97602],[77.54836,12.97506],[77.54772,12.97428],[77.54426,12.97416],[77.54221,12.9738],[77.54207,12.97462],[77.54236,12.97692],[77.54058,12.97715],[77.5408,12.97894],[77.53671,12.98071],[77.53726,12.98252],[77.537,12.98356],[77.53746,12.98797],[77.54243,12.98568]]]]}},{"type":"Feature","properties":{"ward_no":106,"ward_name":"Dr. Raj Kumar Ward","assembly":"Govindaraja Nagar","population_2011":24752,"male":13012,"female":11740,"sc":2111,"st":335,"area_km2":0.99,"density_2011":25002.0},"geometry":{"type":"MultiPolygon","coordinates":[[[[77.54518,12.98501],[77.54905,12.9843],[77.54901,12.98084],[77.55384,12.98063],[77.55379,12.97998],[77.55525,12.98012],[77.55453,12.97732],[77.55517,12.97701],[77.55449,12.97556],[77.55294,12.97538],[77.55089,12.97386],[77.54999,12.97375],[77.54559,12.97761],[77.54403,12.97824],[77.54434,12.9808],[77.54277,12.98085],[77.54286,12.98166],[77.54257,12.98329],[77.54203,12.98317],[77.54182,12.98513],[77.54238,12.98512],[77.54243,12.98568],[77.54518,12.98501]]]]}},{"type":"Feature","properties":{"ward_no":125,"ward_name":"Marenahalli","assembly":"Govindaraja Nagar","population_2011":20068,"male":10430,"female":9638,"sc":698,"st":391,"area_km2":0.69,"density_2011":29084.1},"geometry":{"type":"MultiPolygon","coordinates":[[[[77.52854,12.97281],[77.52878,12.97288],[77.52901,12.97631],[77.53282,12.9759],[77.53245,12.97472],[77.53543,12.97409],[77.53865,12.97291],[77.53787,12.97218],[77.53618,12.96753],[77.53258,12.96856],[77.53057,12.96868],[77.53078,12.96968],[77.5289,12.97008],[77.52878,12.96983],[77.52781,12.97043],[77.52854,12.97281]]]]}},{"type":"Feature","properties":{"ward_no":126,"ward_name":"Maruthi Mandir ward","assembly":"Govindaraja Nagar","population_2011":21784,"male":11421,"female":10363,"sc":1072,"st":285,"area_km2":0.79,"density_2011":27574.7},"geometry":{"type":"MultiPolygon","coordinates":[[[[77.52818,12.97186],[77.52781,12.97043],[77.52878,12.96983],[77.5289,12.97008],[77.53078,12.96968],[77.53057,12.96868],[77.53258,12.96856],[77.53618,12.96753],[77.53469,12.96434],[77.53329,12.9647],[77.53056,12.96465],[77.52939,12.96493],[77.52646,12.9646],[77.52678,12.96354],[77.52678,12.96196],[77.52631,12.96199],[77.52632,12.96223],[77.52401,12.96168],[77.52341,12.96176],[77.52326,12.96248],[77.52369,12.96351],[77.52325,12.96558],[77.52495,12.97066],[77.52656,12.97059],[77.52702,12.97201],[77.52818,12.97186]]]]}},{"type":"Feature","properties":{"ward_no":127,"ward_name":"Mudalapalya","assembly":"Govindaraja Nagar","population_2011":24487,"male":12816,"female":11671,"sc":854,"st":529,"area_km2":0.98,"density_2011":24986.7},"geometry":{"type":"MultiPolygon","coordinates":[[[[77.52218,12.974],[77.52236,12.97427],[77.52543,12.97334],[77.52553,12.97377],[77.52636,12.97355],[77.52858,12.97352],[77.52852,12.97262],[77.52818,12.97186],[77.52702,12.97201],[77.52656,12.97059],[77.52495,12.97066],[77.52325,12.96558],[77.52369,12.96351],[77.52324,12.96231],[77.52203,12.96179],[77.52067,12.96182],[77.52083,12.96337],[77.52046,12.96348],[77.52048,12.96373],[77.52022,12.96333],[77.51927,12.96362],[77.51754,12.96366],[77.51819,12.96425],[77.51844,12.96501],[77.51843,12.9655],[77.51757,12.96592],[77.5174,12.96629],[77.5181,12.967],[77.51818,12.96769],[77.51755,12.96842],[77.51761,12.96922],[77.51849,12.97065],[77.51799,12.97202],[77.51823,12.97284],[77.51751,12.97326],[77.51749,12.97376],[77.51787,12.97494],[77.51827,12.9753],[77.52052,12.97453],[77.52051,12.97434],[77.52218,12.974]]]]}},{"type":"Feature","properties":{"ward_no":128,"ward_name":"Nagarabhavi","assembly":"Govindaraja Nagar","population_2011":20269,"male":10408,"female":9861,"sc":1343,"st":123,"area_km2":1.6,"density_2011":12668.1},"geometry":{"type":"MultiPolygon","coordinates":[[[[77.52083,12.96337],[77.52032,12.96047],[77.51936,12.95964],[77.52504,12.95887],[77.52746,12.95773],[77.5286,12.95687],[77.52733,12.9527],[77.52555,12.95301],[77.52546,12.95214],[77.52414,12.95207],[77.52406,12.94964],[77.52451,12.94934],[77.52339,12.94945],[77.52193,12.94924],[77.52208,12.94977],[77.52091,12.95146],[77.52109,12.95211],[77.52028,12.95237],[77.5195,12.95448],[77.51799,12.95498],[77.51722,12.95413],[77.51514,12.95066],[77.51391,12.94983],[77.51244,12.94989],[77.51191,12.94939],[77.51112,12.95015],[77.51156,12.9517],[77.51132,12.95337],[77.51228,12.95474],[77.51178,12.95565],[77.51208,12.95646],[77.51187,12.95709],[77.51207,12.95846],[77.51178,12.95919],[77.51227,12.95911],[77.5132,12.9582],[77.51455,12.95773],[77.51501,12.95899],[77.5159,12.96042],[77.51608,12.96175],[77.51748,12.96179],[77.51781,12.96202],[77.51754,12.96366],[77.51927,12.96362],[77.52022,12.96333],[77.52037,12.96377],[77.52046,12.96348],[77.52083,12.96337]]]]}},{"type":"Feature","properties":{"ward_no":131,"ward_name":"Nayandahalli","assembly":"Govindaraja Nagar","population_2011":22878,"male":11987,"female":10891,"sc":3499,"st":379,"area_km2":2.07,"density_2011":11052.2},"geometry":{"type":"MultiPolygon","coordinates":[[[[77.52414,12.95207],[77.52546,12.95214],[77.52555,12.95301],[77.52733,12.9527],[77.52644,12.94591],[77.52813,12.94538],[77.52659,12.94391],[77.52349,12.93959],[77.52064,12.93713],[77.51908,12.9365],[77.51393,12.93582],[77.51297,12.93743],[77.51283,12.93821],[77.51402,12.9388],[77.51476,12.93995],[77.51459,12.94066],[77.51481,12.94192],[77.51573,12.94222],[77.51629,12.94401],[77.51699,12.94409],[77.51712,12.94445],[77.5151,12.94687],[77.51299,12.94786],[77.51283,12.94866],[77.51187,12.94935],[77.51244,12.94989],[77.51391,12.94983],[77.51514,12.95066],[77.51722,12.95413],[77.51799,12.95498],[77.5195,12.95448],[77.52028,12.95237],[77.52109,12.95211],[77.52091,12.95146],[77.52208,12.94977],[77.52193,12.94924],[77.52339,12.94945],[77.52451,12.94934],[77.52406,12.94964],[77.52414,12.95207]]]]}},{"type":"Feature","properties":{"ward_no":122,"ward_name":"Kempapura Agrahara","assembly":"Vijaya Nagar","population_2011":33736,"male":17355,"female":16381,"sc":894,"st":914,"area_km2":0.36,"density_2011":93711.1},"geometry":{"type":"MultiPolygon","coordinates":[[[[77.55755,12.97106],[77.55738,12.97025],[77.55717,12.9703],[77.55712,12.96947],[77.55456,12.96894],[77.55156,12.96995],[77.55302,12.97155],[77.5545,12.97556],[77.5587,12.97576],[77.55793,12.97379],[77.55755,12.97106]]]]}},{"type":"Feature","properties":{"ward_no":123,"ward_name":"Vijayanagar","assembly":"Vijaya Nagar","population_2011":36077,"male":19009,"female":17068,"sc":1297,"st":258,"area_km2":0.73,"density_2011":49420.5},"geometry":{"type":"MultiPolygon","coordinates":[[[[77.55389,12.97401],[77.55294,12.97143],[77.55156,12.96995],[77.5503,12.96942],[77.54943,12.96825],[77.54841,12.9687],[77.54869,12.96953],[77.54743,12.96959],[77.54727,12.96899],[77.53784,12.97209],[77.5387,12.97294],[77.53959,12.97326],[77.54347,12.97407],[77.54759,12.97423],[77.54836,12.97506],[77.54965,12.9739],[77.55036,12.97371],[77.55097,12.97391],[77.55294,12.97538],[77.5545,12.97556],[77.55389,12.97401]]]]}},{"type":"Feature","properties":{"ward_no":124,"ward_name":"Hosahalli","assembly":"Vijaya Nagar","population_2011":32103,"male":16662,"female":15441,"sc":3613,"st":403,"area_km2":0.89,"density_2011":36070.8},"geometry":{"type":"MultiPolygon","coordinates":[[[[77.54626,12.96929],[77.54727,12.96899],[77.54743,12.96959],[77.54869,12.96953],[77.54841,12.9687],[77.54943,12.96825],[77.5503,12.96942],[77.55156,12.96995],[77.55456,12.96894],[77.55143,12.96794],[77.55001,12.96636],[77.54826,12.96504],[77.54637,12.9644],[77.54473,12.96438],[77.54382,12.96403],[77.54354,12.96436],[77.54113,12.96426],[77.53819,12.96507],[77.53879,12.96817],[77.53666,12.96879],[77.53784,12.97209],[77.54626,12.96929]]]]}},{"type":"Feature","properties":{"ward_no":132,"ward_name":"Attiguppe","assembly":"Vijaya Nagar","population_2011":26806,"male":13989,"female":12817,"sc":1318,"st":237,"area_km2":1.39,"density_2011":19284.9},"geometry":{"type":"MultiPolygon","coordinates":[[[[77.53469,12.96434],[77.53323,12.96089],[77.53308,12.96001],[77.53432,12.95701],[77.5348,12.95516],[77.53587,12.95405],[77.53459,12.95307],[77.53135,12.95202],[77.52995,12.95122],[77.52716,12.94733],[77.52644,12.94591],[77.52728,12.95242],[77.5286,12.95687],[77.52746,12.95773],[77.52504,12.95887],[77.51934,12.95967],[77.52029,12.96042],[77.52067,12.96182],[77.52203,12.96179],[77.52324,12.96231],[77.52341,12.96176],[77.52401,12.96168],[77.52632,12.96223],[77.52631,12.96199],[77.52678,12.96196],[77.52678,12.96354],[77.52646,12.9646],[77.52939,12.96493],[77.53056,12.96465],[77.53329,12.9647],[77.53469,12.96434]]]]}},{"type":"Feature","properties":{"ward_no":133,"ward_name":"Hampi Nagar","assembly":"Vijaya Nagar","population_2011":30355,"male":15716,"female":14639,"sc":3502,"st":414,"area_km2":1.11,"density_2011":27346.8},"geometry":{"type":"MultiPolygon","coordinates":[[[[77.54113,12.96426],[77.54354,12.96436],[77.54382,12.96403],[77.53928,12.95804],[77.53883,12.95421],[77.54078,12.954],[77.54079,12.95329],[77.54168,12.95303],[77.53953,12.95135],[77.53765,12.95056],[77.53669,12.95317],[77.5348,12.95516],[77.53306,12.96034],[77.53666,12.96879],[77.53879,12.96817],[77.53819,12.96507],[77.54113,12.96426]]]]}},{"type":"Feature","properties":{"ward_no":134,"ward_name":"Bapuji Nagar","assembly":"Vijaya Nagar","population_2011":36234,"male":18996,"female":17238,"sc":1564,"st":312,"area_km2":0.68,"density_2011":53285.3},"geometry":{"type":"MultiPolygon","coordinates":[[[[77.54574,12.96141],[77.54841,12.95661],[77.54634,12.95606],[77.54379,12.95414],[77.54214,12.95346],[77.54168,12.95303],[77.54079,12.95329],[77.54078,12.954],[77.53883,12.95421],[77.53928,12.95804],[77.54374,12.96395],[77.54556,12.96269],[77.54518,12.96225],[77.54574,12.96141]]]]}},{"type":"Feature","properties":{"ward_no":157,"ward_name":"Gali Anjenaya Temple ward","assembly":"Vijaya Nagar","population_2011":27264,"male":14466,"female":12798,"sc":1874,"st":309,"area_km2":1.14,"density_2011":23915.8},"geometry":{"type":"MultiPolygon","coordinates":[[[[77.5488,12.9451],[77.54884,12.94542],[77.54694,12.94572],[77.54697,12.94594],[77.546,12.94598],[77.54553,12.9458],[77.54534,12.94532],[77.54011,12.94671],[77.53894,12.9464],[77.53755,12.94646],[77.53799,12.94799],[77.53737,12.9488],[77.53735,12.94939],[77.53822,12.95],[77.53841,12.95086],[77.53903,12.95104],[77.54121,12.95249],[77.54214,12.95346],[77.54358,12.95401],[77.54634,12.95606],[77.54841,12.95661],[77.54959,12.95473],[77.54933,12.95474],[77.54915,12.95235],[77.5496,12.95228],[77.54941,12.95118],[77.55004,12.95085],[77.55008,12.95035],[77.54985,12.94834],[77.54952,12.94741],[77.54971,12.94736],[77.54947,12.94501],[77.5488,12.9451]]]]}},{"type":"Feature","properties":{"ward_no":158,"ward_name":"Deepanjali Nagar","assembly":"Vijaya Nagar","population_2011":30924,"male":16655,"female":14269,"sc":1776,"st":367,"area_km2":2.09,"density_2011":14796.2},"geometry":{"type":"MultiPolygon","coordinates":[[[[77.53762,12.95057],[77.53841,12.95086],[77.53822,12.95],[77.53732,12.94926],[77.53747,12.94859],[77.53799,12.94799],[77.53755,12.94646],[77.53894,12.9464],[77.54011,12.94671],[77.54534,12.94532],[77.54553,12.9458],[77.546,12.94598],[77.54884,12.94542],[77.5488,12.9451],[77.54947,12.94501],[77.54985,12.94332],[77.55032,12.94289],[77.54999,12.94217],[77.54803,12.9424],[77.54492,12.94319],[77.53866,12.94352],[77.53897,12.93966],[77.53936,12.93791],[77.54063,12.93762],[77.53933,12.93364],[77.53438,12.93645],[77.52969,12.94453],[77.52792,12.94551],[77.52644,12.94591],[77.52716,12.94733],[77.52995,12.95122],[77.53135,12.95202],[77.53459,12.95307],[77.53587,12.95405],[77.53675,12.95305],[77.53762,12.95057]]]]}},{"type":"Feature","properties":{"ward_no":135,"ward_name":"Padarayanapura","assembly":"Chamarajpet","population_2011":35213,"male":18371,"female":16842,"sc":378,"st":110,"area_km2":0.31,"density_2011":113590.3},"geometry":{"type":"MultiPolygon","coordinates":[[[[77.55529,12.96446],[77.55465,12.96422],[77.55152,12.96441],[77.55114,12.96406],[77.55055,12.96213],[77.54974,12.96238],[77.54959,12.96206],[77.54924,12.96224],[77.5487,12.96086],[77.54574,12.96141],[77.54518,12.96225],[77.54556,12.96269],[77.54441,12.96331],[77.54382,12.96403],[77.54473,12.96438],[77.54637,12.9644],[77.54802,12.96494],[77.55006,12.96641],[77.55072,12.96622],[77.55076,12.96656],[77.55168,12.96632],[77.5515,12.96584],[77.55529,12.96446]]]]}},{"type":"Feature","properties":{"ward_no":136,"ward_name":"Jagajivanaramnagar","assembly":"Chamarajpet","population_2011":33758,"male":17570,"female":16188,"sc":5330,"st":342,"area_km2":0.63,"density_2011":53584.1},"geometry":{"type":"MultiPolygon","coordinates":[[[[77.55664,12.96405],[77.55634,12.96281],[77.55545,12.96301],[77.55715,12.96057],[77.55594,12.95964],[77.55473,12.95823],[77.55112,12.95708],[77.54841,12.95661],[77.54574,12.96141],[77.5487,12.96086],[77.54924,12.96224],[77.54959,12.96206],[77.54974,12.96238],[77.55055,12.96213],[77.55114,12.96406],[77.55163,12.96444],[77.55465,12.96422],[77.55529,12.96446],[77.55664,12.96405]]]]}},{"type":"Feature","properties":{"ward_no":137,"ward_name":"Rayapuram","assembly":"Chamarajpet","population_2011":32949,"male":16928,"female":16021,"sc":10777,"st":233,"area_km2":0.45,"density_2011":73220.0},"geometry":{"type":"MultiPolygon","coordinates":[[[[77.56178,12.96466],[77.55936,12.96153],[77.55715,12.96057],[77.55545,12.96301],[77.55634,12.96281],[77.55664,12.96405],[77.5515,12.96584],[77.55168,12.96632],[77.55076,12.96656],[77.55072,12.96622],[77.55006,12.96641],[77.5517,12.96809],[77.5552,12.96913],[77.55462,12.9674],[77.55604,12.96706],[77.55735,12.9663],[77.55736,12.96588],[77.55881,12.96476],[77.55986,12.96652],[77.56057,12.96603],[77.56115,12.96499],[77.56178,12.96466]]]]}},{"type":"Feature","properties":{"ward_no":138,"ward_name":"Chalavadipalya","assembly":"Chamarajpet","population_2011":25319,"male":13181,"female":12138,"sc":12632,"st":86,"area_km2":0.4,"density_2011":63297.5},"geometry":{"type":"MultiPolygon","coordinates":[[[[77.56552,12.96685],[77.56641,12.96671],[77.56645,12.96715],[77.56776,12.96697],[77.56793,12.96722],[77.56787,12.96822],[77.56804,12.96821],[77.56834,12.96372],[77.56249,12.96169],[77.55909,12.9613],[77.56211,12.96508],[77.56435,12.96839],[77.56507,12.96814],[77.56557,12.96749],[77.56552,12.96685]]]]}},{"type":"Feature","properties":{"ward_no":139,"ward_name":"K R Market","assembly":"Chamarajpet","population_2011":28514,"male":14982,"female":13532,"sc":8845,"st":360,"area_km2":0.81,"density_2011":35202.5},"geometry":{"type":"MultiPolygon","coordinates":[[[[77.57801,12.96674],[77.57617,12.96263],[77.57546,12.96176],[77.57456,12.95978],[77.57171,12.96057],[77.56687,12.96042],[77.56685,12.96068],[77.56659,12.96077],[77.56526,12.9609],[77.56516,12.96264],[77.56834,12.96372],[77.56804,12.96821],[77.57042,12.9679],[77.57385,12.96641],[77.57485,12.96838],[77.57801,12.96674]]]]}},{"type":"Feature","properties":{"ward_no":140,"ward_name":"Chamrajapet","assembly":"Chamarajpet","population_2011":33398,"male":17193,"female":16205,"sc":948,"st":469,"area_km2":1.03,"density_2011":32425.2},"geometry":{"type":"MultiPolygon","coordinates":[[[[77.56516,12.96264],[77.56526,12.9609],[77.56659,12.96077],[77.56685,12.96068],[77.56687,12.96042],[77.57171,12.96057],[77.57456,12.95978],[77.57362,12.9573],[77.56344,12.95703],[77.5634,12.95394],[77.56169,12.95332],[77.55992,12.95367],[77.55852,12.9532],[77.55851,12.95285],[77.55659,12.95325],[77.55731,12.95532],[77.55927,12.95694],[77.55923,12.95941],[77.55576,12.95837],[77.55528,12.95587],[77.55449,12.95811],[77.55524,12.95864],[77.55609,12.95979],[77.5577,12.96091],[77.56012,12.96153],[77.56249,12.96169],[77.56516,12.96264]]]]}},{"type":"Feature","properties":{"ward_no":141,"ward_name":"Azad Nagar","assembly":"Chamarajpet","population_2011":35741,"male":18584,"female":17157,"sc":2189,"st":780,"area_km2":0.67,"density_2011":53344.8},"geometry":{"type":"MultiPolygon","coordinates":[[[[77.55449,12.95811],[77.55528,12.95587],[77.55576,12.95837],[77.55923,12.95941],[77.55927,12.95694],[77.55731,12.95532],[77.55688,12.95374],[77.55572,12.9516],[77.55717,12.95114],[77.55808,12.95019],[77.55681,12.94996],[77.55499,12.95056],[77.55474,12.94968],[77.5544,12.95027],[77.55346,12.95086],[77.55279,12.95056],[77.55145,12.95225],[77.54915,12.95235],[77.54933,12.95474],[77.54959,12.95473],[77.54841,12.95661],[77.55112,12.95708],[77.55449,12.95811]]]]}},{"type":"Feature","properties":{"ward_no":118,"ward_name":"Sudham Nagara","assembly":"Chickpet","population_2011":32202,"male":16552,"female":15650,"sc":8344,"st":303,"area_km2":1.01,"density_2011":31883.2},"geometry":{"type":"MultiPolygon","coordinates":[[[[77.587,12.96536],[77.58996,12.96279],[77.59328,12.96223],[77.59466,12.96232],[77.59228,12.95611],[77.59119,12.95772],[77.58681,12.95908],[77.58623,12.95766],[77.58542,12.95405],[77.57917,12.95537],[77.57744,12.95625],[77.57767,12.95882],[77.57847,12.95875],[77.57912,12.95903],[77.58017,12.95891],[77.58216,12.95777],[77.58519,12.96379],[77.58677,12.96559],[77.587,12.96536]]]]}},{"type":"Feature","properties":{"ward_no":119,"ward_name":"Dharmaraya Swamy Temple","assembly":"Chickpet","population_2011":33199,"male":18193,"female":15006,"sc":2037,"st":108,"area_km2":1.1,"density_2011":30180.9},"geometry":{"type":"MultiPolygon","coordinates":[[[[77.58677,12.96559],[77.58519,12.96379],[77.58216,12.95777],[77.58017,12.95891],[77.57912,12.95903],[77.57847,12.95875],[77.57767,12.95882],[77.57744,12.95625],[77.57362,12.9573],[77.5751,12.96112],[77.57617,12.96263],[77.57865,12.96799],[77.58128,12.96654],[77.58295,12.97017],[77.58277,12.97204],[77.5844,12.97039],[77.58435,12.9687],[77.5852,12.96781],[77.58733,12.9668],[77.58662,12.96593],[77.58677,12.96559]]]]}},{"type":"Feature","properties":{"ward_no":142,"ward_name":"Sunkenahalli","assembly":"Chickpet","population_2011":36158,"male":18645,"female":17513,"sc":1966,"st":243,"area_km2":1.49,"density_2011":24267.1},"geometry":{"type":"MultiPolygon","coordinates":[[[[77.57375,12.94454],[77.57377,12.94369],[77.56799,12.94361],[77.56776,12.94261],[77.56677,12.9413],[77.56666,12.94022],[77.56602,12.94007],[77.56592,12.93933],[77.56395,12.93921],[77.56491,12.94088],[77.56509,12.94168],[77.56427,12.94186],[77.56424,12.94848],[77.56276,12.94908],[77.56215,12.94891],[77.56157,12.94938],[77.56224,12.95029],[77.56222,12.95086],[77.56179,12.95174],[77.56169,12.95339],[77.56231,12.95343],[77.56342,12.95398],[77.56339,12.95701],[77.56496,12.95703],[77.56495,12.95629],[77.56459,12.95631],[77.56443,12.95528],[77.56566,12.95498],[77.56748,12.95511],[77.56752,12.95397],[77.5698,12.95402],[77.56986,12.95325],[77.57373,12.95319],[77.57375,12.94454]]]]}},{"type":"Feature","properties":{"ward_no":143,"ward_name":"Vishveshwara Puram","assembly":"Chickpet","population_2011":36093,"male":18362,"female":17731,"sc":1744,"st":188,"area_km2":2.47,"density_2011":14612.6},"geometry":{"type":"MultiPolygon","coordinates":[[[[77.57362,12.9573],[77.57744,12.95625],[77.57917,12.95537],[77.58542,12.95405],[77.5871,12.95275],[77.59178,12.95104],[77.59284,12.95005],[77.59344,12.94892],[77.59092,12.94738],[77.58971,12.9463],[77.58775,12.94617],[77.58601,12.94547],[77.58538,12.94487],[77.58521,12.94369],[77.57774,12.94362],[77.57761,12.94414],[77.57713,12.94446],[77.57375,12.94454],[77.57373,12.95319],[77.56986,12.95325],[77.5698,12.95402],[77.56752,12.95397],[77.56748,12.95511],[77.56566,12.95498],[77.56443,12.95528],[77.56459,12.95631],[77.56495,12.95629],[77.56496,12.95703],[77.57362,12.9573]]]]}},{"type":"Feature","properties":{"ward_no":144,"ward_name":"Siddapura","assembly":"Chickpet","population_2011":32194,"male":16731,"female":15463,"sc":4498,"st":186,"area_km2":0.66,"density_2011":48778.8},"geometry":{"type":"MultiPolygon","coordinates":[[[[77.59714,12.94404],[77.59764,12.93999],[77.59422,12.93952],[77.59346,12.93913],[77.59263,12.93798],[77.59257,12.94057],[77.59344,12.94152],[77.59121,12.94217],[77.59126,12.94246],[77.5901,12.94309],[77.58934,12.94289],[77.58901,12.94376],[77.58705,12.94376],[77.58704,12.94595],[77.58971,12.9463],[77.59092,12.94738],[77.59344,12.94892],[77.59434,12.94711],[77.59555,12.94593],[77.59654,12.94535],[77.59694,12.94483],[77.59714,12.94404]]]]}},{"type":"Feature","properties":{"ward_no":145,"ward_name":"Hombegowda Nagara","assembly":"Chickpet","population_2011":36455,"male":18693,"female":17762,"sc":3979,"st":221,"area_km2":1.41,"density_2011":25854.6},"geometry":{"type":"MultiPolygon","coordinates":[[[[77.59228,12.95611],[77.60036,12.94976],[77.60343,12.95051],[77.60248,12.94759],[77.60289,12.94369],[77.60267,12.94216],[77.59725,12.9432],[77.59694,12.94483],[77.59457,12.94681],[77.59284,12.95005],[77.59219,12.9507],[77.59166,12.95112],[77.5871,12.95275],[77.58542,12.95405],[77.58623,12.95766],[77.58681,12.95908],[77.59119,12.95772],[77.59228,12.95611]]]]}},{"type":"Feature","properties":{"ward_no":153,"ward_name":"Jayanagar","assembly":"Chickpet","population_2011":35963,"male":18173,"female":17790,"sc":3743,"st":220,"area_km2":2.5,"density_2011":14385.2},"geometry":{"type":"MultiPolygon","coordinates":[[[[77.5871,12.94516],[77.58705,12.94376],[77.58901,12.94376],[77.58934,12.94289],[77.5901,12.94309],[77.59126,12.94246],[77.59121,12.94217],[77.59344,12.94152],[77.59257,12.94057],[77.59263,12.93798],[77.59346,12.93913],[77.59422,12.93952],[77.59764,12.93999],[77.59837,12.93862],[77.59908,12.93786],[77.59985,12.93743],[77.60159,12.93713],[77.60074,12.93193],[77.60052,12.92835],[77.59255,12.92855],[77.5927,12.93618],[77.59111,12.93667],[77.59063,12.93614],[77.59017,12.93635],[77.59004,12.93558],[77.58902,12.9358],[77.58776,12.93522],[77.5856,12.93658],[77.5801,12.93676],[77.57768,12.93967],[77.57775,12.94059],[77.5738,12.94063],[77.57375,12.94454],[77.57713,12.94446],[77.57761,12.94414],[77.57774,12.94362],[77.58521,12.94369],[77.58533,12.94476],[77.58573,12.94525],[77.58704,12.94595],[77.5871,12.94516]]]]}},{"type":"Feature","properties":{"ward_no":155,"ward_name":"Hanumanth Nagar","assembly":"Basavanagudi","population_2011":35065,"male":18137,"female":16928,"sc":857,"st":290,"area_km2":0.99,"density_2011":35419.2},"geometry":{"type":"MultiPolygon","coordinates":[[[[77.56169,12.95332],[77.56179,12.95174],[77.56222,12.95086],[77.56224,12.95029],[77.56158,12.94932],[77.56215,12.94891],[77.56276,12.94908],[77.56424,12.94848],[77.56428,12.94182],[77.55872,12.94157],[77.55652,12.94172],[77.55701,12.94442],[77.5575,12.94445],[77.55516,12.94747],[77.55575,12.95037],[77.55681,12.94996],[77.55808,12.95019],[77.55809,12.95039],[77.55717,12.95114],[77.55572,12.9516],[77.55599,12.95239],[77.55659,12.95325],[77.55851,12.95285],[77.55852,12.9532],[77.55992,12.95367],[77.56169,12.95332]]]]}},{"type":"Feature","properties":{"ward_no":156,"ward_name":"Srinagar","assembly":"Basavanagudi","population_2011":36045,"male":18793,"female":17252,"sc":272,"st":156,"area_km2":0.8,"density_2011":45056.2},"geometry":{"type":"MultiPolygon","coordinates":[[[[77.55157,12.95211],[77.55279,12.95056],[77.55346,12.95086],[77.5544,12.95027],[77.55474,12.94968],[77.55499,12.95056],[77.55575,12.95037],[77.55516,12.94747],[77.5575,12.94445],[77.55701,12.94442],[77.55652,12.94172],[77.5579,12.94164],[77.55757,12.93944],[77.55557,12.93962],[77.55541,12.93838],[77.5531,12.9386],[77.55216,12.93891],[77.55292,12.94332],[77.55219,12.94352],[77.55226,12.94465],[77.54947,12.94501],[77.54971,12.94736],[77.54952,12.94741],[77.55008,12.95023],[77.55004,12.95085],[77.54941,12.95118],[77.5496,12.95228],[77.55157,12.95211]]]]}},{"type":"Feature","properties":{"ward_no":154,"ward_name":"Basavanagudi","assembly":"Basavanagudi","population_2011":36015,"male":18396,"female":17619,"sc":956,"st":159,"area_km2":1.17,"density_2011":30782.1},"geometry":{"type":"MultiPolygon","coordinates":[[[[77.5738,12.94063],[77.57383,12.93476],[77.57173,12.93496],[77.57152,12.93342],[77.56929,12.93384],[77.5692,12.93357],[77.56813,12.93374],[77.56667,12.92996],[77.56369,12.93051],[77.564,12.93243],[77.56284,12.93304],[77.56266,12.93338],[77.56386,12.9367],[77.56404,12.93665],[77.5645,12.93745],[77.56449,12.93928],[77.56592,12.93933],[77.56602,12.94007],[77.56666,12.94022],[77.56677,12.9413],[77.56781,12.94269],[77.56787,12.94353],[77.57377,12.94369],[77.5738,12.94063]]]]}},{"type":"Feature","properties":{"ward_no":162,"ward_name":"Girinagar","assembly":"Basavanagudi","population_2011":34912,"male":18208,"female":16704,"sc":474,"st":125,"area_km2":1.77,"density_2011":19724.3},"geometry":{"type":"MultiPolygon","coordinates":[[[[77.55222,12.94411],[77.55219,12.94352],[77.55292,12.94332],[77.55213,12.93906],[77.55247,12.9388],[77.55216,12.93715],[77.55154,12.93729],[77.55102,12.93609],[77.55069,12.93627],[77.55054,12.93597],[77.55099,12.93576],[77.55076,12.93456],[77.54922,12.93319],[77.54556,12.92863],[77.54242,12.9314],[77.53933,12.93364],[77.54063,12.93762],[77.53936,12.93791],[77.53897,12.93966],[77.53866,12.94352],[77.54492,12.94319],[77.54803,12.9424],[77.54999,12.94217],[77.55032,12.94289],[77.54985,12.94332],[77.54947,12.94501],[77.55226,12.94465],[77.55222,12.94411]]]]}},{"type":"Feature","properties":{"ward_no":163,"ward_name":"Katriguppe","assembly":"Basavanagudi","population_2011":35736,"male":18769,"female":16967,"sc":574,"st":167,"area_km2":1.11,"density_2011":32194.6},"geometry":{"type":"MultiPolygon","coordinates":[[[[77.55425,12.93084],[77.55382,12.93061],[77.55417,12.93049],[77.55407,12.93005],[77.55491,12.92976],[77.55456,12.92857],[77.55467,12.92751],[77.55342,12.92609],[77.55332,12.92393],[77.55117,12.92471],[77.54912,12.92586],[77.54556,12.92863],[77.54922,12.93319],[77.55076,12.93456],[77.55099,12.93576],[77.55054,12.93597],[77.55069,12.93627],[77.55102,12.93609],[77.55154,12.93729],[77.55216,12.93715],[77.55247,12.9388],[77.55541,12.93838],[77.55557,12.93962],[77.55757,12.93944],[77.55731,12.93814],[77.5572,12.93797],[77.55679,12.93814],[77.55602,12.93609],[77.55725,12.93585],[77.55764,12.93345],[77.55616,12.93251],[77.55425,12.93084]]]]}},{"type":"Feature","properties":{"ward_no":164,"ward_name":"Vidyapeeta ward","assembly":"Basavanagudi","population_2011":34535,"male":18083,"female":16452,"sc":1261,"st":357,"area_km2":34535.0,"density_2011":1.0},"geometry":{"type":"MultiPolygon","coordinates":[[[[77.5643,12.9418],[77.56509,12.94173],[77.56491,12.94088],[77.56395,12.93921],[77.56449,12.93928],[77.5645,12.93745],[77.56404,12.93665],[77.56386,12.9367],[77.56266,12.93338],[77.56284,12.93304],[77.564,12.93243],[77.56367,12.9304],[77.56261,12.93066],[77.56144,12.93033],[77.56024,12.92948],[77.55925,12.92825],[77.55521,12.92556],[77.55439,12.92359],[77.55332,12.92393],[77.55342,12.92609],[77.55467,12.92751],[77.55456,12.92857],[77.55491,12.92976],[77.55407,12.93005],[77.55417,12.93049],[77.55382,12.93061],[77.55764,12.93345],[77.55725,12.93585],[77.55602,12.93609],[77.55679,12.93814],[77.5572,12.93797],[77.55731,12.93814],[77.5579,12.94164],[77.5643,12.9418]]]]}},{"type":"Feature","properties":{"ward_no":161,"ward_name":"Hosakerehalli","assembly":"Padmanaba Nagar","population_2011":21185,"male":11041,"female":10144,"sc":1192,"st":285,"area_km2":1.34,"density_2011":15809.7},"geometry":{"type":"MultiPolygon","coordinates":[[[[77.53933,12.93364],[77.54242,12.9314],[77.54624,12.92807],[77.54583,12.92736],[77.54538,12.92721],[77.54483,12.92588],[77.54434,12.92604],[77.54345,12.92309],[77.54347,12.92189],[77.54202,12.91886],[77.53935,12.9176],[77.53848,12.91804],[77.53839,12.91832],[77.53886,12.91874],[77.53863,12.91949],[77.53943,12.92187],[77.53999,12.9222],[77.54037,12.92415],[77.53886,12.92481],[77.53774,12.92352],[77.5371,12.92339],[77.53688,12.92355],[77.53668,12.92418],[77.53681,12.92642],[77.535,12.92737],[77.53514,12.92947],[77.53484,12.92928],[77.53433,12.93033],[77.53409,12.9328],[77.53277,12.9355],[77.53362,12.93542],[77.53374,12.93604],[77.53433,12.93649],[77.53933,12.93364]]]]}},{"type":"Feature","properties":{"ward_no":165,"ward_name":"Ganesh Mandir ward","assembly":"Padmanaba Nagar","population_2011":23101,"male":11988,"female":11113,"sc":652,"st":179,"area_km2":1.63,"density_2011":14172.4},"geometry":{"type":"MultiPolygon","coordinates":[[[[77.56369,12.93051],[77.56667,12.92996],[77.57114,12.92981],[77.5707,12.92646],[77.56954,12.92645],[77.57053,12.92533],[77.57048,12.92466],[77.5687,12.91815],[77.56603,12.91876],[77.56547,12.9174],[77.56484,12.91674],[77.56389,12.91881],[77.56333,12.91955],[77.5623,12.92019],[77.56161,12.92161],[77.55912,12.92208],[77.55439,12.92359],[77.55521,12.92556],[77.55925,12.92825],[77.56024,12.92948],[77.56201,12.93062],[77.56369,12.93051]]]]}},{"type":"Feature","properties":{"ward_no":166,"ward_name":"Karisandra","assembly":"Padmanaba Nagar","population_2011":30206,"male":15445,"female":14761,"sc":2575,"st":365,"area_km2":1.1,"density_2011":27460.0},"geometry":{"type":"MultiPolygon","coordinates":[[[[77.57903,12.93084],[77.57966,12.93083],[77.57974,12.92343],[77.5736,12.92355],[77.57357,12.92104],[77.57441,12.92071],[77.57362,12.91801],[77.57365,12.91692],[77.57039,12.91636],[77.56999,12.91567],[77.56965,12.91554],[77.56878,12.91718],[77.56866,12.91796],[77.57053,12.92533],[77.56954,12.92645],[77.5707,12.92646],[77.57114,12.92981],[77.57505,12.92924],[77.57526,12.9303],[77.57636,12.93035],[77.57618,12.9309],[77.57903,12.93084]]]]}},{"type":"Feature","properties":{"ward_no":167,"ward_name":"Yediyur","assembly":"Padmanaba Nagar","population_2011":34591,"male":17857,"female":16734,"sc":1111,"st":180,"area_km2":1.23,"density_2011":28122.8},"geometry":{"type":"MultiPolygon","coordinates":[[[[77.5849,12.93665],[77.58483,12.93293],[77.57958,12.93306],[77.57961,12.93083],[77.57618,12.9309],[77.57636,12.93035],[77.57526,12.9303],[77.57505,12.92924],[77.57101,12.92982],[77.56667,12.92996],[77.56813,12.93374],[77.5692,12.93357],[77.56929,12.93384],[77.57152,12.93342],[77.57173,12.93496],[77.57383,12.93476],[77.5738,12.94063],[77.57775,12.94059],[77.57768,12.93967],[77.5801,12.93676],[77.5849,12.93665]]]]}},{"type":"Feature","properties":{"ward_no":180,"ward_name":"Banashankari Temple ward","assembly":"Padmanaba Nagar","population_2011":34022,"male":17451,"female":16571,"sc":2548,"st":494,"area_km2":0.68,"density_2011":50032.4},"geometry":{"type":"MultiPolygon","coordinates":[[[[77.5687,12.91815],[77.56878,12.91718],[77.56965,12.91554],[77.56999,12.91567],[77.57039,12.91636],[77.57365,12.91692],[77.57366,12.91536],[77.57289,12.91163],[77.57326,12.90649],[77.57209,12.90666],[77.57077,12.90796],[77.5661,12.91374],[77.56499,12.91637],[77.56484,12.91674],[77.56547,12.9174],[77.56603,12.91876],[77.5687,12.91815]]]]}},{"type":"Feature","properties":{"ward_no":181,"ward_name":"Kumaraswamy Layout","assembly":"Padmanaba Nagar","population_2011":35384,"male":18649,"female":16735,"sc":1428,"st":426,"area_km2":1.87,"density_2011":18921.9},"geometry":{"type":"MultiPolygon","coordinates":[[[[77.55986,12.89548],[77.55963,12.8942],[77.55914,12.89428],[77.5589,12.89519],[77.55846,12.89525],[77.55817,12.89491],[77.55492,12.89637],[77.55579,12.89741],[77.55529,12.89775],[77.55569,12.89804],[77.55572,12.89889],[77.5567,12.90213],[77.55619,12.90225],[77.55684,12.90443],[77.55946,12.90664],[77.55804,12.90776],[77.55851,12.90865],[77.55829,12.91074],[77.55896,12.91358],[77.55975,12.91374],[77.56109,12.91525],[77.56199,12.91655],[77.56271,12.91839],[77.56342,12.91945],[77.56439,12.91791],[77.5661,12.91374],[77.57023,12.90869],[77.56013,12.9005],[77.56011,12.90025],[77.56123,12.89929],[77.55986,12.89548]]]]}},{"type":"Feature","properties":{"ward_no":182,"ward_name":"Padmanabha Nagar","assembly":"Padmanaba Nagar","population_2011":25454,"male":13131,"female":12323,"sc":1150,"st":111,"area_km2":1.68,"density_2011":15151.2},"geometry":{"type":"MultiPolygon","coordinates":[[[[77.56342,12.91945],[77.56271,12.91839],[77.56199,12.91655],[77.56109,12.91525],[77.55975,12.91374],[77.55896,12.91358],[77.55829,12.91074],[77.55851,12.90865],[77.55804,12.90776],[77.55946,12.90664],[77.55684,12.90443],[77.55632,12.90305],[77.55508,12.9034],[77.5537,12.90334],[77.55222,12.90398],[77.55138,12.90386],[77.55063,12.90445],[77.55031,12.9044],[77.55054,12.90414],[77.55023,12.90399],[77.54906,12.90425],[77.54825,12.9034],[77.5484,12.9055],[77.54926,12.90779],[77.55357,12.90633],[77.55467,12.90954],[77.55487,12.90954],[77.5559,12.91154],[77.55487,12.91159],[77.5542,12.91137],[77.55229,12.9118],[77.55358,12.91441],[77.55229,12.91497],[77.55049,12.91535],[77.55074,12.91622],[77.55196,12.91788],[77.55214,12.91977],[77.55262,12.91965],[77.5531,12.92032],[77.55415,12.92096],[77.55565,12.921],[77.55628,12.92298],[77.55912,12.92208],[77.56161,12.92161],[77.5623,12.92019],[77.56342,12.91945]]]]}},{"type":"Feature","properties":{"ward_no":146,"ward_name":"Lakkasandra","assembly":"B.T.M. Layout","population_2011":28303,"male":14909,"female":13394,"sc":4562,"st":422,"area_km2":1.29,"density_2011":21940.3},"geometry":{"type":"MultiPolygon","coordinates":[[[[77.6058,12.94998],[77.60814,12.94224],[77.6138,12.93167],[77.60805,12.93586],[77.60641,12.93647],[77.59985,12.93743],[77.59874,12.93816],[77.59788,12.9394],[77.59725,12.9432],[77.60267,12.94216],[77.60289,12.94369],[77.60248,12.94759],[77.60342,12.95044],[77.6058,12.94998]]]]}},{"type":"Feature","properties":{"ward_no":147,"ward_name":"Adugodi","assembly":"B.T.M. Layout","population_2011":29945,"male":15676,"female":14269,"sc":5381,"st":411,"area_km2":1.6,"density_2011":18715.6},"geometry":{"type":"MultiPolygon","coordinates":[[[[77.61875,12.94357],[77.61755,12.94356],[77.61731,12.94112],[77.61849,12.94104],[77.61703,12.93636],[77.61568,12.93606],[77.6123,12.93436],[77.60814,12.94224],[77.60588,12.94971],[77.6111,12.94892],[77.61175,12.9493],[77.6171,12.94924],[77.61934,12.94743],[77.6186,12.94601],[77.61929,12.94533],[77.61875,12.94357]]]]}},{"type":"Feature","properties":{"ward_no":148,"ward_name":"Ejipura","assembly":"B.T.M. Layout","population_2011":29105,"male":15316,"female":13789,"sc":4906,"st":499,"area_km2":1.61,"density_2011":18077.6},"geometry":{"type":"MultiPolygon","coordinates":[[[[77.62705,12.94932],[77.6295,12.94551],[77.63319,12.93754],[77.63579,12.93507],[77.63442,12.93457],[77.63381,12.93354],[77.6334,12.93169],[77.63404,12.93082],[77.63349,12.92984],[77.63325,12.92979],[77.63275,12.93135],[77.6266,12.93769],[77.6251,12.94024],[77.62178,12.94339],[77.61861,12.94589],[77.6215,12.95169],[77.62347,12.95079],[77.62581,12.95025],[77.62705,12.94932]]]]}},{"type":"Feature","properties":{"ward_no":151,"ward_name":"Koramangala","assembly":"B.T.M. Layout","population_2011":35359,"male":18434,"female":16925,"sc":3246,"st":232,"area_km2":3.71,"density_2011":9530.7},"geometry":{"type":"MultiPolygon","coordinates":[[[[77.62112,12.94395],[77.62524,12.94009],[77.62692,12.93729],[77.63275,12.93135],[77.63325,12.92979],[77.63349,12.92984],[77.63388,12.93061],[77.63558,12.92894],[77.63664,12.9285],[77.63694,12.92858],[77.63798,12.93011],[77.63833,12.93027],[77.64029,12.92921],[77.64212,12.92905],[77.64134,12.92616],[77.63932,12.9259],[77.63919,12.92415],[77.63669,12.92532],[77.62902,12.9242],[77.62401,12.92307],[77.62022,12.92116],[77.6123,12.93436],[77.61568,12.93606],[77.61703,12.93636],[77.61849,12.94104],[77.61731,12.94112],[77.61755,12.94356],[77.61874,12.94346],[77.61929,12.94533],[77.62112,12.94395]]]]}},{"type":"Feature","properties":{"ward_no":152,"ward_name":"Suddagunte Palya","assembly":"B.T.M. Layout","population_2011":35910,"male":19341,"female":16569,"sc":3193,"st":299,"area_km2":1.74,"density_2011":20637.9},"geometry":{"type":"MultiPolygon","coordinates":[[[[77.6138,12.93167],[77.61823,12.92442],[77.61713,12.92383],[77.61657,12.92478],[77.61627,12.92464],[77.6158,12.92327],[77.61467,12.92377],[77.61461,12.92351],[77.61399,12.92347],[77.61024,12.92491],[77.6091,12.92505],[77.60836,12.92483],[77.60698,12.92505],[77.60699,12.92546],[77.60638,12.92565],[77.60488,12.92518],[77.60504,12.92601],[77.60449,12.92632],[77.60476,12.92722],[77.60437,12.92743],[77.60477,12.92742],[77.60494,12.92803],[77.60328,12.92799],[77.60103,12.92666],[77.60049,12.92662],[77.60072,12.93172],[77.60159,12.93713],[77.60641,12.93647],[77.60805,12.93586],[77.6138,12.93167]]]]}},{"type":"Feature","properties":{"ward_no":178,"ward_name":"Sarakki","assembly":"Jaya Nagar","population_2011":26707,"male":13870,"female":12837,"sc":1379,"st":173,"area_km2":1.34,"density_2011":19930.6},"geometry":{"type":"MultiPolygon","coordinates":[[[[77.5857,12.91057],[77.59332,12.91023],[77.59317,12.90747],[77.59362,12.9074],[77.59342,12.90532],[77.59028,12.90572],[77.59009,12.90481],[77.58854,12.90497],[77.58858,12.90519],[77.58829,12.90525],[77.58829,12.90573],[77.58648,12.90574],[77.58648,12.90463],[77.58576,12.90462],[77.58498,12.90464],[77.58496,12.90517],[77.58171,12.9056],[77.58173,12.90381],[77.58045,12.90412],[77.58033,12.90442],[77.57962,12.90456],[77.57964,12.90477],[77.5787,12.90499],[77.57873,12.90555],[77.57689,12.90555],[77.57725,12.9039],[77.57701,12.90386],[77.57548,12.90505],[77.57549,12.90647],[77.57326,12.90649],[77.5729,12.91146],[77.58313,12.91051],[77.5857,12.91057]]]]}},{"type":"Feature","properties":{"ward_no":173,"ward_name":"Jakkasandra","assembly":"B.T.M. Layout","population_2011":24088,"male":13045,"female":11043,"sc":2829,"st":536,"area_km2":1.52,"density_2011":15847.4},"geometry":{"type":"MultiPolygon","coordinates":[[[[77.63919,12.92415],[77.63997,12.92384],[77.63847,12.92034],[77.6382,12.91594],[77.62853,12.9168],[77.62558,12.91765],[77.62281,12.91731],[77.62022,12.92116],[77.62401,12.92307],[77.62902,12.9242],[77.63669,12.92532],[77.63919,12.92415]]]]}},{"type":"Feature","properties":{"ward_no":176,"ward_name":"BTM Layout","assembly":"B.T.M. Layout","population_2011":34436,"male":18502,"female":15934,"sc":1512,"st":247,"area_km2":2.13,"density_2011":16167.1},"geometry":{"type":"MultiPolygon","coordinates":[[[[77.62274,12.91731],[77.62233,12.91617],[77.62237,12.91441],[77.62114,12.91377],[77.62167,12.91295],[77.62108,12.91259],[77.61955,12.91256],[77.61912,12.91276],[77.61679,12.91484],[77.6165,12.91543],[77.61526,12.90958],[77.61389,12.90675],[77.61322,12.9059],[77.61272,12.90449],[77.60934,12.90502],[77.60945,12.90544],[77.60852,12.90585],[77.60618,12.90563],[77.60389,12.90581],[77.60404,12.90871],[77.60029,12.90851],[77.59996,12.91229],[77.59993,12.91656],[77.6001,12.91675],[77.61891,12.91625],[77.62021,12.91643],[77.62274,12.91731]]]]}},{"type":"Feature","properties":{"ward_no":168,"ward_name":"Pattabhiram Nagar","assembly":"Jaya Nagar","population_2011":30989,"male":15751,"female":15238,"sc":1473,"st":179,"area_km2":1.75,"density_2011":17708.0},"geometry":{"type":"MultiPolygon","coordinates":[[[[77.58392,12.93295],[77.58383,12.92871],[77.58716,12.92863],[77.58775,12.92794],[77.58893,12.92774],[77.58972,12.92706],[77.59716,12.92694],[77.59705,12.92314],[77.59346,12.92324],[77.59336,12.92053],[77.59297,12.92015],[77.59263,12.91898],[77.59332,12.91898],[77.59329,12.9169],[77.58584,12.91714],[77.58596,12.92335],[77.57974,12.92343],[77.57958,12.93306],[77.58392,12.93295]]]]}},{"type":"Feature","properties":{"ward_no":169,"ward_name":"Byrasandra","assembly":"Jaya Nagar","population_2011":30638,"male":15760,"female":14878,"sc":3767,"st":73,"area_km2":0.87,"density_2011":35216.1},"geometry":{"type":"MultiPolygon","coordinates":[[[[77.59539,12.92846],[77.59535,12.92699],[77.58972,12.92706],[77.58893,12.92774],[77.58775,12.92794],[77.58716,12.92863],[77.58383,12.92871],[77.58392,12.93295],[77.58483,12.93293],[77.5849,12.93665],[77.58593,12.93648],[77.58776,12.93522],[77.58902,12.9358],[77.59004,12.93558],[77.59017,12.93635],[77.59063,12.93614],[77.59111,12.93667],[77.5927,12.93618],[77.59253,12.92858],[77.59539,12.92846]]]]}},{"type":"Feature","properties":{"ward_no":179,"ward_name":"Shakambari Nagar","assembly":"Jaya Nagar","population_2011":23239,"male":11733,"female":11506,"sc":607,"st":162,"area_km2":1.85,"density_2011":12561.6},"geometry":{"type":"MultiPolygon","coordinates":[[[[77.57613,12.92351],[77.58596,12.92335],[77.5857,12.91057],[77.58313,12.91051],[77.5729,12.91146],[77.57366,12.91536],[77.57362,12.91801],[77.57439,12.9205],[77.57434,12.92085],[77.57357,12.92104],[77.5736,12.92355],[77.57613,12.92351]]]]}},{"type":"Feature","properties":{"ward_no":149,"ward_name":"Varthuru","assembly":"Mahadevapura","population_2011":25067,"male":13033,"female":12034,"sc":5581,"st":183,"area_km2":26.98,"density_2011":929.1},"geometry":{"type":"MultiPolygon","coordinates":[[[[77.77027,12.96105],[77.76905,12.96032],[77.76731,12.96029],[77.76556,12.96077],[77.76535,12.96065],[77.76546,12.95898],[77.7643,12.95795],[77.76557,12.94658],[77.76531,12.9421],[77.76549,12.93703],[77.76634,12.93495],[77.7656,12.93322],[77.76568,12.93201],[77.76468,12.9288],[77.76212,12.9283],[77.75708,12.92652],[77.75255,12.92536],[77.75154,12.92198],[77.75117,12.92158],[77.75067,12.92146],[77.74856,12.9214],[77.74622,12.9198],[77.74525,12.91839],[77.74485,12.91632],[77.72827,12.91556],[77.72703,12.90817],[77.71948,12.91093],[77.71652,12.9093],[77.71537,12.91008],[77.70923,12.90873],[77.70942,12.91439],[77.70367,12.91781],[77.70558,12.92015],[77.70779,12.92193],[77.71083,12.92558],[77.70811,12.92877],[77.70753,12.92976],[77.70579,12.93131],[77.70461,12.93203],[77.70129,12.93324],[77.69746,12.93367],[77.69937,12.94312],[77.6994,12.94421],[77.70665,12.94138],[77.70448,12.95682],[77.71452,12.95596],[77.71463,12.95455],[77.71502,12.95408],[77.71579,12.9475],[77.7172,12.94358],[77.71946,12.94516],[77.72126,12.94539],[77.723,12.94635],[77.725,12.9464],[77.72547,12.94712],[77.72765,12.94723],[77.72859,12.94781],[77.73032,12.94795],[77.73265,12.94778],[77.73254,12.94857],[77.73302,12.94884],[77.73313,12.9494],[77.73399,12.94958],[77.73419,12.94924],[77.73421,12.94951],[77.73472,12.94962],[77.73697,12.95104],[77.73747,12.95107],[77.738,12.95208],[77.73838,12.95231],[77.7392,12.95207],[77.7397,12.95268],[77.74177,12.95306],[77.74264,12.95358],[77.7432,12.95415],[77.74424,12.95648],[77.74545,12.95724],[77.74551,12.95703],[77.74666,12.95875],[77.74821,12.95836],[77.74805,12.95589],[77.7495,12.95581],[77.74977,12.95677],[77.75741,12.95918],[77.76763,12.96349],[77.76795,12.96305],[77.77031,12.96269],[77.77049,12.96194],[77.77027,12.96105]]]]}},{"type":"Feature","properties":{"ward_no":150,"ward_name":"Bellanduru","assembly":"Mahadevapura","population_2011":20526,"male":10818,"female":9708,"sc":5838,"st":101,"area_km2":26.37,"density_2011":778.4},"geometry":{"type":"MultiPolygon","coordinates":[[[[77.70448,12.95682],[77.70665,12.94138],[77.6994,12.94421],[77.69937,12.94312],[77.69746,12.93367],[77.70129,12.93324],[77.70461,12.93203],[77.70579,12.93131],[77.70753,12.92976],[77.70811,12.92877],[77.71083,12.92558],[77.70779,12.92193],[77.70558,12.92015],[77.70367,12.91781],[77.70942,12.91439],[77.70923,12.90873],[77.70778,12.90374],[77.7016,12.90474],[77.68876,12.90814],[77.68635,12.90583],[77.67639,12.89279],[77.67397,12.89283],[77.6696,12.8937],[77.66075,12.89469],[77.65717,12.89404],[77.65519,12.89613],[77.65465,12.89826],[77.65537,12.89837],[77.65584,12.89819],[77.65586,12.89956],[77.65661,12.89975],[77.65682,12.8995],[77.65718,12.90043],[77.65505,12.90276],[77.65477,12.90348],[77.65703,12.91145],[77.66017,12.91152],[77.66093,12.91398],[77.66123,12.91589],[77.662,12.91602],[77.66272,12.91804],[77.66314,12.91807],[77.66485,12.92067],[77.66707,12.92281],[77.66811,12.92433],[77.66931,12.92722],[77.66927,12.93095],[77.66703,12.93106],[77.66617,12.93075],[77.6653,12.92855],[77.66485,12.92798],[77.66359,12.92811],[77.66226,12.92959],[77.66144,12.93005],[77.65914,12.92976],[77.65522,12.93512],[77.66054,12.93828],[77.65907,12.93833],[77.65901,12.93791],[77.65821,12.93795],[77.65817,12.93877],[77.6577,12.93885],[77.65733,12.93948],[77.6565,12.9401],[77.65472,12.94022],[77.65395,12.94053],[77.64802,12.94374],[77.64747,12.94424],[77.64747,12.94479],[77.64242,12.949],[77.63979,12.9516],[77.64077,12.95327],[77.64174,12.95351],[77.64236,12.95396],[77.64427,12.95334],[77.64464,12.9512],[77.64535,12.94955],[77.64656,12.94786],[77.64782,12.94717],[77.64908,12.946],[77.64936,12.94747],[77.64982,12.94732],[77.65461,12.94772],[77.65608,12.94737],[77.65996,12.94759],[77.66258,12.94665],[77.66267,12.94447],[77.66415,12.94445],[77.66474,12.94588],[77.66662,12.94601],[77.6666,12.94644],[77.66841,12.94655],[77.66836,12.94699],[77.67093,12.94711],[77.67093,12.94806],[77.67315,12.94819],[77.67291,12.94739],[77.67304,12.94648],[77.67378,12.94612],[77.67766,12.94473],[77.67998,12.94406],[77.68032,12.94414],[77.68055,12.94375],[77.68146,12.94352],[77.68549,12.94121],[77.68681,12.94174],[77.68803,12.94191],[77.68867,12.94101],[77.68971,12.94152],[77.69476,12.94511],[77.69556,12.94532],[77.69796,12.9448],[77.69903,12.94836],[77.70001,12.95357],[77.70106,12.95691],[77.70448,12.95682]]]]}},{"type":"Feature","properties":{"ward_no":82,"ward_name":"Garudachar Playa","assembly":"Mahadevapura","population_2011":20920,"male":11371,"female":9549,"sc":3635,"st":364,"area_km2":6.8,"density_2011":3076.5},"geometry":{"type":"MultiPolygon","coordinates":[[[[77.74473,12.98634],[77.74359,12.98377],[77.74388,12.98268],[77.74213,12.97914],[77.74122,12.97603],[77.73892,12.97721],[77.7362,12.97796],[77.73514,12.97628],[77.73402,12.97596],[77.71676,12.97738],[77.71416,12.97784],[77.71483,12.9814],[77.7153,12.98149],[77.7154,12.98183],[77.71388,12.98227],[77.71289,12.98341],[77.71116,12.98433],[77.70839,12.98371],[77.70708,12.98791],[77.70573,12.9881],[77.70581,12.98708],[77.70422,12.98717],[77.70233,12.98479],[77.69983,12.98462],[77.70069,12.98372],[77.70044,12.98282],[77.70109,12.98248],[77.7004,12.98223],[77.69975,12.9807],[77.69734,12.9817],[77.69544,12.98208],[77.69584,12.98473],[77.69584,12.99019],[77.69358,12.99037],[77.69082,12.99161],[77.68849,12.99207],[77.69066,12.99729],[77.69517,12.99547],[77.69753,12.99507],[77.70127,12.99399],[77.70155,12.99688],[77.70358,12.99787],[77.70402,12.99953],[77.70432,12.99951],[77.70857,12.99865],[77.70848,12.99762],[77.70772,12.99698],[77.7079,12.99681],[77.70762,12.99654],[77.70524,12.99602],[77.70496,12.99526],[77.70479,12.99302],[77.71004,12.99282],[77.71165,12.99252],[77.71111,12.99074],[77.71355,12.99015],[77.71579,12.99215],[77.71942,12.99212],[77.72169,12.99085],[77.72473,12.98994],[77.72589,12.98927],[77.73161,12.98812],[77.73167,12.98649],[77.73226,12.9857],[77.73349,12.98558],[77.73352,12.98493],[77.73707,12.98493],[77.73845,12.98515],[77.73849,12.98634],[77.7404,12.98701],[77.74059,12.9874],[77.74473,12.98634]]]]}},{"type":"Feature","properties":{"ward_no":83,"ward_name":"Kadugodi","assembly":"Mahadevapura","population_2011":22205,"male":12056,"female":10149,"sc":4557,"st":172,"area_km2":11.88,"density_2011":1869.1},"geometry":{"type":"MultiPolygon","coordinates":[[[[77.7785,12.97708],[77.76535,12.9783],[77.76565,12.98032],[77.75762,12.98042],[77.75692,12.97672],[77.7552,12.97674],[77.75393,12.97454],[77.75046,12.97485],[77.75048,12.97502],[77.74854,12.97427],[77.74645,12.9746],[77.74612,12.97524],[77.74524,12.97568],[77.74435,12.97575],[77.74336,12.97541],[77.74122,12.97603],[77.74213,12.97914],[77.74388,12.98268],[77.74359,12.98377],[77.74473,12.98634],[77.73966,12.98758],[77.73677,12.9875],[77.73346,12.98787],[77.73262,12.99335],[77.73131,12.99546],[77.73123,12.99647],[77.74144,12.99856],[77.74319,12.99865],[77.74756,12.99823],[77.75201,12.99738],[77.75339,12.99797],[77.75421,13.0016],[77.75591,13.00117],[77.75741,13.00111],[77.75718,13.00235],[77.75795,13.00273],[77.75947,13.00265],[77.76003,13.00532],[77.76058,13.00502],[77.76158,13.00519],[77.76471,13.00388],[77.76862,13.00298],[77.76926,13.00398],[77.76966,13.00591],[77.76946,13.00701],[77.76903,13.00781],[77.76953,13.01123],[77.76925,13.01334],[77.77145,13.01611],[77.77303,13.01554],[77.77293,13.01375],[77.77338,13.01339],[77.77411,13.01346],[77.7743,13.01317],[77.77378,13.01248],[77.77363,13.01124],[77.77391,13.01056],[77.77314,13.01008],[77.77336,13.00961],[77.77306,13.00925],[77.77337,13.00784],[77.77329,13.00631],[77.77363,13.00607],[77.77433,13.00635],[77.77552,13.00599],[77.77577,13.0056],[77.77524,13.00327],[77.77463,13.00287],[77.7734,13.0031],[77.77274,13.00298],[77.77241,13.00276],[77.77236,13.00235],[77.77273,13.00187],[77.77347,13.00183],[77.7737,13.00121],[77.77479,13.0009],[77.77458,12.99989],[77.77489,12.9982],[77.77433,12.99752],[77.77429,12.99609],[77.77507,12.9956],[77.77524,12.99443],[77.77591,12.99334],[77.77538,12.99202],[77.77558,12.9899],[77.77594,12.98907],[77.77568,12.98651],[77.77658,12.98487],[77.77588,12.98244],[77.77615,12.98148],[77.77719,12.98041],[77.77755,12.97937],[77.77802,12.97898],[77.7785,12.97708]]]]}},{"type":"Feature","properties":{"ward_no":84,"ward_name":"Hagadur","assembly":"Mahadevapura","population_2011":25915,"male":13523,"female":12392,"sc":3664,"st":211,"area_km2":12.68,"density_2011":2043.8},"geometry":{"type":"MultiPolygon","coordinates":[[[[77.7785,12.97708],[77.7779,12.97624],[77.77684,12.97652],[77.77604,12.97499],[77.77603,12.97454],[77.77655,12.97437],[77.77717,12.97359],[77.77773,12.97349],[77.77803,12.97292],[77.77897,12.97254],[77.77841,12.97075],[77.77878,12.97012],[77.78054,12.97002],[77.78137,12.97074],[77.78325,12.97083],[77.78299,12.97064],[77.78357,12.97012],[77.78405,12.96847],[77.7838,12.96783],[77.78396,12.96663],[77.78181,12.96603],[77.78079,12.96642],[77.77914,12.9665],[77.77881,12.96758],[77.77752,12.96803],[77.77333,12.96588],[77.77257,12.96495],[77.77128,12.96419],[77.77031,12.96269],[77.76795,12.96305],[77.76763,12.96349],[77.75741,12.95918],[77.74977,12.95677],[77.7495,12.95581],[77.74805,12.95589],[77.74821,12.95836],[77.74666,12.95875],[77.74551,12.95703],[77.74545,12.95724],[77.74424,12.95648],[77.7432,12.95415],[77.74264,12.95358],[77.74177,12.95306],[77.7397,12.95268],[77.7392,12.95207],[77.73838,12.95231],[77.738,12.95208],[77.73747,12.95107],[77.73697,12.95104],[77.73472,12.94962],[77.73421,12.94951],[77.73419,12.94924],[77.73399,12.94958],[77.73313,12.9494],[77.73302,12.94884],[77.73254,12.94857],[77.73265,12.94778],[77.73032,12.94795],[77.72859,12.94781],[77.72765,12.94723],[77.72547,12.94712],[77.72511,12.94654],[77.72373,12.95305],[77.72417,12.95766],[77.72405,12.96067],[77.72466,12.96087],[77.7246,12.9612],[77.72637,12.9613],[77.72705,12.96189],[77.72785,12.96749],[77.7243,12.96803],[77.72555,12.97121],[77.72659,12.97108],[77.72699,12.97655],[77.73331,12.97597],[77.73461,12.97605],[77.7355,12.97663],[77.7362,12.97796],[77.73892,12.97721],[77.74117,12.97605],[77.74336,12.97541],[77.74435,12.97575],[77.74524,12.97568],[77.74612,12.97524],[77.74645,12.9746],[77.74854,12.97427],[77.75048,12.97502],[77.75046,12.97485],[77.75393,12.97454],[77.7552,12.97674],[77.75692,12.97672],[77.75762,12.98042],[77.76565,12.98032],[77.76535,12.9783],[77.7785,12.97708]]]]}},{"type":"Feature","properties":{"ward_no":85,"ward_name":"Dodda Nekkundi","assembly":"Mahadevapura","population_2011":22016,"male":11790,"female":10226,"sc":4283,"st":343,"area_km2":12.12,"density_2011":1816.5},"geometry":{"type":"MultiPolygon","coordinates":[[[[77.70107,12.95892],[77.70192,12.96519],[77.70109,12.9643],[77.69974,12.96338],[77.69801,12.96299],[77.69556,12.96162],[77.69324,12.96097],[77.69338,12.95985],[77.69499,12.96009],[77.69499,12.95897],[77.69589,12.9589],[77.69597,12.95836],[77.6944,12.95801],[77.69382,12.95737],[77.69404,12.95622],[77.6899,12.95556],[77.68979,12.96119],[77.68954,12.96211],[77.68897,12.96222],[77.68856,12.96695],[77.68814,12.96716],[77.68793,12.96907],[77.68665,12.96926],[77.68627,12.96978],[77.6864,12.97],[77.68606,12.97004],[77.68685,12.97316],[77.68574,12.97409],[77.68549,12.9747],[77.68411,12.97575],[77.68409,12.9762],[77.68473,12.97759],[77.68693,12.97948],[77.6887,12.97851],[77.69032,12.98187],[77.69181,12.98176],[77.69315,12.98198],[77.69346,12.98149],[77.69428,12.98152],[77.69509,12.98116],[77.69544,12.98208],[77.69734,12.9817],[77.69975,12.9807],[77.7004,12.98223],[77.70109,12.98248],[77.70044,12.98282],[77.70069,12.98372],[77.69983,12.98462],[77.70233,12.98479],[77.70422,12.98717],[77.70581,12.98708],[77.70573,12.9881],[77.70617,12.9881],[77.70708,12.98791],[77.70839,12.98371],[77.71116,12.98433],[77.71289,12.98341],[77.71388,12.98227],[77.7154,12.98183],[77.7153,12.98149],[77.71483,12.9814],[77.71416,12.97784],[77.71676,12.97738],[77.72699,12.97655],[77.72659,12.97108],[77.72555,12.97121],[77.7243,12.96803],[77.72785,12.96749],[77.72705,12.96189],[77.72637,12.9613],[77.7246,12.9612],[77.72466,12.96087],[77.72405,12.96067],[77.72417,12.95766],[77.72373,12.95305],[77.72502,12.94746],[77.725,12.9464],[77.723,12.94635],[77.72126,12.94539],[77.71946,12.94516],[77.7172,12.94358],[77.71579,12.9475],[77.71502,12.95408],[77.71463,12.95455],[77.71452,12.95596],[77.70448,12.95682],[77.70401,12.96005],[77.70163,12.95948],[77.70142,12.95894],[77.70107,12.95892]]]]}},{"type":"Feature","properties":{"ward_no":174,"ward_name":"HSR Layout","assembly":"Bommana Halli","population_2011":24749,"male":13215,"female":11534,"sc":2723,"st":303,"area_km2":6.98,"density_2011":3545.7},"geometry":{"type":"MultiPolygon","coordinates":[[[[77.65466,12.89799],[77.65163,12.89828],[77.65116,12.89892],[77.64921,12.89974],[77.64885,12.8995],[77.64852,12.9022],[77.64879,12.90382],[77.64751,12.90392],[77.64197,12.90532],[77.63912,12.90571],[77.63512,12.90731],[77.63326,12.90665],[77.63253,12.90662],[77.63256,12.90439],[77.63231,12.90394],[77.631,12.90364],[77.62272,12.91734],[77.62558,12.91765],[77.62853,12.9168],[77.6382,12.91594],[77.63847,12.92034],[77.63997,12.92384],[77.64135,12.92338],[77.64521,12.92445],[77.64932,12.92469],[77.65173,12.92424],[77.65158,12.92118],[77.65358,12.92097],[77.65371,12.92067],[77.65487,12.92057],[77.66051,12.91653],[77.66221,12.91831],[77.66281,12.92031],[77.66284,12.92122],[77.66121,12.92173],[77.6625,12.92569],[77.66359,12.92811],[77.66499,12.92804],[77.66628,12.93081],[77.66703,12.93106],[77.66927,12.93095],[77.66931,12.92722],[77.66811,12.92433],[77.66707,12.92281],[77.66485,12.92067],[77.66314,12.91807],[77.66272,12.91804],[77.662,12.91602],[77.66123,12.91589],[77.66093,12.91398],[77.66017,12.91152],[77.65703,12.91145],[77.65477,12.90348],[77.65505,12.90276],[77.65718,12.90043],[77.65682,12.8995],[77.65661,12.89975],[77.65586,12.89956],[77.65584,12.89819],[77.65537,12.89837],[77.65465,12.89826],[77.65466,12.89799]]]]}},{"type":"Feature","properties":{"ward_no":175,"ward_name":"Bommanahalli","assembly":"Bommana Halli","population_2011":24307,"male":13065,"female":11242,"sc":2767,"st":138,"area_km2":1.85,"density_2011":13138.9},"geometry":{"type":"MultiPolygon","coordinates":[[[[77.631,12.90364],[77.63114,12.90342],[77.6293,12.90359],[77.6294,12.90393],[77.62748,12.90436],[77.62726,12.90342],[77.62667,12.90371],[77.6242,12.90299],[77.62353,12.90155],[77.62215,12.89961],[77.62118,12.89669],[77.62028,12.89484],[77.61963,12.89157],[77.62011,12.89139],[77.62019,12.88974],[77.6199,12.88884],[77.61925,12.88813],[77.61862,12.88625],[77.61742,12.88648],[77.61735,12.88621],[77.61588,12.88651],[77.61599,12.88748],[77.61531,12.88761],[77.61526,12.88673],[77.6125,12.88692],[77.61246,12.88854],[77.61281,12.89038],[77.61334,12.89023],[77.61436,12.89119],[77.61508,12.89237],[77.61423,12.89262],[77.61464,12.8949],[77.61548,12.89489],[77.61548,12.89549],[77.61656,12.89546],[77.61645,12.89447],[77.6172,12.89441],[77.61718,12.89597],[77.61776,12.89603],[77.61811,12.89797],[77.61971,12.89826],[77.61995,12.90076],[77.61862,12.90087],[77.61923,12.90243],[77.61951,12.90234],[77.62052,12.90484],[77.6216,12.90465],[77.62183,12.90671],[77.62286,12.90683],[77.62286,12.90744],[77.62221,12.90739],[77.62215,12.90838],[77.62142,12.90843],[77.62144,12.90862],[77.62093,12.90873],[77.62065,12.90849],[77.62055,12.9091],[77.62061,12.91013],[77.62109,12.91084],[77.62133,12.91224],[77.62106,12.91265],[77.62167,12.91295],[77.62114,12.91377],[77.62235,12.91437],[77.62233,12.91617],[77.62274,12.91731],[77.631,12.90364]]]]}},{"type":"Feature","properties":{"ward_no":186,"ward_name":"Jaraganahalli","assembly":"Bommana Halli","population_2011":23299,"male":12519,"female":10780,"sc":830,"st":248,"area_km2":1.28,"density_2011":18202.3},"geometry":{"type":"MultiPolygon","coordinates":[[[[77.5858,12.90276],[77.58362,12.90192],[77.58383,12.89863],[77.58273,12.89867],[77.58271,12.89784],[77.58098,12.89786],[77.57939,12.89687],[77.57926,12.89734],[77.57891,12.8972],[77.57464,12.89473],[77.57326,12.89429],[77.5734,12.89404],[77.57324,12.89397],[77.57275,12.89466],[77.57189,12.89452],[77.57188,12.89422],[77.56836,12.89408],[77.57118,12.89716],[77.57282,12.89945],[77.57346,12.90184],[77.57323,12.90376],[77.57326,12.90649],[77.57549,12.90647],[77.57548,12.90505],[77.57701,12.90386],[77.57725,12.9039],[77.57689,12.90555],[77.57873,12.90555],[77.5787,12.90499],[77.57964,12.90477],[77.57962,12.90456],[77.58033,12.90442],[77.58045,12.90412],[77.58173,12.90381],[77.58171,12.9056],[77.58496,12.90517],[77.58498,12.90464],[77.58576,12.90462],[77.5858,12.90276]]]]}},{"type":"Feature","properties":{"ward_no":187,"ward_name":"Puttenahalli","assembly":"Bommana Halli","population_2011":20544,"male":11094,"female":9450,"sc":1176,"st":383,"area_km2":2.87,"density_2011":7158.2},"geometry":{"type":"MultiPolygon","coordinates":[[[[77.59398,12.89123],[77.59254,12.89143],[77.59033,12.89221],[77.58985,12.89121],[77.58862,12.89174],[77.58828,12.89155],[77.58802,12.88909],[77.58624,12.88934],[77.583,12.89033],[77.58253,12.89053],[77.58198,12.8912],[77.58186,12.89213],[77.58084,12.89211],[77.57939,12.89687],[77.58098,12.89786],[77.58271,12.89784],[77.58273,12.89867],[77.58383,12.89863],[77.58362,12.90192],[77.5858,12.90276],[77.58576,12.90462],[77.58648,12.90463],[77.58648,12.90574],[77.58829,12.90573],[77.58829,12.90525],[77.58858,12.90519],[77.58854,12.90497],[77.59009,12.90481],[77.59028,12.90572],[77.59342,12.90532],[77.59376,12.90486],[77.59402,12.90271],[77.59667,12.90249],[77.59941,12.9012],[77.59892,12.90329],[77.59902,12.9037],[77.59948,12.90387],[77.60146,12.90334],[77.60073,12.89933],[77.59812,12.89058],[77.59398,12.89123]]]]}},{"type":"Feature","properties":{"ward_no":188,"ward_name":"Bilekhalli","assembly":"Bommana Halli","population_2011":22510,"male":12050,"female":10460,"sc":3988,"st":260,"area_km2":4.24,"density_2011":5309.0},"geometry":{"type":"MultiPolygon","coordinates":[[[[77.6196,12.91255],[77.62108,12.91259],[77.62133,12.91229],[77.62109,12.91084],[77.62061,12.91013],[77.62065,12.90849],[77.62093,12.90873],[77.62144,12.90862],[77.62142,12.90843],[77.62215,12.90838],[77.62221,12.90739],[77.62286,12.90744],[77.62286,12.90683],[77.62183,12.90671],[77.6216,12.90465],[77.62052,12.90484],[77.61951,12.90234],[77.61923,12.90243],[77.61862,12.90087],[77.61995,12.90076],[77.61971,12.89826],[77.61811,12.89797],[77.61776,12.89603],[77.61718,12.89597],[77.6172,12.89441],[77.61645,12.89447],[77.61656,12.89546],[77.61548,12.89549],[77.61548,12.89489],[77.61464,12.8949],[77.61423,12.89262],[77.61508,12.89237],[77.61436,12.89119],[77.61334,12.89023],[77.61281,12.89038],[77.61257,12.88925],[77.6125,12.88692],[77.61223,12.8869],[77.61247,12.88395],[77.61011,12.88454],[77.61051,12.88685],[77.60843,12.88675],[77.60845,12.88831],[77.60749,12.88846],[77.60382,12.88981],[77.60323,12.8894],[77.60315,12.88879],[77.59953,12.89035],[77.59812,12.89058],[77.60073,12.89933],[77.60188,12.90508],[77.60178,12.90575],[77.60048,12.90742],[77.60029,12.90851],[77.60404,12.90871],[77.60389,12.90581],[77.60618,12.90563],[77.60852,12.90585],[77.60945,12.90544],[77.60934,12.90502],[77.61272,12.90449],[77.61322,12.9059],[77.61389,12.90675],[77.61526,12.90958],[77.6165,12.91543],[77.61679,12.91484],[77.61856,12.91316],[77.6196,12.91255]]]]}},{"type":"Feature","properties":{"ward_no":189,"ward_name":"Hongasandra","assembly":"Bommana Halli","population_2011":23058,"male":12307,"female":10751,"sc":1529,"st":282,"area_km2":2.16,"density_2011":10675.0},"geometry":{"type":"MultiPolygon","coordinates":[[[[77.63616,12.89524],[77.63433,12.89485],[77.63345,12.8952],[77.63276,12.89381],[77.63219,12.89372],[77.62961,12.89425],[77.62952,12.8932],[77.6303,12.89314],[77.63023,12.89264],[77.62949,12.89169],[77.62934,12.89086],[77.6287,12.89015],[77.62866,12.88808],[77.62561,12.88855],[77.6199,12.88884],[77.62019,12.88974],[77.62016,12.89113],[77.62007,12.89146],[77.61963,12.89157],[77.62028,12.89484],[77.62118,12.89669],[77.62215,12.89961],[77.62353,12.90155],[77.6242,12.90299],[77.62667,12.90371],[77.62726,12.90342],[77.62748,12.90436],[77.6294,12.90393],[77.6293,12.90359],[77.63114,12.90342],[77.631,12.90364],[77.63231,12.90394],[77.63256,12.90439],[77.63253,12.90662],[77.63524,12.90727],[77.63478,12.9061],[77.63486,12.90295],[77.63451,12.90152],[77.635,12.90156],[77.63498,12.90009],[77.63237,12.90141],[77.63616,12.89524]]]]}},{"type":"Feature","properties":{"ward_no":190,"ward_name":"Mangammanapalya","assembly":"Bommana Halli","population_2011":27391,"male":14625,"female":12766,"sc":1918,"st":159,"area_km2":3.52,"density_2011":7781.5},"geometry":{"type":"MultiPolygon","coordinates":[[[[77.65466,12.89799],[77.65519,12.89613],[77.65724,12.89405],[77.65699,12.89382],[77.65527,12.89398],[77.65402,12.89458],[77.65219,12.89445],[77.64996,12.89265],[77.64917,12.89124],[77.6487,12.88982],[77.64379,12.89063],[77.64352,12.88819],[77.63973,12.88673],[77.63896,12.88479],[77.63811,12.88505],[77.63843,12.88569],[77.63654,12.88659],[77.63533,12.88779],[77.63498,12.88768],[77.63516,12.8867],[77.63475,12.88665],[77.63475,12.88629],[77.63244,12.88615],[77.63144,12.88915],[77.63315,12.88931],[77.63431,12.8898],[77.63436,12.89214],[77.63025,12.89277],[77.6303,12.89314],[77.62952,12.8932],[77.62961,12.89425],[77.63219,12.89372],[77.63276,12.89381],[77.63345,12.8952],[77.63433,12.89485],[77.63616,12.89524],[77.63237,12.90141],[77.63498,12.90009],[77.635,12.90156],[77.63451,12.90152],[77.63486,12.90295],[77.63478,12.9061],[77.63524,12.90727],[77.63912,12.90571],[77.64197,12.90532],[77.64751,12.90392],[77.64879,12.90382],[77.64852,12.9022],[77.64885,12.8995],[77.64921,12.89974],[77.65116,12.89892],[77.65163,12.89828],[77.65466,12.89799]]]]}},{"type":"Feature","properties":{"ward_no":191,"ward_name":"Singasandra","assembly":"Bommana Halli","population_2011":21410,"male":11669,"female":9741,"sc":2955,"st":148,"area_km2":9.42,"density_2011":2272.8},"geometry":{"type":"MultiPolygon","coordinates":[[[[77.6414,12.87163],[77.64095,12.87425],[77.64037,12.87436],[77.63971,12.87632],[77.63719,12.87986],[77.63733,12.88246],[77.63811,12.88505],[77.63896,12.88479],[77.63973,12.88673],[77.64352,12.88819],[77.64379,12.89063],[77.6487,12.88982],[77.64917,12.89124],[77.65028,12.89306],[77.65186,12.89429],[77.65304,12.89464],[77.65402,12.89458],[77.65638,12.89375],[77.66075,12.89469],[77.6696,12.8937],[77.67334,12.89292],[77.67186,12.88469],[77.6748,12.88419],[77.67436,12.88044],[77.67199,12.88083],[77.67429,12.87633],[77.67545,12.87276],[77.67334,12.86988],[77.67264,12.86832],[77.66802,12.86641],[77.66634,12.86612],[77.66528,12.868],[77.65872,12.87187],[77.65802,12.8714],[77.65781,12.87039],[77.6579,12.86909],[77.65734,12.86907],[77.65734,12.86955],[77.65683,12.86955],[77.65682,12.86898],[77.65627,12.86894],[77.6559,12.86899],[77.65597,12.86973],[77.65383,12.86961],[77.6517,12.87226],[77.64831,12.87238],[77.6478,12.87187],[77.64706,12.87184],[77.64658,12.87024],[77.64417,12.87052],[77.6441,12.87014],[77.64215,12.86959],[77.6408,12.86982],[77.6414,12.87163]]]]}},{"type":"Feature","properties":{"ward_no":193,"ward_name":"Arakere","assembly":"Bommana Halli","population_2011":25003,"male":13429,"female":11574,"sc":3311,"st":258,"area_km2":6.45,"density_2011":3876.4},"geometry":{"type":"MultiPolygon","coordinates":[[[[77.59995,12.8673],[77.59995,12.86748],[77.59805,12.86759],[77.59775,12.86904],[77.59725,12.86947],[77.5963,12.87263],[77.59598,12.87291],[77.59437,12.87307],[77.59355,12.87332],[77.59327,12.87369],[77.58896,12.86985],[77.58875,12.8726],[77.58721,12.87308],[77.58614,12.87401],[77.58614,12.87428],[77.58685,12.87492],[77.58966,12.87686],[77.58969,12.87763],[77.59073,12.88109],[77.59059,12.88275],[77.59159,12.88582],[77.59174,12.88833],[77.58802,12.88909],[77.58828,12.89155],[77.58862,12.89174],[77.58985,12.89121],[77.59033,12.89221],[77.59254,12.89143],[77.59953,12.89035],[77.60315,12.88879],[77.60323,12.8894],[77.60382,12.88981],[77.60749,12.88846],[77.60845,12.88831],[77.60843,12.88675],[77.61051,12.88685],[77.61011,12.88454],[77.61247,12.88395],[77.61223,12.8869],[77.61526,12.88673],[77.61531,12.88761],[77.61599,12.88748],[77.61588,12.88651],[77.61735,12.88621],[77.61742,12.88648],[77.61862,12.88625],[77.61826,12.88479],[77.61788,12.8847],[77.61763,12.88171],[77.61898,12.88112],[77.61902,12.88076],[77.61863,12.8795],[77.61812,12.87935],[77.61807,12.87896],[77.61848,12.87887],[77.61824,12.87781],[77.6178,12.87715],[77.61791,12.8764],[77.61777,12.87601],[77.61539,12.87623],[77.6152,12.8726],[77.6145,12.87099],[77.61478,12.87062],[77.61336,12.86793],[77.6088,12.86835],[77.60904,12.87043],[77.60694,12.87101],[77.60516,12.86808],[77.60461,12.86687],[77.6045,12.86541],[77.60419,12.86492],[77.60392,12.86481],[77.60267,12.86672],[77.5999,12.86682],[77.59995,12.8673]]]]}},{"type":"Feature","properties":{"ward_no":184,"ward_name":"Uttarahalli","assembly":"Bangalore South","population_2011":21845,"male":11461,"female":10384,"sc":3960,"st":449,"area_km2":8.99,"density_2011":2429.9},"geometry":{"type":"MultiPolygon","coordinates":[[[[77.53897,12.92019],[77.5386,12.91937],[77.53886,12.91874],[77.53838,12.91813],[77.53923,12.9176],[77.54185,12.9189],[77.54197,12.91849],[77.54331,12.91762],[77.54472,12.91754],[77.5448,12.9183],[77.54673,12.91805],[77.546,12.91625],[77.54575,12.91588],[77.54532,12.91597],[77.54531,12.91541],[77.54703,12.91493],[77.54657,12.91316],[77.54637,12.91249],[77.54594,12.91261],[77.54583,12.91221],[77.5451,12.91234],[77.54499,12.91167],[77.54468,12.91172],[77.54441,12.91013],[77.5471,12.91085],[77.54708,12.90975],[77.54922,12.90915],[77.54959,12.90937],[77.54976,12.90895],[77.5484,12.9055],[77.54825,12.9034],[77.54906,12.90425],[77.5503,12.904],[77.55054,12.90414],[77.55038,12.90446],[77.55138,12.90386],[77.55222,12.90398],[77.55322,12.90347],[77.55275,12.90198],[77.55111,12.90205],[77.55114,12.90138],[77.55164,12.90087],[77.55168,12.90031],[77.55134,12.90042],[77.55054,12.90169],[77.55062,12.90064],[77.55015,12.90047],[77.54946,12.89795],[77.54811,12.89447],[77.54806,12.89307],[77.5485,12.89113],[77.54993,12.88887],[77.54601,12.88477],[77.54438,12.88109],[77.53914,12.88129],[77.53796,12.88323],[77.53338,12.88618],[77.53239,12.88716],[77.52818,12.88595],[77.52129,12.88551],[77.51774,12.89321],[77.51848,12.89343],[77.51895,12.8928],[77.52106,12.89358],[77.52114,12.89484],[77.52056,12.89676],[77.52115,12.89767],[77.52254,12.89732],[77.52297,12.89764],[77.52341,12.89763],[77.52475,12.89724],[77.52498,12.89669],[77.52442,12.89585],[77.52478,12.89544],[77.52531,12.89538],[77.52578,12.89583],[77.52664,12.8953],[77.52916,12.89519],[77.53066,12.8946],[77.53123,12.89467],[77.53128,12.89523],[77.53253,12.89766],[77.53412,12.89896],[77.53457,12.89908],[77.53449,12.90327],[77.53405,12.90344],[77.5341,12.90471],[77.53216,12.90503],[77.5311,12.90428],[77.52981,12.90491],[77.52888,12.90508],[77.52591,12.90408],[77.52569,12.90429],[77.52556,12.90557],[77.5245,12.90647],[77.52456,12.90669],[77.52684,12.90667],[77.52736,12.91022],[77.52847,12.91382],[77.52811,12.91387],[77.5292,12.9196],[77.52821,12.92147],[77.52837,12.92159],[77.53111,12.92069],[77.5376,12.92053],[77.53897,12.92019]]]]}},{"type":"Feature","properties":{"ward_no":185,"ward_name":"Yelchenahalli","assembly":"Bangalore South","population_2011":28000,"male":14896,"female":13104,"sc":2108,"st":249,"area_km2":1.58,"density_2011":17721.5},"geometry":{"type":"MultiPolygon","coordinates":[[[[77.57251,12.90657],[77.57326,12.90649],[77.57338,12.90558],[77.57323,12.90376],[77.57346,12.90184],[77.57285,12.89954],[77.57118,12.89716],[77.56813,12.89381],[77.56241,12.89425],[77.56103,12.89366],[77.56098,12.89324],[77.55948,12.89349],[77.55992,12.89578],[77.56123,12.89929],[77.56011,12.90025],[77.56013,12.9005],[77.57023,12.90869],[77.57175,12.9069],[77.57251,12.90657]]]]}},{"type":"Feature","properties":{"ward_no":192,"ward_name":"Begur","assembly":"Bangalore South","population_2011":19287,"male":9899,"female":9388,"sc":3488,"st":148,"area_km2":18.8,"density_2011":1025.9},"geometry":{"type":"MultiPolygon","coordinates":[[[[77.63315,12.88931],[77.63144,12.88915],[77.63244,12.88615],[77.63475,12.88629],[77.63475,12.88665],[77.63516,12.8867],[77.63498,12.88768],[77.63527,12.8878],[77.63654,12.88659],[77.63843,12.88569],[77.63733,12.88246],[77.63718,12.87991],[77.63971,12.87632],[77.64037,12.87436],[77.64095,12.87425],[77.64141,12.87147],[77.6408,12.86982],[77.64215,12.86959],[77.6441,12.87014],[77.64417,12.87052],[77.64658,12.87024],[77.64706,12.87184],[77.6478,12.87187],[77.64831,12.87238],[77.6517,12.87226],[77.65383,12.86961],[77.65597,12.86973],[77.6559,12.86899],[77.65682,12.86898],[77.65683,12.86955],[77.65734,12.86955],[77.65734,12.86907],[77.6579,12.86909],[77.65781,12.87039],[77.65802,12.8714],[77.65872,12.87187],[77.66461,12.8685],[77.66576,12.86737],[77.66634,12.86612],[77.66394,12.86247],[77.66172,12.86017],[77.65771,12.85746],[77.65166,12.85593],[77.65106,12.85524],[77.65132,12.85407],[77.65129,12.85348],[77.65098,12.85318],[77.65038,12.85327],[77.64972,12.85425],[77.64945,12.85433],[77.649,12.85409],[77.64805,12.85281],[77.64796,12.85314],[77.64742,12.85351],[77.64687,12.85314],[77.64635,12.85396],[77.64516,12.85382],[77.6444,12.85235],[77.64328,12.85139],[77.64275,12.85359],[77.64198,12.86132],[77.64181,12.86531],[77.64165,12.86566],[77.6401,12.86614],[77.63954,12.86587],[77.63897,12.86439],[77.63839,12.86383],[77.63595,12.86363],[77.63503,12.86302],[77.63445,12.86218],[77.63168,12.86181],[77.6307,12.86106],[77.62871,12.85845],[77.62835,12.85831],[77.6227,12.85897],[77.61902,12.85909],[77.6177,12.85891],[77.61732,12.85761],[77.61665,12.85655],[77.61382,12.85499],[77.61367,12.85259],[77.6133,12.85116],[77.61174,12.84696],[77.61146,12.84695],[77.61084,12.84808],[77.60926,12.84877],[77.60719,12.84889],[77.60516,12.84868],[77.60215,12.84916],[77.60091,12.84898],[77.59596,12.84949],[77.59522,12.8493],[77.59358,12.84816],[77.59174,12.83709],[77.59182,12.83494],[77.59092,12.83553],[77.59039,12.83558],[77.58923,12.83533],[77.58743,12.83409],[77.58605,12.83415],[77.58294,12.83665],[77.58351,12.84029],[77.58498,12.84478],[77.58625,12.84549],[77.58807,12.84758],[77.5902,12.85037],[77.59113,12.85205],[77.59307,12.85168],[77.59339,12.85906],[77.59481,12.86102],[77.59163,12.86203],[77.59047,12.86349],[77.58925,12.86342],[77.58618,12.86726],[77.58763,12.86927],[77.58896,12.86985],[77.59327,12.87369],[77.59355,12.87332],[77.59622,12.87276],[77.59725,12.86947],[77.59775,12.86904],[77.59805,12.86759],[77.59995,12.86748],[77.5999,12.86682],[77.60267,12.86672],[77.60392,12.86481],[77.60437,12.86504],[77.60461,12.86687],[77.60516,12.86808],[77.60694,12.87101],[77.60904,12.87043],[77.6088,12.86835],[77.61336,12.86793],[77.61478,12.87062],[77.6145,12.87099],[77.6152,12.8726],[77.61539,12.87623],[77.61777,12.87601],[77.61791,12.8764],[77.6178,12.87715],[77.61824,12.87781],[77.61848,12.87887],[77.61807,12.87896],[77.61812,12.87935],[77.61863,12.8795],[77.61902,12.88076],[77.61898,12.88112],[77.61764,12.8817],[77.61777,12.88408],[77.61789,12.88472],[77.61826,12.88479],[77.61881,12.88699],[77.6195,12.88845],[77.6199,12.88884],[77.62131,12.88865],[77.62153,12.88883],[77.62866,12.88808],[77.6287,12.89015],[77.62934,12.89086],[77.62949,12.89169],[77.62995,12.89204],[77.63025,12.89277],[77.63436,12.89214],[77.63431,12.8898],[77.63315,12.88931]]]]}},{"type":"Feature","properties":{"ward_no":194,"ward_name":"Gottigere","assembly":"Bangalore South","population_2011":21526,"male":11402,"female":10124,"sc":3487,"st":891,"area_km2":6.49,"density_2011":3316.8},"geometry":{"type":"MultiPolygon","coordinates":[[[[77.58969,12.8772],[77.58966,12.87686],[77.58614,12.87428],[77.58614,12.87401],[77.58721,12.87308],[77.58875,12.8726],[77.58896,12.86985],[77.58763,12.86927],[77.58618,12.86726],[77.58925,12.86342],[77.59047,12.86349],[77.59163,12.86203],[77.59481,12.86102],[77.59339,12.85906],[77.59307,12.85168],[77.59113,12.85205],[77.5902,12.85037],[77.58807,12.84758],[77.58625,12.84549],[77.58498,12.84478],[77.58351,12.84029],[77.58294,12.83665],[77.58061,12.83786],[77.57461,12.83912],[77.57616,12.84348],[77.57818,12.84705],[77.58204,12.86006],[77.57213,12.86082],[77.5724,12.86604],[77.56995,12.86617],[77.56953,12.86648],[77.57054,12.86996],[77.57043,12.87186],[77.57089,12.87689],[77.571,12.87726],[77.57195,12.87712],[77.57306,12.87628],[77.57417,12.87602],[77.57497,12.87657],[77.57622,12.87636],[77.57734,12.87662],[77.57747,12.87626],[77.57961,12.87495],[77.58168,12.87534],[77.58251,12.87733],[77.58551,12.87702],[77.58552,12.87857],[77.59069,12.88143],[77.59043,12.87958],[77.58969,12.8772]]]]}},{"type":"Feature","properties":{"ward_no":195,"ward_name":"Konankunte","assembly":"Bangalore South","population_2011":20181,"male":10662,"female":9519,"sc":1032,"st":173,"area_km2":3.42,"density_2011":5900.9},"geometry":{"type":"MultiPolygon","coordinates":[[[[77.57939,12.89687],[77.58084,12.89211],[77.58186,12.89213],[77.58194,12.89127],[77.58253,12.89053],[77.58624,12.88934],[77.5907,12.88866],[77.59175,12.88828],[77.59159,12.88582],[77.59056,12.88256],[77.59069,12.88143],[77.58552,12.87857],[77.58551,12.87702],[77.58251,12.87733],[77.5818,12.87543],[77.57961,12.87495],[77.57734,12.87639],[77.57659,12.87837],[77.57624,12.88068],[77.57569,12.88191],[77.57286,12.88221],[77.57296,12.883],[77.57201,12.88305],[77.57206,12.88333],[77.56993,12.88368],[77.57045,12.88527],[77.56693,12.88556],[77.56657,12.88625],[77.56708,12.88622],[77.56715,12.88664],[77.56881,12.88661],[77.56865,12.88886],[77.56958,12.88889],[77.56943,12.89005],[77.57156,12.89027],[77.57208,12.89214],[77.57189,12.89452],[77.57275,12.89466],[77.57324,12.89397],[77.5734,12.89404],[77.57326,12.89429],[77.57464,12.89473],[77.57891,12.8972],[77.57926,12.89734],[77.57939,12.89687]]]]}},{"type":"Feature","properties":{"ward_no":196,"ward_name":"Anjanapura","assembly":"Bangalore South","population_2011":21080,"male":10787,"female":10293,"sc":2671,"st":226,"area_km2":11.92,"density_2011":1768.5},"geometry":{"type":"MultiPolygon","coordinates":[[[[77.58204,12.86006],[77.57818,12.84705],[77.57616,12.84348],[77.57461,12.83912],[77.57004,12.84016],[77.56765,12.84031],[77.56588,12.84032],[77.56348,12.83974],[77.5628,12.8398],[77.55983,12.84166],[77.55719,12.84184],[77.55698,12.84221],[77.557,12.84434],[77.55676,12.84502],[77.55415,12.84812],[77.55316,12.84889],[77.55077,12.84919],[77.54601,12.8485],[77.54521,12.849],[77.54572,12.85021],[77.54492,12.85116],[77.54597,12.85301],[77.54597,12.85435],[77.54674,12.85553],[77.54614,12.8565],[77.54623,12.85755],[77.54535,12.85871],[77.54523,12.85943],[77.54633,12.86134],[77.54653,12.86265],[77.54811,12.86357],[77.5486,12.86418],[77.54858,12.86458],[77.54805,12.86502],[77.54847,12.86683],[77.54972,12.86719],[77.55055,12.86803],[77.55056,12.869],[77.54984,12.87021],[77.54981,12.8713],[77.5512,12.87347],[77.55086,12.87569],[77.55125,12.87598],[77.55114,12.87658],[77.55207,12.87718],[77.55468,12.87711],[77.55564,12.8759],[77.55906,12.87615],[77.56072,12.87531],[77.56161,12.87661],[77.56246,12.87738],[77.56294,12.87752],[77.56385,12.87751],[77.56681,12.87653],[77.56725,12.87663],[77.56796,12.87839],[77.56775,12.87919],[77.56752,12.87926],[77.56732,12.87882],[77.56604,12.87905],[77.56611,12.88036],[77.56365,12.88128],[77.56308,12.88126],[77.56299,12.88177],[77.56266,12.88199],[77.56311,12.8831],[77.56608,12.88255],[77.56673,12.88394],[77.56693,12.88556],[77.57045,12.88527],[77.56993,12.88368],[77.57206,12.88333],[77.57201,12.88305],[77.57296,12.883],[77.57286,12.88221],[77.57569,12.88191],[77.57652,12.87959],[77.57659,12.87837],[77.57728,12.87692],[77.57734,12.87662],[77.57647,12.87638],[77.5748,12.87653],[77.57417,12.87602],[77.57306,12.87628],[77.57195,12.87712],[77.571,12.87726],[77.57066,12.87546],[77.57043,12.87186],[77.57054,12.86996],[77.56953,12.86648],[77.56995,12.86617],[77.5724,12.86604],[77.57213,12.86082],[77.58204,12.86006]]]]}},{"type":"Feature","properties":{"ward_no":1,"ward_name":"Kempegowda Ward","assembly":"Yelahanka","population_2011":21866,"male":11490,"female":10376,"sc":1912,"st":430,"area_km2":10.47,"density_2011":2088.4},"geometry":{"type":"MultiPolygon","coordinates":[[[[77.61515,13.13117],[77.61437,13.12849],[77.61141,13.12164],[77.61094,13.11677],[77.61115,13.11368],[77.61046,13.11152],[77.61002,13.11067],[77.60974,13.11054],[77.60989,13.10823],[77.60924,13.10753],[77.60869,13.10745],[77.6089,13.10459],[77.60835,13.10458],[77.60851,13.10207],[77.6031,13.10219],[77.60231,13.10292],[77.6014,13.10312],[77.60015,13.10286],[77.59935,13.09984],[77.6022,13.09935],[77.60237,13.09901],[77.60218,13.09862],[77.60254,13.09803],[77.60242,13.09764],[77.60102,13.09767],[77.60028,13.09708],[77.59968,13.09692],[77.60063,13.09483],[77.60129,13.092],[77.60284,13.08978],[77.60346,13.08764],[77.60408,13.08699],[77.60418,13.08653],[77.60334,13.08641],[77.60287,13.08605],[77.60225,13.08303],[77.5972,13.08372],[77.59365,13.0847],[77.59587,13.08982],[77.59631,13.09178],[77.59611,13.094],[77.59559,13.09581],[77.59522,13.09636],[77.59444,13.09517],[77.59229,13.0972],[77.5936,13.10024],[77.59283,13.10192],[77.59461,13.10238],[77.59472,13.10366],[77.59649,13.10345],[77.59723,13.10366],[77.59703,13.10405],[77.59609,13.10424],[77.59597,13.10468],[77.59549,13.10505],[77.5951,13.10721],[77.59339,13.11002],[77.59113,13.1118],[77.59075,13.11184],[77.59049,13.11255],[77.58971,13.11274],[77.58957,13.1121],[77.59043,13.11149],[77.59046,13.11111],[77.58972,13.11099],[77.58946,13.11155],[77.58852,13.11122],[77.58743,13.11315],[77.58698,13.11445],[77.58629,13.11977],[77.58745,13.12069],[77.58792,13.1217],[77.58778,13.12667],[77.58806,13.12718],[77.58832,13.12927],[77.58788,13.1303],[77.5851,13.13163],[77.58325,13.13481],[77.59126,13.13512],[77.59162,13.13481],[77.60365,13.13474],[77.60545,13.13412],[77.61145,13.13404],[77.61367,13.13262],[77.61515,13.13117]]]]}},{"type":"Feature","properties":{"ward_no":52,"ward_name":"K R Puram","assembly":"K.R. Puram","population_2011":26485,"male":13912,"female":12573,"sc":2483,"st":491,"area_km2":5.12,"density_2011":5172.9},"geometry":{"type":"MultiPolygon","coordinates":[[[[77.69573,13.00835],[77.69262,13.0082],[77.68977,13.00758],[77.68511,13.00515],[77.68211,13.00995],[77.68068,13.01102],[77.68073,13.01121],[77.68214,13.01112],[77.6827,13.01158],[77.68267,13.01409],[77.68506,13.01462],[77.68552,13.01539],[77.68569,13.01665],[77.68619,13.01657],[77.68631,13.01727],[77.68871,13.01739],[77.68864,13.01866],[77.69011,13.01868],[77.68996,13.0198],[77.69119,13.01979],[77.69102,13.02246],[77.69204,13.02245],[77.69204,13.0241],[77.69419,13.024],[77.69434,13.02726],[77.69891,13.02846],[77.70147,13.02861],[77.70149,13.02717],[77.70533,13.02871],[77.70654,13.02859],[77.70788,13.02744],[77.7094,13.02766],[77.71103,13.02895],[77.71163,13.0275],[77.71208,13.02416],[77.71342,13.02242],[77.7132,13.02229],[77.71442,13.02037],[77.71407,13.02041],[77.71365,13.01944],[77.71182,13.01816],[77.71152,13.01718],[77.71181,13.01659],[77.7112,13.0158],[77.71124,13.01513],[77.71074,13.01474],[77.71072,13.01435],[77.70784,13.01388],[77.70704,13.01332],[77.70594,13.01305],[77.70541,13.01338],[77.70261,13.0134],[77.70249,13.01035],[77.70218,13.0106],[77.70072,13.01029],[77.6982,13.00914],[77.69774,13.00943],[77.69744,13.0092],[77.69685,13.00949],[77.69573,13.00835]]]]}},{"type":"Feature","properties":{"ward_no":129,"ward_name":"Jnana Bharathi ward","assembly":"Rajarajeswari Nagar","population_2011":25889,"male":13758,"female":12131,"sc":3732,"st":649,"area_km2":12.19,"density_2011":2123.8},"geometry":{"type":"MultiPolygon","coordinates":[[[[77.50557,12.98972],[77.50851,12.98891],[77.50942,12.98812],[77.51086,12.98837],[77.51224,12.98797],[77.51176,12.98641],[77.5108,12.98481],[77.51078,12.98363],[77.51104,12.98265],[77.51095,12.98046],[77.51001,12.97659],[77.50882,12.97366],[77.50671,12.97046],[77.50494,12.96611],[77.50483,12.96498],[77.50511,12.96347],[77.50438,12.96047],[77.50495,12.96035],[77.51143,12.96112],[77.51548,12.95961],[77.51447,12.9577],[77.5132,12.9582],[77.51208,12.95922],[77.51176,12.95917],[77.51207,12.9584],[77.51187,12.95709],[77.51208,12.95646],[77.51178,12.95565],[77.51228,12.95474],[77.51132,12.95337],[77.51156,12.9517],[77.51112,12.95015],[77.51283,12.94866],[77.51299,12.94786],[77.51517,12.9468],[77.51694,12.94484],[77.51712,12.94433],[77.51694,12.94406],[77.51629,12.94401],[77.51573,12.94222],[77.51481,12.94192],[77.51459,12.94066],[77.51476,12.93995],[77.51402,12.9388],[77.51283,12.93821],[77.51297,12.93743],[77.51393,12.93582],[77.51166,12.93516],[77.51062,12.93455],[77.50832,12.93254],[77.50646,12.9313],[77.50545,12.92972],[77.50354,12.92899],[77.5023,12.92754],[77.49914,12.92522],[77.49859,12.92771],[77.49857,12.93083],[77.4991,12.93075],[77.49994,12.93545],[77.49908,12.93573],[77.49959,12.9379],[77.49938,12.93838],[77.49717,12.93996],[77.49937,12.94359],[77.4999,12.94339],[77.5001,12.94431],[77.4992,12.94466],[77.49961,12.94639],[77.49808,12.94684],[77.49659,12.94697],[77.49675,12.94732],[77.49285,12.94764],[77.49028,12.94749],[77.48864,12.94899],[77.48866,12.94941],[77.486,12.9512],[77.48467,12.95158],[77.48508,12.95203],[77.48509,12.95264],[77.48562,12.95323],[77.48567,12.95504],[77.48502,12.95542],[77.48505,12.9564],[77.48552,12.95786],[77.48609,12.96315],[77.48993,12.96204],[77.49005,12.96299],[77.49179,12.96259],[77.49197,12.96212],[77.49208,12.96252],[77.49292,12.96286],[77.49523,12.96239],[77.49581,12.96371],[77.49634,12.96435],[77.4968,12.96453],[77.49632,12.96544],[77.49682,12.96707],[77.49671,12.96768],[77.49722,12.96821],[77.49837,12.96869],[77.49881,12.96946],[77.49806,12.96977],[77.49847,12.9702],[77.49814,12.97026],[77.49641,12.97],[77.49304,12.97048],[77.49317,12.97373],[77.49283,12.97885],[77.49309,12.98085],[77.49502,12.98669],[77.49574,12.98821],[77.49819,12.98886],[77.49986,12.98892],[77.50282,12.99002],[77.50396,12.99021],[77.50557,12.98972]]]]}},{"type":"Feature","properties":{"ward_no":170,"ward_name":"Jayanagar East","assembly":"Jaya Nagar","population_2011":30846,"male":15964,"female":14882,"sc":5274,"st":188,"area_km2":1.01,"density_2011":30540.6},"geometry":{"type":"MultiPolygon","coordinates":[[[[77.60052,12.92835],[77.60015,12.92091],[77.6023,12.92107],[77.60251,12.92143],[77.60392,12.92141],[77.60475,12.92057],[77.6048,12.91951],[77.60513,12.91959],[77.60539,12.91825],[77.60532,12.91664],[77.59329,12.9169],[77.59332,12.91898],[77.59263,12.91898],[77.59297,12.92015],[77.59336,12.92053],[77.59346,12.92324],[77.59705,12.92314],[77.59716,12.92694],[77.59535,12.92699],[77.59539,12.92846],[77.60052,12.92835]]]]}},{"type":"Feature","properties":{"ward_no":171,"ward_name":"Gurappanapalya","assembly":"Jaya Nagar","population_2011":35828,"male":18839,"female":16989,"sc":950,"st":87,"area_km2":0.68,"density_2011":52688.2},"geometry":{"type":"MultiPolygon","coordinates":[[[[77.60492,12.92797],[77.60477,12.92742],[77.60437,12.92743],[77.60476,12.92722],[77.60449,12.92632],[77.60504,12.92601],[77.60488,12.92518],[77.60578,12.92532],[77.60628,12.92566],[77.60699,12.92546],[77.60698,12.92505],[77.60857,12.92487],[77.60878,12.92374],[77.60853,12.92364],[77.6089,12.92242],[77.60803,12.91996],[77.60728,12.91659],[77.60532,12.91664],[77.60539,12.91825],[77.60513,12.91959],[77.6048,12.91951],[77.60475,12.92057],[77.60392,12.92141],[77.60251,12.92143],[77.6023,12.92107],[77.60015,12.92091],[77.60049,12.92662],[77.60103,12.92666],[77.60328,12.92799],[77.60492,12.92797]]]]}},{"type":"Feature","properties":{"ward_no":183,"ward_name":"Chikkalsandra","assembly":"Padmanaba Nagar","population_2011":24677,"male":12995,"female":11682,"sc":519,"st":145,"area_km2":1.09,"density_2011":22639.4},"geometry":{"type":"MultiPolygon","coordinates":[[[[77.55332,12.92393],[77.55628,12.92298],[77.55578,12.92138],[77.55565,12.921],[77.55431,12.921],[77.55356,12.92065],[77.5526,12.91964],[77.55214,12.91977],[77.55196,12.91788],[77.55061,12.91583],[77.54801,12.91649],[77.5486,12.91807],[77.5448,12.9183],[77.54472,12.91754],[77.54331,12.91762],[77.54197,12.91849],[77.54347,12.92189],[77.54345,12.92309],[77.54434,12.92604],[77.54483,12.92588],[77.54538,12.92721],[77.54583,12.92736],[77.54624,12.92807],[77.55026,12.92519],[77.55332,12.92393]]]]}},{"type":"Feature","properties":{"ward_no":197,"ward_name":"Vasanthpura","assembly":"Bangalore South","population_2011":24522,"male":13057,"female":11465,"sc":2425,"st":483,"area_km2":5.34,"density_2011":4592.1},"geometry":{"type":"MultiPolygon","coordinates":[[[[77.55322,12.90347],[77.55508,12.9034],[77.55636,12.90299],[77.55619,12.90225],[77.5567,12.90213],[77.55572,12.89889],[77.55569,12.89804],[77.55529,12.89775],[77.55579,12.89741],[77.55492,12.89637],[77.55817,12.89491],[77.55846,12.89525],[77.55895,12.89517],[77.55914,12.89428],[77.55963,12.8942],[77.55948,12.89349],[77.56098,12.89324],[77.56103,12.89366],[77.56241,12.89425],[77.56813,12.89381],[77.56836,12.89408],[77.57179,12.89423],[77.57208,12.89214],[77.57156,12.89027],[77.56943,12.89005],[77.56958,12.88889],[77.56865,12.88886],[77.56881,12.88661],[77.56715,12.88664],[77.56708,12.88622],[77.56657,12.88625],[77.56693,12.88556],[77.56692,12.88488],[77.56608,12.88255],[77.56339,12.88311],[77.56311,12.8831],[77.56275,12.88254],[77.56266,12.88199],[77.56299,12.88177],[77.56308,12.88126],[77.56365,12.88128],[77.56611,12.88036],[77.56604,12.87905],[77.56732,12.87882],[77.56752,12.87926],[77.56775,12.87919],[77.56796,12.87839],[77.56725,12.87663],[77.56681,12.87653],[77.56385,12.87751],[77.56294,12.87752],[77.56246,12.87738],[77.56161,12.87661],[77.56072,12.87531],[77.55906,12.87615],[77.55564,12.8759],[77.55468,12.87711],[77.55207,12.87718],[77.55133,12.87676],[77.55077,12.87864],[77.55073,12.88114],[77.54983,12.8828],[77.55004,12.88463],[77.54951,12.88531],[77.54757,12.88636],[77.54993,12.88887],[77.5485,12.89113],[77.54806,12.89307],[77.54811,12.89447],[77.54946,12.89795],[77.55015,12.90047],[77.55062,12.90064],[77.55054,12.90169],[77.55134,12.90042],[77.55168,12.90031],[77.55164,12.90087],[77.55114,12.90138],[77.55111,12.90205],[77.55275,12.90198],[77.55322,12.90347]]],[[[77.54741,12.91821],[77.5486,12.91807],[77.54803,12.91647],[77.55061,12.91583],[77.55049,12.91535],[77.55229,12.91497],[77.55358,12.91441],[77.55229,12.9118],[77.5542,12.91137],[77.55487,12.91159],[77.5559,12.91154],[77.55487,12.90954],[77.55467,12.90954],[77.55357,12.90633],[77.54926,12.90779],[77.54976,12.90895],[77.54959,12.90937],[77.54922,12.90915],[77.54708,12.90975],[77.5471,12.91085],[77.54441,12.91013],[77.54468,12.91172],[77.54499,12.91167],[77.5451,12.91234],[77.54583,12.91221],[77.54594,12.91261],[77.54637,12.91249],[77.54703,12.91493],[77.54531,12.91541],[77.54532,12.91597],[77.54575,12.91588],[77.546,12.91625],[77.54679,12.91833],[77.54741,12.91821]]]]}},{"type":"Feature","properties":{"ward_no":177,"ward_name":"J P Nagar","assembly":"Jaya Nagar","population_2011":28508,"male":14747,"female":13761,"sc":2497,"st":457,"area_km2":1.79,"density_2011":15926.3},"geometry":{"type":"MultiPolygon","coordinates":[[[[77.59329,12.9169],[77.6001,12.91675],[77.59993,12.91656],[77.59996,12.91229],[77.60034,12.90801],[77.60053,12.90734],[77.60169,12.90589],[77.6019,12.90524],[77.60146,12.90334],[77.59948,12.90387],[77.59895,12.90362],[77.59944,12.90119],[77.59667,12.90249],[77.59402,12.90271],[77.59376,12.90486],[77.59342,12.90532],[77.59362,12.9074],[77.59317,12.90747],[77.59332,12.91023],[77.5857,12.91057],[77.58584,12.91714],[77.59329,12.9169]]]]}},{"type":"Feature","properties":{"ward_no":172,"ward_name":"Madivala","assembly":"B.T.M. Layout","population_2011":35155,"male":19121,"female":16034,"sc":2658,"st":555,"area_km2":1.16,"density_2011":30306.0},"geometry":{"type":"MultiPolygon","coordinates":[[[[77.61399,12.92347],[77.61461,12.92351],[77.61467,12.92377],[77.6158,12.92327],[77.61627,12.92464],[77.61657,12.92478],[77.61713,12.92383],[77.61823,12.92442],[77.62274,12.91731],[77.61936,12.91626],[77.60728,12.91659],[77.60803,12.91996],[77.6089,12.92242],[77.60853,12.92364],[77.60878,12.92374],[77.60857,12.92487],[77.6091,12.92505],[77.61024,12.92491],[77.61399,12.92347]]]]}},{"type":"Feature","properties":{"ward_no":26,"ward_name":"Ramamurthy Nagar","assembly":"K.R. Puram","population_2011":21999,"male":11330,"female":10669,"sc":3489,"st":247,"area_km2":7.87,"density_2011":2795.3},"geometry":{"type":"MultiPolygon","coordinates":[[[[77.68336,13.05192],[77.68384,13.05067],[77.68413,13.04687],[77.68409,13.04286],[77.68343,13.03815],[77.68251,13.0365],[77.68207,13.02622],[77.68168,13.02293],[77.68675,13.02308],[77.69171,13.0276],[77.69434,13.02726],[77.69419,13.024],[77.69204,13.0241],[77.69204,13.02245],[77.69102,13.02246],[77.69119,13.01979],[77.68996,13.0198],[77.69011,13.01868],[77.68864,13.01866],[77.68871,13.01739],[77.68631,13.01727],[77.68619,13.01657],[77.68569,13.01665],[77.68552,13.01539],[77.68506,13.01462],[77.68267,13.01409],[77.6827,13.01158],[77.68253,13.01134],[77.68192,13.01108],[77.68073,13.01121],[77.68068,13.01102],[77.67885,13.0117],[77.67683,13.01147],[77.67711,13.01247],[77.67818,13.01358],[77.67503,13.01479],[77.67517,13.01545],[77.67564,13.01534],[77.67589,13.01714],[77.6755,13.01725],[77.67612,13.01922],[77.67454,13.01999],[77.67552,13.02055],[77.67548,13.02217],[77.67283,13.02244],[77.6727,13.02228],[77.67104,13.02394],[77.66614,13.03015],[77.66539,13.03172],[77.66466,13.0324],[77.66357,13.03286],[77.66294,13.03546],[77.66261,13.03964],[77.66301,13.04503],[77.66407,13.04497],[77.66545,13.04548],[77.66627,13.04552],[77.6677,13.04486],[77.66897,13.04544],[77.66999,13.04901],[77.67184,13.05109],[77.6723,13.05099],[77.67269,13.05145],[77.67475,13.05176],[77.67598,13.05238],[77.67796,13.05414],[77.67982,13.05323],[77.68276,13.05233],[77.68336,13.05192]]]]}},{"type":"Feature","properties":{"ward_no":25,"ward_name":"Horamavu","assembly":"K.R. Puram","population_2011":28167,"male":14696,"female":13471,"sc":5677,"st":666,"area_km2":17.32,"density_2011":1626.3},"geometry":{"type":"MultiPolygon","coordinates":[[[[77.64931,13.07853],[77.64993,13.07701],[77.65065,13.07652],[77.65091,13.07568],[77.65021,13.07366],[77.6502,13.07234],[77.65042,13.07195],[77.65046,13.07057],[77.65066,13.07056],[77.65093,13.06994],[77.65101,13.06884],[77.65085,13.06732],[77.651,13.06513],[77.65082,13.06498],[77.65073,13.06249],[77.65094,13.06003],[77.65086,13.05981],[77.64842,13.05995],[77.64838,13.05819],[77.64779,13.05811],[77.64721,13.05691],[77.64627,13.05572],[77.64626,13.05502],[77.64726,13.05311],[77.64712,13.05128],[77.64655,13.05058],[77.64662,13.04965],[77.64698,13.04922],[77.6482,13.04905],[77.65176,13.04769],[77.65275,13.04764],[77.65434,13.04782],[77.65499,13.04941],[77.65461,13.05073],[77.65474,13.05155],[77.65443,13.05264],[77.65484,13.05357],[77.65449,13.05428],[77.6547,13.05448],[77.65484,13.05598],[77.65451,13.05597],[77.65472,13.05708],[77.65432,13.05811],[77.65485,13.05877],[77.65545,13.07107],[77.65571,13.07106],[77.65564,13.07267],[77.65526,13.0738],[77.65554,13.07415],[77.65568,13.07512],[77.65647,13.07466],[77.65788,13.07277],[77.65881,13.0701],[77.66007,13.06884],[77.66469,13.06817],[77.66659,13.06737],[77.66686,13.06569],[77.66655,13.06429],[77.66532,13.06263],[77.66476,13.05932],[77.66423,13.05822],[77.66438,13.05556],[77.66301,13.05238],[77.66288,13.05048],[77.66449,13.05044],[77.66635,13.04975],[77.66735,13.04966],[77.66964,13.04982],[77.6712,13.051],[77.67174,13.05178],[77.67269,13.05145],[77.6723,13.05099],[77.67184,13.05109],[77.67147,13.0508],[77.66999,13.04901],[77.66897,13.04544],[77.6677,13.04486],[77.66627,13.04552],[77.66545,13.04548],[77.66407,13.04497],[77.66301,13.04503],[77.66261,13.03964],[77.66294,13.03546],[77.66357,13.03286],[77.66466,13.0324],[77.66539,13.03172],[77.66614,13.03015],[77.67104,13.02394],[77.6727,13.02228],[77.67283,13.02244],[77.67548,13.02217],[77.67552,13.02055],[77.67454,13.01999],[77.67612,13.01922],[77.6755,13.01725],[77.67589,13.01714],[77.67564,13.01534],[77.67517,13.01545],[77.67503,13.01479],[77.67818,13.01358],[77.67711,13.01247],[77.67683,13.01147],[77.66958,13.01178],[77.66549,13.01243],[77.66224,13.01328],[77.66204,13.01587],[77.66152,13.01652],[77.63979,13.02574],[77.63536,13.02667],[77.63265,13.02763],[77.63348,13.02872],[77.63614,13.02784],[77.63743,13.02798],[77.63796,13.03013],[77.63931,13.03145],[77.64105,13.03434],[77.64217,13.034],[77.64327,13.03407],[77.64324,13.03593],[77.64497,13.03585],[77.64438,13.03635],[77.64388,13.03903],[77.64233,13.03904],[77.64147,13.03961],[77.64141,13.04132],[77.64178,13.04219],[77.64131,13.04264],[77.63881,13.04335],[77.63783,13.04316],[77.63668,13.04251],[77.63607,13.04418],[77.637,13.05342],[77.6372,13.06011],[77.63663,13.06702],[77.63792,13.07452],[77.6385,13.07552],[77.64071,13.07786],[77.64207,13.07777],[77.64374,13.08094],[77.6465,13.08523],[77.64887,13.0825],[77.64931,13.07853]]]]}},{"type":"Feature","properties":{"ward_no":86,"ward_name":"Marathahalli","assembly":"Mahadevapura","population_2011":22489,"male":11967,"female":10522,"sc":4126,"st":274,"area_km2":3.1,"density_2011":7254.5},"geometry":{"type":"MultiPolygon","coordinates":[[[[77.68549,12.94121],[77.68146,12.94352],[77.68055,12.94375],[77.68032,12.94414],[77.67998,12.94406],[77.67766,12.94473],[77.67304,12.94648],[77.67303,12.94806],[77.67534,12.94877],[77.67954,12.94822],[77.68057,12.94853],[77.68738,12.94902],[77.68882,12.94939],[77.68945,12.95033],[77.68941,12.95304],[77.68768,12.95505],[77.69404,12.95622],[77.69382,12.95737],[77.6944,12.95801],[77.69592,12.95828],[77.69596,12.95883],[77.69499,12.95897],[77.69499,12.96009],[77.69338,12.95985],[77.69324,12.96097],[77.69556,12.96162],[77.69801,12.96299],[77.69974,12.96338],[77.70109,12.9643],[77.70192,12.96519],[77.70107,12.95892],[77.70142,12.95894],[77.70163,12.95948],[77.70401,12.96005],[77.70448,12.95682],[77.70106,12.95691],[77.70001,12.95357],[77.69903,12.94836],[77.69796,12.9448],[77.69556,12.94532],[77.69476,12.94511],[77.68971,12.94152],[77.68867,12.94101],[77.68803,12.94191],[77.68681,12.94174],[77.68549,12.94121]]]]}},{"type":"Feature","properties":{"ward_no":198,"ward_name":"Hemmigepura","assembly":"Yeshwantpura","population_2011":24311,"male":12926,"female":11385,"sc":3997,"st":319,"area_km2":28.59,"density_2011":850.3},"geometry":{"type":"MultiPolygon","coordinates":[[[[77.50781,12.92483],[77.51043,12.92479],[77.51044,12.92383],[77.51149,12.92372],[77.51175,12.92221],[77.51163,12.92069],[77.51189,12.92049],[77.51185,12.91992],[77.51154,12.91973],[77.51145,12.9193],[77.51154,12.9182],[77.51242,12.91622],[77.51341,12.91612],[77.51339,12.9143],[77.51095,12.91429],[77.5105,12.91228],[77.5098,12.91144],[77.50928,12.90986],[77.51062,12.90923],[77.51087,12.90888],[77.51106,12.90811],[77.5104,12.90729],[77.51046,12.90694],[77.5108,12.9067],[77.51216,12.90663],[77.51221,12.90401],[77.5109,12.90392],[77.51112,12.90289],[77.51097,12.90249],[77.51136,12.90215],[77.5138,12.90206],[77.51405,12.90176],[77.51238,12.90031],[77.51355,12.89886],[77.51326,12.89811],[77.51393,12.89723],[77.5143,12.89561],[77.51427,12.8953],[77.51387,12.89508],[77.51415,12.89425],[77.51384,12.89302],[77.51493,12.89295],[77.51534,12.89247],[77.5158,12.8924],[77.51585,12.89375],[77.5168,12.89362],[77.51724,12.8931],[77.51774,12.89321],[77.52129,12.88551],[77.52818,12.88595],[77.53239,12.88716],[77.53338,12.88618],[77.53796,12.88323],[77.53914,12.88129],[77.54081,12.88132],[77.5414,12.88107],[77.54438,12.88109],[77.54601,12.88477],[77.54757,12.88636],[77.54951,12.88531],[77.55004,12.88463],[77.54983,12.8828],[77.55073,12.88114],[77.55077,12.87864],[77.55133,12.87676],[77.55112,12.87643],[77.55125,12.87598],[77.55086,12.87569],[77.5512,12.87347],[77.54981,12.8713],[77.54984,12.87021],[77.55056,12.869],[77.55048,12.86783],[77.54972,12.86719],[77.54842,12.86676],[77.54828,12.86691],[77.54733,12.86664],[77.54548,12.86738],[77.54543,12.86683],[77.54376,12.86747],[77.54351,12.86798],[77.54352,12.86896],[77.54116,12.869],[77.54113,12.86938],[77.54068,12.86946],[77.54059,12.86887],[77.53941,12.86898],[77.53927,12.86846],[77.5396,12.8683],[77.53956,12.86805],[77.53908,12.86801],[77.53853,12.86704],[77.53791,12.86705],[77.53785,12.86601],[77.53744,12.86606],[77.53735,12.86453],[77.5359,12.86459],[77.53569,12.86394],[77.53584,12.8626],[77.5348,12.86261],[77.53337,12.85994],[77.53266,12.85982],[77.53241,12.85999],[77.53201,12.86056],[77.53189,12.86125],[77.53051,12.8585],[77.53049,12.85708],[77.52884,12.85765],[77.52808,12.85824],[77.52906,12.85994],[77.52765,12.86028],[77.52692,12.86015],[77.52599,12.86319],[77.52995,12.8672],[77.52917,12.86768],[77.52908,12.87059],[77.52835,12.87174],[77.52699,12.87232],[77.52637,12.87289],[77.5263,12.8746],[77.52498,12.8747],[77.52232,12.87423],[77.5145,12.87053],[77.51363,12.87037],[77.51297,12.87079],[77.5092,12.87582],[77.50832,12.87819],[77.50748,12.87932],[77.50624,12.87984],[77.50476,12.8811],[77.50166,12.876],[77.5007,12.87596],[77.4998,12.87542],[77.4988,12.87519],[77.49611,12.87513],[77.49539,12.87356],[77.49368,12.87333],[77.49247,12.87236],[77.4921,12.87225],[77.49012,12.87279],[77.48708,12.87177],[77.48464,12.87183],[77.48348,12.87233],[77.48236,12.8723],[77.48288,12.87331],[77.48267,12.87413],[77.48201,12.87499],[77.48205,12.8753],[77.48285,12.87587],[77.48313,12.87639],[77.4814,12.87711],[77.48168,12.87832],[77.48085,12.87878],[77.47837,12.879],[77.47709,12.87938],[77.47598,12.88065],[77.47599,12.88167],[77.47888,12.88457],[77.47889,12.88547],[77.47864,12.88606],[77.4788,12.88631],[77.48245,12.88587],[77.48278,12.8861],[77.48207,12.88904],[77.48179,12.88944],[77.481,12.8902],[77.48,12.88974],[77.47931,12.88979],[77.47896,12.89219],[77.47794,12.89289],[77.47673,12.89445],[77.47639,12.8944],[77.47627,12.89413],[77.47566,12.89411],[77.47539,12.89478],[77.47381,12.89624],[77.47245,12.89685],[77.4706,12.89454],[77.46996,12.89339],[77.46839,12.88849],[77.46547,12.89238],[77.46211,12.89759],[77.46395,12.89852],[77.46556,12.89991],[77.46869,12.90185],[77.4697,12.90283],[77.47074,12.9047],[77.47346,12.90673],[77.47526,12.90715],[77.47894,12.90923],[77.4818,12.91026],[77.48427,12.91035],[77.48509,12.91275],[77.48744,12.91529],[77.4895,12.91651],[77.49147,12.91917],[77.49269,12.92018],[77.49355,12.92149],[77.49715,12.92333],[77.50001,12.92599],[77.50259,12.92784],[77.5044,12.92655],[77.50514,12.9254],[77.50781,12.92483]]],[[[77.51096,12.92955],[77.51097,12.9289],[77.50985,12.92891],[77.50983,12.9291],[77.50761,12.92901],[77.50545,12.92972],[77.50646,12.9313],[77.50903,12.93318],[77.50994,12.933],[77.51094,12.93248],[77.51096,12.92955]]]]}}]}